t,Y,X,W
0,0.0,0.0,0.0
1,1.7353195608839203,-0.7109711736917111,0.33291015531231605
2,-0.11191190265462511,1.4249516479817186,1.8289859692067547
3,1.3382307240985256,1.1066073121239666,1.9287968441699574
4,-0.5488589791885155,2.3078451048115136,1.073210020255685
5,1.5881966525604272,2.9243627314472627,1.4912167887241503
6,1.7314306000857116,2.1492276858299797,-0.16559600595981527
7,2.887635831228935,1.5408610579212794,1.1347468406303296
8,0.8758608419451908,2.1187796960397813,2.030697563704911
9,1.2275712383894342,3.5369929075999744,1.5120983276519877
10,2.9671168415825635,2.971225924388148,0.5559751226160545
11,3.029505539843982,2.2059261732941673,-1.4295263850075872
12,3.0774060738593976,-0.5835412498803638,-2.9595222615419576
13,0.3046263316588568,-3.4425708877845334,-1.7295988743239143
14,-2.5316679615668183,-3.044495329739059,-2.1237390640642713
15,-2.7779778495705947,-3.0989885594826116,-0.3963128448696649
16,-2.1389565957018593,-2.911212543511192,-0.07366005237834419
17,-1.2642897172656566,-1.9629877772100055,-0.3067820955618835
18,-3.02537892051495,0.46626958426051646,2.0578253116440757
19,-0.8436053728396425,2.1137573120790254,1.6662398378006071
20,1.4402428193147778,2.434923440059225,2.013238466164543
21,0.948589573461553,1.7960143791355643,-1.7144081631161012
22,0.9975644513895557,-0.978510700222635,-2.761749763799485
23,-1.6212428269463817,-2.892238191585098,-2.825464575405937
24,-3.115359404623613,-5.327773308397488,-3.1450210317460865
25,-3.154192154220867,-6.696097259986955,-3.4791501548841386
26,-6.035683274664207,-6.8173308266355575,-3.2768135400969385
27,-5.7657227366606145,-5.920040910680539,-1.9174133551425998
28,-6.904890637491875,-4.8669440462377525,-0.8353987671601025
29,-4.993962920495454,-4.467648543791055,-0.2346055450156606
30,-3.8894610269288576,-2.4727503680203085,0.947939532697947
31,-2.1155885186691092,-1.2904748945821045,0.601062953765867
32,-2.964681566530813,2.0630453686236967,0.25210648142501957
33,3.122928667375555,2.6347204586454502,-1.232181951158532
34,1.7841094357760385,2.2966817615390354,-1.1235413634477385
35,1.2624462225815773,1.4978958311723807,-0.06698642161820745
36,1.802951731147025,-1.6789227360357288,0.2632184007005616
37,0.6499020599611486,0.2746990377897861,-0.5915901742019212
38,-0.1839768738384281,1.0224258685392988,-0.40169963554782917
39,1.2900718146038463,0.5091532612040243,-1.0071018153617846
40,1.5821139837483675,-1.1306963238456933,0.7199299774360864
41,-0.04151532060997465,-0.21207032549400265,1.8774327071191623
42,-0.14829846755781378,0.9149847719509578,-0.6028958927642021
43,3.4373570394408453,-0.00951101160139653,0.21222705936968983
44,0.5391118416854154,1.0354052849910091,1.322522623885789
45,1.227845223493555,0.0352316912760644,1.0964039375848365
46,-0.8933295552266454,0.17074376655414947,0.5119988056799589
47,-0.8883505532860398,1.4002993438752622,-0.46640035305033484
48,-1.421641895916753,2.0668793560236254,0.22617310917981093
49,1.3962147172263453,1.8639620420426914,-1.2397967840082502
50,1.1977827572478459,0.11647899185399313,-0.282745356949453
51,0.7298223181951322,-1.3100497241786544,-0.8795854992923435
52,-0.10803999551120447,-1.157401516522414,-0.9809815814773819
53,-1.2785977510416693,-0.8678533078831677,-0.6663753443978259
54,0.8979797259182603,-1.4527353275281598,-0.5495512999353509
55,-0.2689837758640361,-2.5778798182670197,-0.479981064204747
56,-0.6936851823937331,-1.9065572475346872,0.625683825372981
57,-1.1424226760261742,-0.7110793506246009,-0.8327048030252413
58,-0.5058870154697636,-0.15337526929459566,-1.107119559104422
59,1.1425157414467937,-0.9167463059940061,-0.34699931421325386
60,-0.11353187352311689,-1.457930636836518,-0.6048419751811746
61,-0.8221446649133209,-1.544094946889373,-0.7848586204949954
62,-0.8811641395501688,-1.0930409983719263,0.015349279935650939
63,-0.6523602409094977,-0.0460340405073395,-0.46533267552822505
64,-0.027751966746526524,-1.2188028633696264,-0.49608051964442473
65,-0.6921185529652748,-0.34724368124163574,0.4581820180995102
66,-0.5254725484060421,1.3917401657714223,-0.20196494448253055
67,2.655793780145526,-0.4512568379504779,-1.0152794776933893
68,0.8605132176003631,0.7321775088887568,-3.3255767871215154
69,0.8794045029748018,-3.268417611097367,-1.7594695857118428
70,-2.3862335715591874,-3.218174139103236,-1.5934919450541196
71,-0.727897053666281,-4.9205323853727725,-1.6532937029101182
72,-3.847177225467455,-2.5879403653998625,-1.8472386454919212
73,-2.4671521706673136,-0.9316887931495821,-0.44448254797434006
74,-0.6405177370325363,-0.052837392181941945,0.2909004934655371
75,0.06434748215993392,0.5947164657988732,1.2056564787503883
76,0.29866224203750347,0.6969715294040179,0.6841588763300772
77,-0.6923667499269291,1.2562354959233057,1.5414148839364474
78,-0.0029486182515614523,2.9589092090089255,1.9936056682720609
79,3.2689470935937037,2.98858778085859,0.07893877056488652
80,3.0770135285206095,1.7836976546648182,1.826339933184821
81,1.3123911143822726,1.9535432608457297,2.983786382836935
82,2.316116740176108,3.2543013339745173,1.2861789778835373
83,2.460626418677403,2.086151744570498,1.0650079669390935
84,2.6706289993694305,4.0043639879684925,1.593059214634482
85,3.146196535877854,4.118224586189828,-0.2430825875086623
86,3.7192819777365083,-0.14224690273721485,0.9861102855658713
87,1.3651583017687385,-0.3530205028135762,-1.116443074992696
88,0.7964576740272707,-0.9477976133651624,-1.540180123275869
89,-0.24107884250794592,-2.6141456719446614,-0.986825930510741
90,-1.7588996083772592,-1.3034931455964387,-1.0872058887710256
91,-0.03673349855677799,-1.2475645984253267,-0.6910333759079271
92,1.133137972321824,0.19838892099404837,-0.4676774099804803
93,0.156044728434832,0.9868998092230991,-0.5887945702247535
94,-0.21027099274026084,0.05647889320418206,-0.1604839797486983
95,0.5302493040537825,0.5688048897738283,0.4704023582142436
96,-0.498855618898958,1.8040133930119526,0.40872747983007335
97,1.625855823424071,1.003367553214172,0.1910526461418004
98,0.9107961513945135,-0.3198392743216476,0.17252816049013509
99,1.0296402410714456,0.7535602805344231,0.4686464576203495
100,0.5933511024453018,1.2459739176362867,0.3164802820560817
101,1.7110492187244197,0.2032161957292118,0.22080849206229777
102,0.5094204942891154,1.5422010467645455,-0.7831699766507498
103,1.4444162657929343,1.3166587238637633,-1.1646380544583272
104,1.991766412974339,2.5309922248254377,-1.622400566660601
105,3.0962939132212832,0.821957177847114,0.1637600779018511
106,0.6989017068956432,-0.05010445061650348,1.438350648493757
107,0.11926735034428754,0.345992649736118,1.5021631555083257
108,-2.9475236025882348,2.1259733048047362,0.42355873365143265
109,-0.12476438544232837,-0.556701427854223,-0.06195866694767438
110,-0.3329241696242292,-1.644093659988013,0.3609802197661069
111,-2.3666234310695025,-1.2315270466762294,0.024096411369172205
112,-0.7309287426757654,0.3596908060404551,0.9877047822844286
113,-0.24252830842529816,0.14989076203781404,-0.4720600666797702
114,-1.2414927010486752,-0.8988126692868288,0.5902769737110418
115,-0.6069883056155619,0.22364795173142465,0.5164048196089753
116,-0.9627070070830432,0.5620135854811144,0.29344998991272286
117,-0.9385579223118579,1.649157856571853,0.44768994794202377
118,0.4847592176416683,2.859377587709102,-0.7450692018528697
119,1.71137234331137,1.4926354410238745,-1.1396883925936119
120,1.266074588341872,-1.066535054758199,-2.4911431871092766
121,-2.250060860525307,-2.5247472233491335,-0.2624708891498255
122,-2.3869655260574603,-1.7351171675589248,-1.2340396371317603
123,-3.603055558930632,-1.954131572218335,0.39543328510932285
124,-2.3443670809419674,-0.44250377674644936,-0.5361332262984079
125,-1.6441862130483382,-2.354415415738808,0.37026497350457127
126,-3.0360988427925317,-1.126232977171564,1.4126478632678598
127,-2.3755791970177027,0.4975011994184948,-0.22353256571726032
128,0.5946235857785891,-0.9803586659839437,-0.1376654920907969
129,-2.061696053329059,2.0713234544906425,1.2095940539428371
130,1.7650609360684497,1.1278409466235044,-0.10037566275737986
131,2.5672938135027534,1.006655129702042,0.928833111676023
132,0.9903800100387212,-0.47768552812729204,-1.7040011872308762
133,-1.6511230087067488,-1.851751827738462,0.5506501272805953
134,-1.9746743469348838,-0.7788908421398865,1.2353771320063514
135,-0.909929522469638,-0.4443765657498837,-0.80534814227543
136,-0.3074046392589857,0.11756703530051393,-1.2977556434461333
137,-0.3105357434984103,-1.8627999520545804,-0.05693013349484799
138,-2.3006449214780886,-0.9837623001606742,-1.3169080853622208
139,-0.2835580824485522,-1.420911766087158,0.797633774045987
140,-0.22942086443474252,-0.01484904967447806,1.8873636196846189
141,0.313959082559086,1.2973267971903732,-0.38591821648010827
142,1.951216794131458,-0.0007447432567762036,0.44058264811911374
143,1.1008899658596165,0.8366188215235537,0.2580476413074572
144,0.5125686365860839,0.6710017237656164,0.44904225819566224
145,0.5196464925848472,2.4319277413539444,0.072080287681526
146,3.5267840965562307,1.8146765976612558,-0.6805375067625928
147,1.2445304667083918,1.5783193377741997,0.0004138982994881246
148,-0.34507748372732583,-2.2472914830562876,0.28517558159123485
149,-4.072979152814481,-1.9799497924255174,1.1241633891661682
150,-1.5453243035341393,-0.3201871859367985,0.2648796517096091
151,-0.7411439179766031,-0.29764410330456553,-0.12360944405217258
152,-1.546021520993416,0.39814531782987705,-0.9481137519590526
153,0.5709828160794012,0.1521327302350155,1.351303363989299
154,-1.0357337098413146,0.06366758992677535,1.5022353006979507
155,0.29307896122478233,1.9049096156387477,1.3634912885433863
156,0.9074930181308667,2.2236193508559943,0.528358142490652
157,0.7094733135639075,1.9593446459416615,0.6015096116288623
158,1.4645533375068298,0.16933392376737055,-0.6790783930818151
159,1.1774786131459674,-0.024237201896148315,0.2992187806809993
160,-1.220508606181479,0.5615082939427054,-0.8756514981768003
161,0.20625074107507513,-0.9599621486101995,-0.21307447548136543
162,0.7806514539331222,0.7393675797293595,-0.8556106501878376
163,2.0458579705086786,-1.7994681661025238,-0.8472609923773359
164,-1.1625100978553937,-1.8348869803372085,0.06002866241417826
165,-0.006971965695646842,-1.163609546074614,-0.19663795008332802
166,0.5143712311733664,-0.34846249944598734,-1.0224686406621029
167,-0.9139726958233728,-1.4414884708929514,-0.18531006711624953
168,-2.418423072450976,0.6939715115024034,1.6051719030979366
169,1.3522967055429274,2.31015312745903,0.4945828494029062
170,0.8284933972119,2.3367465683713022,0.2824271763860909
171,-0.3203511291682224,2.083011600557114,0.9274378967698618
172,1.1298838503093271,0.714609744144919,0.42058958090895393
173,0.9752833594955019,1.367002627954808,-1.154098458911677
174,0.8365740401904105,-0.2719139800358239,-0.2653404249903247
175,-0.8209021224090387,-0.15497046549678895,-0.2531009761877052
176,-0.39766550692670305,-1.2064558349744403,-0.5914510085441933
177,-1.9146781869444167,0.27463414535013975,-1.2399088539624614
178,-0.8903822029205343,-2.8308231876194068,-1.2268881919438983
179,-1.598909359436147,-1.7496072405748082,0.1643332213198212
180,-0.5680644375879422,-0.8845695806796346,-0.19169620592440556
181,-1.543693217582402,-0.14144259433599815,0.3275720105705136
182,1.2667046805420017,1.6032990308919672,-1.9109575844071927
183,2.1230073128256497,0.43580904557991584,-1.5659537746117353
184,1.7937425385804786,-1.7565088350088356,-1.839922181365109
185,-0.6859944474802069,-2.0507721166884223,-3.5596820732876484
186,-1.8911213424237743,-2.8052713261973534,-2.817829429791338
187,-1.4131023990105935,-3.854647695495162,-1.3046130420079107
188,-0.7921752892765221,-4.0596617874561725,0.7221913385756963
189,-2.7807598498089887,-2.576587982180193,1.6182612042338558
190,-3.8032827613384805,-0.8280847786793457,1.1325288320912066
191,-1.0606948377416234,0.9665065933523393,0.9886108822581018
192,-0.33517764188459465,0.6953430556568252,1.799276823785355
193,-0.017437047138367148,2.2755726499575,-0.11128615347870419
194,2.3223286306608077,0.883277105446635,-1.6858154414774504
195,-0.05025141825850066,-0.18148707586106227,-1.8781161485676723
196,-0.8710046748989213,-3.4704541296159626,0.10264879749157796
197,-2.2336503926993556,-2.9899853785641906,0.07894877931065461
198,-2.302235616004122,-1.837211106160228,-1.4693460037755794
199,-2.405940729248427,-0.49275745465722,-0.9781208159803867
200,-2.558804928424537,-0.7465925586166078,-1.4281646543795814
201,0.7828753710450942,-1.8333736040986868,-1.7192260974192712
202,-1.8050975598938812,-2.2747831277304247,-0.3278949044384969
203,-1.9518265864173547,-1.242452017460106,1.5540462556077705
204,-1.0790218577909985,0.330523317612947,1.2069946237011766
205,0.6913759111963007,0.4400310399224946,0.6802157455632492
206,-0.22143742796305155,-1.3030975678772083,-0.17514054019887954
207,-0.6896426635708763,-0.4917696785814667,-1.7369450493961438
208,-0.6359990400450347,-0.37645428015081084,0.3467607974559592
209,0.1952528657570096,-0.5539033377347751,-0.05993778164194882
210,0.278865675176185,0.12228415206790319,-0.4597471884281742
211,0.8566528045673716,0.8164187832458457,0.6364033921273322
212,0.7843202160685087,1.196475964843087,2.480491294889719
213,1.005493835246231,0.8588974360820372,1.5424415714604713
214,1.939593230064812,2.770541129339451,0.5821643007444781
215,3.2803140480141484,2.8502940426192795,0.4755259429092038
216,4.646808172265151,2.119305568247793,-0.3092646687586182
217,1.9902638659948595,1.0496018671404757,-0.21274357668514005
218,3.424697570766699,2.0723174195012826,-1.2959143530320814
219,0.960000676665929,-0.42286466984276727,-2.8323070499204737
220,-1.2233807236665832,-2.5514578295536885,-1.9825093616496177
221,-2.0550534146358843,-1.2403949938601901,-3.5782997963655987
222,-0.16450068935131557,-1.8266061549825137,-2.8342903699264985
223,-1.6732787849683837,-3.3689932767876636,-4.477763578052521
224,-0.6509991553540131,-5.760155313060554,-4.380056353120294
225,-4.728597747530454,-6.506262591247385,-1.9412269023407984
226,-6.591579894918658,-3.619731727899949,-0.7636639290714103
227,-2.0474804571441734,-3.3416579600020326,1.2646375607173583
228,-4.871635364180046,-0.4537382355260754,-0.4541357135732381
229,-0.4758244519766735,-1.0566389731742203,0.9231044107394579
230,-0.09455108146176183,-0.5267196115677041,0.2794114169915785
231,-0.7162217006265362,1.1399910217609037,1.3614437599703189
232,1.831985671972515,1.7136447221920448,-0.3858039133010496
233,3.18620637001498,1.2217047715809333,-0.20408104032918148
234,0.90887818522968,-1.2567768005812425,-0.036895667051487
235,-1.6754262429557805,-1.7369623776523129,-0.042250353591329434
236,-0.673904747406336,-2.1537069599173195,-2.2525537128248363
237,-1.7125231346242817,-3.0089215205985407,-1.624299207084848
238,-2.734863565004428,-2.0778587197288,0.17138260189586907
239,-0.04481523134285026,-0.5394914182609546,-1.492176610453014
240,0.9286572085118759,-3.5687009452564924,0.6972047270308054
241,0.0293206300931117,0.04051830474895601,-0.4230703411718675
242,1.063911252907596,1.3216727968336845,-0.33662471777712677
243,1.4919796496834852,-0.40807591064993287,-2.347200016866705
244,1.2683641372906287,-1.3681564720030432,-1.9089131080578703
245,0.8396361914935344,0.5821158742006087,-1.7318038753308598
246,1.5360488784271649,-1.2562680075321626,-0.41556147080732353
247,1.5823219358966467,-1.3690399270294806,-0.3395980499825876
248,0.6817414127214882,-1.1348189829741118,-0.5643032464320732
249,0.13785568436149834,-0.35995408416789004,0.45031305491615425
250,-0.24533630356934583,1.0568409244828008,-1.176277662247981
251,2.8679862563775256,1.119174861620483,-1.630805341332671
252,1.7511727333879104,-2.397417505423499,-1.495108082435003
253,-1.7789597896395086,-2.3703669877671727,-0.3866457177290994
254,-0.9697002743846668,-1.769743921397173,1.3542998869527783
255,-1.3976948679886734,-1.0123183446996102,1.4760587260026043
256,0.5942667148166436,-1.0120527085239373,0.011275329242960597
257,-0.11016813068932932,1.1987281862238799,-0.3136402660623432
258,1.7427616188518726,-0.438531383080365,-2.145983963045524
259,0.9047296701846095,-3.1868981418831277,-1.2188363307649972
260,-1.3114142919594025,-3.9810913491579214,-1.9848154439468826
261,-1.6368935736873693,-5.876472250187865,-1.1331026242860551
262,-5.006282902927125,-3.988545036979586,0.0539794496933268
263,-3.328867785896162,-2.5357111256733127,1.607898084190974
264,-1.2876092890348307,-0.3266185919578326,1.0826213938730083
265,-1.2782490821548471,1.988682853040033,1.605101626091178
266,0.0352154157779615,2.6160203300938245,0.2127354367892884
267,2.2903303534077266,1.6430278969859187,-1.1009603835105517
268,1.7357657834267328,-1.1385995854598692,-0.5430017513696483
269,-2.951508950757291,-2.5030326757609664,-1.9739760398148323
270,-3.697847544244583,-3.2748030036536706,-0.8089502874782613
271,-4.2647984228824205,-1.3113818644755615,0.007262081906269979
272,-1.883518269367601,-0.05571930104707523,0.7547682509881756
273,0.08028786880433253,1.5228584249536268,1.2017495262001843
274,-0.2193975292530027,0.8111701768893625,0.4732146557633194
275,-0.6844278039757136,1.2882363477217802,0.8549736513015648
276,0.069548063592763,2.2683306795781553,0.6110819044421427
277,0.8614058585211014,0.7354426213100265,1.1169771311247108
278,0.5489968319615379,1.5036474612318624,1.4003278908074082
279,-0.24836339297970245,1.4766389229333305,0.3563413519612531
280,1.69561980850008,1.234960052413053,-0.4239312563837071
281,2.398028905001439,0.19550807622439903,-0.48764299544867934
282,1.1130260812175843,1.080967553347298,-1.1796352201546818
283,-1.506044704569603,-0.28886715143666986,-1.2798613504397065
284,-0.8089042907160049,-2.1139301580296594,-1.0867611603936418
285,-0.6255552126532251,-1.129649263215763,-0.2407935506030921
286,-0.971919700587407,-1.3920262008149775,-0.7564184351383701
287,-0.08948184015071958,-2.8880339840127873,-2.028937686019696
288,-0.8600791112372834,-3.253528542811038,-2.846885039454736
289,-3.369319685853763,-2.42243254199812,-1.184036378434281
290,-0.5794394685975588,-0.879539236805162,-0.7498764922781145
291,-0.43945726635468585,-1.13273423527809,-1.1931416390965124
292,-1.349539400184503,-1.807699977684471,-1.5627656960676886
293,-1.4242884080338023,-1.395366471259492,-0.19155093413775337
294,-1.2408777846430243,-2.6150723386018715,-1.283778802385771
295,-2.8807913573461446,0.07782709414871114,-1.254994559168817
296,-0.7876282247391484,-1.5133940998503945,-2.6133564989364277
297,0.4371320876970872,-1.3707951212411866,-1.8578644647510305
298,-1.1229761983518738,-4.244549882903742,-0.016711632110304908
299,-2.7796833145520363,-2.9397047874464075,0.21776688812517356
300,-2.2855663831048294,-0.6102347158991821,-1.668946575722749
301,-1.7535835711289876,-1.093931215844608,0.10525873794053253
302,-0.6436122529762007,-0.45138584586735375,-0.4990003725021137
303,-1.457777359179889,-0.9894362968313881,0.5280033203118204
304,-2.1638449892067624,-0.5339014117573002,1.8917158353898988
305,-0.8344563741359414,1.1321897806882608,-0.7989376993124151
306,-0.8663731405122259,-0.8048347802876863,0.08492997399525787
307,-1.9978761846708926,-1.073051695752627,-0.4257046820334211
308,-2.688119531034216,-0.8008192287123685,0.8755578101694151
309,-2.061885170907366,0.5853970596615048,-1.0116480332046045
310,1.2854376501619804,-0.6454004611117938,-1.2353476302491986
311,-1.0436709598098917,-2.4679889556805477,-1.7976001666737083
312,-3.2963841688299897,-3.4912387843452413,-0.244513987300789
313,-3.320439935583012,-1.5125172439596117,0.027534119857351325
314,-2.685434875970995,-1.038414951437105,1.02394293591479
315,-2.5673525312235244,0.5973488495772249,1.7009792492624267
316,-0.31640198203247266,2.1948708909743146,0.9477692164532391
317,-0.3028582351792819,1.3140829472199977,1.1942364997816488
318,-0.21883472532822135,0.5579097728118796,0.7312934385909671
319,0.9942499638392364,1.5725772545529164,0.566718813122276
320,2.689372857035967,1.9956076748988423,1.5340606395513754
321,1.9703447878207485,2.4333739220435686,0.31787789503788066
322,0.9318247051519575,0.4549546456369986,-0.3465186895229053
323,1.2886802773599693,0.30110301278352164,2.0261552697251433
324,1.4063061371306937,1.0379964203314218,0.2274784059634838
325,1.1008412019240088,-0.005776694016604855,-1.0298558527703572
326,0.3743673917506336,-0.9730255112506184,-1.6276389870104815
327,-0.2902800314632871,-1.8065532686582366,0.09085556434755715
328,0.6664428862467797,-1.862008546114049,1.8104550722078048
329,-1.1544094093569346,1.4003650722158572,0.6199086898484235
330,0.4050371418776383,0.36527823619834676,2.241356119552801
331,-0.7671835951385295,2.7456753764911,2.746369452850187
332,2.8249808339231404,2.116315320371398,1.682530418049542
333,1.3712173020929859,2.1687243192314507,1.509081697964648
334,-0.4352744819154495,1.8173707183049677,2.335433298812945
335,0.45884016525322824,4.504887613662264,1.6217398676832624
336,3.6562048086853904,2.3569671647685957,0.32242583122601853
337,0.6490120222107112,1.040557879432109,0.3009890768898399
338,0.31926133200166673,0.3842196905339743,-0.7502149211762664
339,1.4336098853707608,0.1057801973034248,0.2863359053508886
340,1.1374837945319158,0.7221977095602901,-0.77848619270474
341,1.0127944435312843,1.1203054898146954,-0.4094472696055935
342,0.8907271547474435,-0.9506078093778983,-0.3513315340777797
343,-0.04566957870649313,-2.0329674612240742,-2.6798755764322184
344,-0.43253879068856693,-3.9521038516056874,-0.0709880388077333
345,-4.108161397927958,-1.8721481472321964,0.6382170048542276
346,-3.0626022820812,1.932042159154398,-0.9342884647229175
347,0.3941287063564607,0.6135028261705553,-1.5337934621484264
348,0.8933943924518762,-1.3373788026136397,-1.188863196163814
349,-2.7005767132896707,-3.42741387385073,-0.8173889448765368
350,-2.4119622329165904,-3.78053751436992,-0.052335625937193264
351,-2.6802591727531277,-2.549671962217493,-1.1052022104106363
352,-3.223333743201355,-2.3196487653446556,-0.21796716693155488
353,-4.390096004790251,-2.5462687888581446,1.9307157392443335
354,-2.603772624617743,0.6732523242969886,-0.30554012321902024
355,0.9602476922142675,-1.691943874035639,-1.1235495694845505
356,0.30128931808851045,0.21291436235136807,-0.7886557816888574
357,2.4206568003207707,-1.4701035249993226,-0.9085088418211873
358,-0.9682018993726392,-0.7468273857570196,-0.41546912677782655
359,-0.6395853869671997,-1.365936504993392,-1.6489861840975804
360,-0.5996738101755221,-2.4126849197412037,-0.6984246347531142
361,-1.9699561669456622,-2.734885036458121,-2.4830363623218608
362,-3.074248963422062,-4.792174799090744,-0.5767849385530064
363,-3.817678753011904,-2.581868940211984,-2.329520925465824
364,-4.13816865394932,-3.6971789641953827,-1.6710581195257954
365,-3.638867276434694,-3.267017315678456,-3.3132872683388253
366,-1.5046075236149365,-6.639165852917747,-2.4672703252534465
367,-3.913338173075155,-4.097532697796158,-0.11033897156518302
368,-3.6950495540304935,-2.82764528676508,0.2091468360900427
369,-2.9495117345059243,-0.26698147593681476,-1.1256968829915708
370,-1.442046551391359,-0.49841627563194024,-1.6934477736791795
371,-0.318542492768097,-1.9198086196732316,-0.575523470872954
372,-1.9129485015206946,0.06200771764314439,-0.6708376276391494
373,-0.1637497474066809,-0.16163117130145432,-1.982107418078071
374,0.20284111748004313,-2.010066274159577,-0.9264288893495314
375,0.20712331587068156,-2.6022942428026603,-1.68716022938071
376,-2.405049009131564,-2.4736722673638076,-0.00972524998769364
377,-1.419018915717623,-1.048466120851504,1.2774264928885295
378,-0.3680268862138111,0.5334401771232775,0.5258005907266361
379,1.7141808114228552,0.2965892072436974,-0.09953224838000768
380,0.5670620558230255,-0.514056050162047,1.2935085544542813
381,-0.6650434493638142,-0.1399673270558992,0.9091336270348735
382,0.703335356023768,0.5820397114245465,1.001938793287764
383,-1.055762058099784,2.235989091877265,0.7690223641700488
384,3.3909564952891516,1.9505388647141952,-0.038046462107856616
385,2.0270651920304736,-0.4533968146367946,1.3679432763308819
386,1.099695773942022,-0.6696295622883477,1.3869829468384425
387,1.3527320211497318,0.5351466758026977,0.3483153197573503
388,1.004268953269777,1.7785901061180172,0.10510782425873846
389,1.5845947734750807,1.9443168981113006,1.6885670923337317
390,2.55599124112118,1.7755913672466508,-0.5852202724589937
391,1.4766224126593683,1.4634188264777683,-2.7213253232139203
392,1.7417309511313583,-1.4213176950087858,-2.0051455602801838
393,0.2858985246390915,-1.8813850475178224,-0.6044112732429213
394,0.5295235164940396,-2.5316782861501714,0.8322336323984006
395,-0.8170015526645584,-1.4446154166597176,-0.01234084864448376
396,-1.3290902169911218,0.12300153059768387,-0.6712099888474458
397,0.6771853491776626,-2.0330911820306166,-0.058199505170877075
398,-0.6809989725799418,0.650201246670095,-0.37903275207909676
399,3.40197897135082,1.6159408941648854,0.4815523324737789
400,2.1174934517195654,2.191185941803721,0.537730149216499
401,1.1923812369742766,1.2369201299367956,-0.7588176081133632
402,1.5354436103793807,1.1936276164303263,0.15491604756290545
403,1.1422228896184794,0.5683382806514439,1.5254409872664625
404,0.5842741227792001,2.6504679539354994,1.1264338860811
405,3.306445983334541,3.4427936267268633,1.0568269982510978
406,2.2371159088388515,1.6703573621924828,0.1547280382693932
407,1.9938663017325466,0.01684159322526857,0.3168008727416107
408,-0.42182844312913054,-1.1790203429893358,1.4681036019973495
409,0.304790596703312,-0.296074007223855,0.9974561191349685
410,-1.932706548576042,1.5667347828227183,0.9504831354795928
411,0.573601313367691,0.4341880185417025,2.6831905583205042
412,-0.14257643398918232,2.152405864658797,1.9245252669683848
413,1.3923547287558986,1.6634886607623804,-0.4539502659935333
414,0.40784884747698036,-1.0431802997396002,-1.343515246222516
415,-0.4781203680220223,-1.3046289250529313,-2.2065357123075096
416,-1.5911075534012065,-2.6687927993821496,-0.7918453193053577
417,-2.5958534216390996,-2.868902729821945,1.94714425951585
418,-4.690279333926657,-0.8503666923060914,-1.344777779239404
419,-1.159921921536508,-3.0492751334698927,0.15673375662761047
420,-1.6476271407091696,-3.5006638504787113,0.16409745433974868
421,-3.920079633009257,-3.13812270419157,0.07135089625340618
422,-2.6683983244417275,-3.193998280073262,-0.3668476036869525
423,-4.199954529347828,-1.310784901791504,0.10263453786006382
424,-2.9040674655516523,-0.7607811933601856,-0.5303946896739937
425,-2.5633018999523105,-1.5684322228838663,2.050859132702857
426,-2.267291564968535,1.4237646089174896,0.739920904474461
427,-0.21626921964445467,0.3748582054555123,1.388467012344348
428,-1.2856423136469162,1.0356248577149958,-2.378152872111146
429,-0.5194137601896553,-1.3788245265096992,-1.1757651455938547
430,-1.0499100765734914,-0.4191860608863893,-1.5014209202439213
431,-0.30907308418983354,-1.2216310675562128,0.11931590426548178
432,0.18451879812711858,-0.7119894306145103,-0.05815319144974068
433,-0.9583007747523828,-0.008683286342736324,-0.9248829512830045
434,0.9572158652494097,-0.5013539832849039,1.7027276164858138
435,-0.009360388059703462,1.8599583740236307,-0.1670004424060776
436,2.0471054188316864,-0.9846213241896788,-0.6466821404703581
437,-0.4367947320944494,0.2496055371000776,-0.725719101638097
438,-1.5358027898065536,-0.42824478311480785,0.7718991804885782
439,0.10627876807954334,0.30935217023176964,1.6577415303437861
440,0.22323151530052812,2.016995464130936,2.3763934152023993
441,1.276210607408073,4.683242449449751,0.7611451167159027
442,4.606275684217346,1.026173175791217,1.5063517380019134
443,1.8482106108153342,3.865308532672955,0.6247917575489337
444,1.4094499571342278,1.0390619628320923,1.3827582139334897
445,-1.2658765441259696,1.6599871486928337,-0.010101091966994824
446,2.023397247746831,1.0734815090372267,1.1154518033015752
447,2.0529626009028963,1.7086077903862837,-0.5631550058863934
448,1.1138053776588068,0.49572610465574407,-0.2946784461168971
449,2.0061968522383893,-0.1200178351632473,0.36913474372473754
450,-0.19552653854959912,-2.095760962905293,1.155924686879056
451,-2.220082030045972,-0.25087835517596074,-0.08822457133432993
452,0.8373284922011451,-0.32217471771839123,0.2906344283701472
453,2.197607828762856,0.21723132807748774,0.2918908813569138
454,0.6950660190180674,0.21407666932710673,2.1978163425765715
455,0.5787071290603026,2.6779584015717677,1.1684272325194751
456,4.7506226899974004,3.3405901782871217,2.3238552285690965
457,4.459160434690654,2.196069498732086,0.5577834935815466
458,2.6005623270241105,-0.177256495910876,-1.9562432268201677
459,-0.014004877771945368,-1.6568373881776008,-0.6569437056236853
460,-2.042453324114488,-1.507632587557194,-0.8419316632327509
461,-1.3617758614735527,-1.3999885570951014,0.7818892812476083
462,-1.717401281355484,-1.4389139763684966,0.3991488079648547
463,-0.616468619271696,0.7359272857343839,-1.0290818283968095
464,-0.1162236220882662,0.12997021043026113,0.4900820985442318
465,0.7882598527403937,1.7217899957282685,0.06707090082778355
466,1.476643915364845,0.27933646190802836,1.7391167492509454
467,-0.23447429264246386,-1.0039453677231862,0.8629008670049028
468,-0.7531053895809545,-1.3283429170761707,-0.5501568213597957
469,-1.7279539911417454,-1.6600483853131718,-0.5603458529633938
470,-2.6687999323293736,-3.0621658893715846,-0.13864851394931774
471,-3.241058359267801,-3.38311415241801,0.08413898648647762
472,-4.091417287714025,-0.6395624320178448,0.9624608657264025
473,-0.6881153294211826,1.2950919720918834,0.5054827312427486
474,1.0230828717646814,1.5108534834366618,0.6840248121580221
475,1.5877871827636283,1.880170483426498,-0.532993322124385
476,1.9662197802611772,1.1117614195135268,1.635775498348514
477,0.6509976846422162,2.5333707469413356,-1.0708788106695881
478,2.1383771551763013,0.17918847421624234,-1.3469154381676467
479,0.72985370497931,-0.9805334949585871,-0.6883808837431034
480,-1.9070037953660866,-2.634991754965821,-0.19372477921800207
481,-1.7113018597654737,-1.5627976002118815,-1.6172256166525687
482,-2.2234741062840038,-2.810572178069663,-1.5908906963657872
483,-1.4183785324320182,-2.571771138644254,0.09520772244195219
484,-1.4636583537243082,-0.9505451704616248,1.328428446988152
485,-3.2998399717351345,-0.1514196588971708,-1.135915544502144
486,-0.38367275658052236,0.039701240480132016,-0.27069405611610214
487,-1.0055568062297966,0.19795598311787382,0.5772889117329327
488,-0.43490492129610947,1.1676098052657304,3.103496556933937
489,2.0092010237466065,4.665563452178254,3.697479823721674
490,2.8347589978762384,6.817694953252312,2.795554348997427
491,4.402208598464437,6.140865511096375,1.4893930921679395
492,4.566636716887482,4.757352485263026,0.9229461177285175
493,3.8900514208602996,2.263089800417209,0.08361721795118854
494,0.5862551601433803,1.896297629947532,0.28634738275593885
495,3.0994470319608975,1.335997700186329,0.6662745987853416
496,-0.4244896544770851,0.984069715498186,0.9702668242230428
497,0.75141927429784,0.40842132254213515,-0.38566062323775563
498,1.7322991395024738,0.43604668607139085,-0.21545785510793392
499,0.5140822231694332,1.2052165057908044,-0.6356521180369341
500,1.295618619416242,1.0168896710517736,-0.5999159692345687
501,2.175157059037307,-0.55178305265755,-0.9031506556220822
502,0.34678292739531935,-0.41054907729830775,-1.410254817325593
503,-1.4523484938003324,0.0753657215996737,-0.4521786964588994
504,-2.538430794800538,-0.19978606271759997,-0.9631130009722809
505,-2.3433861791576582,-0.3604529328403654,-0.9454091753058359
506,1.1139153388030323,0.4555309557734999,-1.0726529486826444
507,2.429588472349395,2.483265281146556,-0.21345030049707897
508,2.1546839964948195,-0.1511732879371417,0.026959996361914373
509,-0.5303088776265583,0.5219880924805218,-0.6299029728631391
510,-1.0570764470945675,-0.17193498828537185,-0.4897733881478241
511,-1.5032693305644544,-0.7390046665686858,0.02096144849282522
512,-0.6876299135108117,0.2266785525803089,-1.0829826840594152
513,0.45741903233684256,-0.7734385068485579,-1.0675986040977394
514,0.15452699562110273,0.32330069354125923,-1.32185405977522
515,1.4056255265953526,0.23132818499348473,-1.5389999695001928
516,0.8706106264303763,0.09136764585734702,-1.0489133719698769
517,2.026057836054645,-0.05926999833078972,0.749386661625698
518,1.7944919692728734,0.1554296675226423,-1.0490517914377882
519,0.8973945599167437,-2.3110951539347315,-1.0070593057396349
520,-1.9686467995189112,-0.5500895828004815,0.7801628794228828
521,1.084597464260327,-0.01527138292615482,0.19488259791912516
522,0.36510323342710094,2.0926387283258725,0.1126220396785173
523,1.611836648914581,2.3050059573252732,0.4457924848812998
524,3.8721026050746388,3.1349236440006227,0.9607401260445416
525,3.42423168819129,2.923699967708387,0.2850182006347738
526,3.2850626895467743,0.5185713310851192,-0.3261101277035183
527,0.7646673000677198,-0.37694941119059977,-0.06239854788890864
528,2.3126235217749835,0.1478506095779005,0.8044298298312168
529,0.8361472121101732,0.7785774847773815,1.3424430481189287
530,1.3468681663249198,2.4267928989478755,-1.6301707666108967
531,3.6490450188533936,1.322027513718455,-0.4712251020735977
532,3.427365884050574,-0.5215538478659918,-0.3136168912872856
533,0.9672395868581066,-0.6345844872586821,-0.9407096576236654
534,-0.9602264385113594,-1.7537301220705874,-0.9804436357423476
535,-2.093023768982544,0.3005521941997018,-0.6966559748535607
536,-1.17722561634287,1.2026017323200209,-1.190099367015582
537,1.404318945113849,-1.0165585167701736,-0.587385543155621
538,0.9260624931860628,0.20993348414584978,-0.45299412834066694
539,-0.7777942145777625,-1.3184898304621913,0.33201055301477467
540,0.6070959289003537,-0.07614439273456561,-0.39597666307884194
541,0.910543967220764,-0.701938547528968,-0.35151060807508894
542,-0.8684690474603808,1.2215146780487187,-0.8129683573339546
543,0.8819353353795654,-0.06317006035982944,-0.9032064321701541
544,2.8681143739068076,0.9555629900433874,-0.8540840752517007
545,1.310795253886405,0.14821027959163455,-2.8624117079279157
546,-1.1723419707216238,-0.875634446049163,-1.2021117076323937
547,-0.49069406257528025,-1.0369970138876785,-0.2384587685529615
548,-1.0386721398883347,-0.7263353396138986,-0.6151161247494759
549,-1.86619858215077,-1.1560503790782555,1.4428620116749844
550,-2.9752452221880255,0.06427273292323477,0.4797188629774947
551,-0.2641179672965073,0.941989536957726,-1.6832831662891181
552,-0.2927812896812241,1.1111775084125477,-1.7273458928647076
553,0.7268235769776508,-2.654058439218903,0.36251244439438657
554,-1.4704556657386167,0.8261071726992619,-0.20232276388432416
555,-0.0005791207779146657,0.0900320846839722,-1.8500548733945006
556,-0.6557047721096303,-0.5119924681794614,-0.21319119800155206
557,-0.7532558588765587,-0.393069673200393,-1.327736453866013
558,-1.3114220558865535,-1.0994109583698677,-0.08936891040328065
559,-1.0558408121719072,-2.2261181902532545,0.06811475488755818
560,-1.0682472985501863,-1.5741898909156733,-0.24685858073328898
561,-2.827591203767407,-1.4228446794980034,2.1046203854978445
562,-1.647998399810475,1.6161569189605456,1.5624448516378497
563,1.6786950955895201,1.6312576969091492,2.3918120935540426
564,1.4394503248714348,2.1455916538406585,1.3087325523363014
565,3.857846350085584,2.516544415957295,-0.5342520996287257
566,2.781136820472078,1.3878451526208144,0.6816340990146099
567,1.857974644807802,0.45844542711138403,-0.5144691354333928
568,1.021410871904894,-1.56909792141772,1.6844186916824624
569,-1.5106375991288599,1.0047601487524176,-0.6755925602239754
570,0.5208550627975783,1.5069854078449063,-2.346681507192921
571,1.355059244938885,0.017226233892701948,-1.4109209084832124
572,-0.3077701083299835,-0.1913058895654628,-1.189300028704906
573,0.7710758277725683,0.25492031207912536,-1.4323042259628733
574,0.30385500334857757,-2.3629706033558637,-1.1149263819707471
575,-2.6123164445963427,-1.4038942598306736,-1.3864356248902125
576,-0.015285027290109054,-1.5100030574496992,-0.6492279769334128
577,0.15079152340413005,-0.3721820455352096,-1.372500438775956
578,0.6756244622808099,-1.8072239387509015,-0.8857807956720647
579,0.20968480133963197,-2.4485625968732005,-0.303787864531637
580,-1.1157232140470779,-0.7443483085693361,-0.6403181866453227
581,0.3684606247743757,-1.0944230376191426,-0.670796608382343
582,-0.034903012046554105,-0.8540955325960756,-0.7908539476667553
583,-1.2092881760541516,0.19556464113580496,-0.29724498446490666
584,-1.2461978448047877,0.9934691276807424,0.685026423301216
585,-1.7511791021423395,1.9779164508114575,-1.170604452164197
586,0.7652688767285888,-1.3436587038293344,0.4132936300656659
587,-1.5071545402628288,1.0052197678776613,-0.006574307489769615
588,2.068810352370577,2.0091760806853696,0.20637571988588407
589,3.1701911149547928,3.682100331632833,0.4233649879479494
590,4.622217791810928,4.154384442363508,-0.04061603543695713
591,4.8755400374834865,1.0428570984313075,-0.27215607906560507
592,0.5165669116996052,3.881170740473495,-0.4081117346182419
593,2.9239877032554857,3.1095747639105786,0.05362558967121067
594,2.9267711249429134,1.6923364348586565,1.3485150712897362
595,2.191332183483894,1.297582723660208,-0.1369687635211494
596,0.8679425297072833,0.03930532840837242,-0.9493638821463245
597,1.9162993964635129,-1.7584802999783842,-1.2922451780827204
598,0.5842886028830558,-1.6719298907267202,-1.0608720836935381
599,-0.7322318524733908,-1.2264461414146566,-1.479066544606846
