t,Y,X,Z,vol_X,regime
0,0.0,0.0,0.0,0.0,0
1,-0.38619413069904684,-0.9588179702362258,-0.17326166620669514,0.0,0
2,0.01482847442546853,0.02795630370723312,-0.08782385611546623,0.6779866886775566,0
3,-0.0015921331747997397,0.8700589060160032,-0.22100566750591574,0.5618180195700276,0
4,-0.14868501752347785,-1.149716579738755,0.04653614372277273,0.747482822763875,0
5,-2.2918069097742255,-2.209751268211864,-0.2742790767927562,0.8224799015787754,1
6,-3.9681058282494184,-1.4023413407955578,-0.7921621009800428,1.0892434374499977,1
7,-3.0018459549992853,-1.30952675975632,-0.8225877776273836,1.042913689661966,1
8,0.29395457099747424,-0.9328374286102584,-1.4407837879316623,0.9901656256324839,1
9,-0.2850252113093236,-1.4116404505824849,-0.9321165334314593,0.9278728724005955,0
10,-1.2705191014837074,-0.21693706460782058,-1.3410068624510434,0.8969700823824845,1
11,-0.6986970297904905,0.5237426872621547,-0.6866954235921708,0.8765826965560568,0
12,0.07291035290620285,0.4227286124476655,-0.5609709675109416,0.9791433348206391,0
13,-0.48633532027316345,1.189290251141439,0.022502605486514532,1.0198130824931597,0
14,-0.7643975673840662,1.2158069523806558,0.24498773190762108,1.077165864926135,1
15,0.5824493115092608,0.18004214432415866,0.22402625182791636,1.2070672039523065,1
16,-1.5869936700441278,0.4129418708546596,0.3981760245883415,1.0363436967250705,0
17,-1.8835864388360264,-0.4199025258145818,0.43675811713906,0.9529389913342724,0
18,-1.2397965196345346,0.3650345246241382,-0.13377499217417188,0.8525811767670719,0
19,1.587406692867574,0.21798628509183676,0.5144799684688885,0.7736377411804441,0
20,0.2417289701118972,0.021551763364061616,0.21223877180025627,0.5205666822125767,0
21,1.4331754597732433,-0.4439955774730084,0.12437239343703319,0.49453039747643857,0
22,0.3076406471799261,0.5049675864605672,-0.034737999967106484,0.5606958075847598,0
23,1.129831918950377,0.2435526817961028,-0.0012817456379104475,0.5630309949474747,0
24,-0.6793129162522102,-0.11895251430465595,0.23812108791946468,0.47399507228141063,0
25,0.6001928602282625,-0.3136032378496638,-0.08855616591154739,0.3322145330470308,0
26,0.6586291902627819,0.11724619465461325,-0.293210874760502,0.3543319443996508,0
27,-0.4620058261204616,0.309475635531659,0.30908583242259663,0.3320329360094436,0
28,0.8606410632453854,0.4668484953240546,-0.033842645329767995,0.3042486213385984,0
29,0.8945356094373951,0.5829111353772017,-0.5540160238141092,0.3159417583016284,0
30,-0.24119945701359835,1.6615340566998085,0.4394375407473944,0.35023287027771643,0
31,1.5354482838908268,0.8590101064255454,1.6491307788357217,0.5912217542080104,1
32,-0.4072536618601412,0.23489639855758448,1.0465886523532795,0.5510058480994644,0
33,0.46094203905324593,-0.39905916312653805,0.0362014734136179,0.5536063669647541,0
34,0.23291050823808848,0.14795618143299138,-0.2346681214025894,0.6088751847818038,0
35,-0.6537479579518072,0.8712290034642374,-0.14401847308029891,0.5921396151569186,0
36,0.5405970720961725,0.528623258283568,0.2195052125388684,0.5584668549170974,0
37,0.9677744471610997,-0.1983034038841669,-0.012814502993693022,0.5432960689823186,0
38,0.6171168372741634,-0.7007552045352325,0.08813972969242995,0.5877293473789634,0
39,1.3147234773087368,-0.044980098165212756,-0.07888000438205223,0.6957134275940493,0
40,1.342658782458129,0.46985301655853634,-0.5057537274029031,0.7015496899449489,0
41,-0.7422279835877114,0.6939363314662894,0.14482336243042931,0.522080769544341,0
42,2.1522778796357316,0.04867535484901936,0.9657917083854978,0.5002693619240485,0
43,-0.26177007087338044,0.18519580438613464,0.5539540958634747,0.5006514957711633,0
44,1.320563829027016,0.2027315606134948,0.24985782106563942,0.4632233474414564,0
45,0.3068310795176822,0.2739834428210844,0.16342057045596126,0.46286139349099337,0
46,-0.15064457147803118,0.7031887044678321,0.37588069244698274,0.4019583569886944,0
47,-1.2997204036739691,0.6272709162860886,-0.04998565364154117,0.4236327522904674,0
48,0.2345730998804649,0.8375907489587207,0.27523275058685553,0.42576079665147376,0
49,-0.9993029482382203,0.62626221009128,0.3555134900380731,0.3070849734599582,0
50,1.4337573643941233,0.6044187814758968,0.9826091329423622,0.2702229952468851,0
51,2.066393417818551,0.7790705057713961,0.6808202589200525,0.27371609365929894,0
52,-0.20525269757298426,-0.2832918346276012,1.1524046151044405,0.2822880182508188,0
53,0.4331855174711366,-0.40341905542561163,0.1317633643665776,0.3509669763191385,0
54,-0.8073365450657946,-0.574507752653154,0.08069181005388179,0.4395450263907088,0
55,-0.8036348349552844,-0.791472656684459,-0.09363711689695206,0.5358414367749824,0
56,0.464712807988599,-0.7213497213637516,-0.6241217954816944,0.6413404816744384,0
57,-0.3928313918475425,0.3795312680632741,-0.5473819518952657,0.677434617363144,0
58,1.9473063831783588,-0.3134524410635391,0.24187718232715688,0.6590741430303735,0
59,-0.502677121885617,0.43602428084780187,-0.10157989654781742,0.6034952465279043,0
60,1.3021114884162175,-0.861935726515249,-0.38396903068571697,0.5817203559320838,0
61,-0.29114980490270004,-0.8710840278132428,-0.5420276538921919,0.572288058975429,0
62,0.37893184775378297,-0.4866602657153931,-0.8901743665091468,0.47726073944631137,0
63,-0.7240139451640153,0.07795444640658039,-0.7424535711398954,0.4760429495169306,0
64,-0.021949650019276824,0.5494856457202745,-0.36452133791285185,0.5016489763027968,0
65,0.20456574287427476,0.9309122363450169,-0.47416207547297123,0.5723459018972792,0
66,-0.3417253079942244,0.41153407005036,-0.3494136449946823,0.6487925243004722,0
67,0.9154365228577304,-0.01788160529503774,0.13452685618046042,0.6243730748682074,0
68,0.7614872313579144,0.5397677404829097,-0.09670482287868898,0.6118380238038501,0
69,0.9489328417152182,0.25279410265489083,-0.6018686177923507,0.6248707641524932,0
70,1.6730824125762374,-0.6239241924289295,0.03563654314822151,0.6155892637996824,0
71,1.242728186494072,-1.2066493408833403,-0.15004047881518912,0.5798705520117238,0
72,-2.107424772996424,-1.5000693697241838,-0.7718424229718759,0.6466498267188027,1
73,-1.8928280995978788,-0.6912174287945592,-1.380998022693084,0.8000476848058476,1
74,-1.0763591070594547,-0.3845553227530826,-0.7162436139700645,0.8221293562893197,0
75,-0.1763588873574955,0.188999624230279,-0.40713874931813643,0.7880075942378966,0
76,-0.4663204494014457,-0.1490892543937788,0.5868111598382653,0.6962592954274109,0
77,1.7335473559149015,-0.0029861553056987344,0.3598264577791023,0.6535848193406311,0
78,0.5161790413569788,0.3828620858432144,0.2950297091458761,0.6544654640405742,0
79,0.1176563711890665,0.0785314381790434,0.25058130987765426,0.6320556868276166,0
80,1.3704714874275468,0.32731934852944217,0.40173599037068175,0.6150466546127082,0
81,-1.8466953369750883,-0.15996674390205287,0.5193212949715639,0.6476815229696168,0
82,-1.9161877725705816,-0.3264952452120735,0.5711914524945192,0.5631688203000711,0
83,0.8182697504879151,-0.44989111260453307,-0.0013992474287552459,0.3368879016396957,0
84,-0.06468699529921174,-0.9980346211177367,-0.31127831063937955,0.2935964434264364,0
85,-0.19526275689401462,-0.3980206871212003,-0.6985839550403785,0.4117141302680291,0
86,-1.5301940401352057,-0.5635198729777232,-0.2712597360149726,0.4060165871956853,0
87,-0.2456826077414737,-0.38699989380650796,0.08847451489044394,0.4244265554693664,0
88,1.9232806407316547,0.007568241955460742,-0.24821484802217142,0.4208701536353251,0
89,0.8907515135702675,0.2618289669128918,-0.24851224556682877,0.372135250319713,0
90,0.3633441917642337,0.561971195521771,0.0746986311426821,0.3958933653575611,0
91,-0.046863517672649846,0.3367495197520076,0.18840934377617902,0.43967367115095507,0
92,-0.09793669042696318,-0.0018478768216818875,0.5145205757308595,0.47685317227987123,0
93,-1.9529437412512296,-0.045711628249474265,-0.419012050048957,0.47799258124014044,0
94,0.2719327992890799,-0.9541285820504689,-0.4758021903993366,0.46802444983168107,0
95,0.397048488896719,-1.6017873905352245,-0.8542774282082897,0.45901868152617564,0
96,-4.006442027204695,-2.069552389240352,-1.7639604740340782,0.6560896974004381,1
97,-3.9303395472724554,-2.2186348173014263,-1.998892726023821,0.8752219086890554,1
98,-4.685250767089135,-1.2393294903208223,-2.1614471246862585,1.0490997090275473,1
99,-3.0485624989929354,-1.5435565143804424,-1.6367867548271073,1.0466115543225358,1
100,-2.407371157972829,-1.3646088459897672,-1.1019262156676515,1.0181554786076261,1
101,-4.196604356323272,-0.024042683258301167,-1.1703248415869434,0.8896611599395874,1
102,0.5267003704898718,-0.29071694149906613,-0.9040236101781383,0.8316893418869998,0
103,0.5728930576574285,0.33547263583782205,-0.5853849440527543,0.7931911346354137,0
104,-0.07117401172591459,-0.4389449048511833,0.15624866874115648,0.8578874448179389,0
105,-2.5767436620989597,-0.45749189875650453,-0.39024127240436657,0.8825412703782056,0
106,-1.1837007662412968,-0.9792548735284173,-0.6512898608812197,0.8765734426154412,0
107,0.745581018206305,-0.9252342291076501,-0.5497821920697097,0.7819411518128679,0
108,-3.223078724092854,-0.07854517991803867,-0.711445622397155,0.6142705134344062,0
109,-0.3935128455121118,-1.2335464018501014,-0.19289547595295067,0.6091669177332079,0
110,-2.959254702635354,-0.5184538941248998,-0.593960336255105,0.5604342864664821,1
111,0.5562493040841209,-0.18304015856986403,-0.2938626313506424,0.4813519696952404,0
112,-0.7107134261309898,-0.5536170267757086,-0.5306708133154591,0.46774581295435136,0
113,0.14754488535043842,-1.3971148523202779,-0.4904076126044932,0.46348262497131715,0
114,-1.5037730012019979,-0.9224438128699736,-0.8672567515393048,0.4382596939086412,1
115,1.3449154205641376,-1.0292655769349452,-1.167373178148881,0.4358005802294121,0
116,-1.82194628580012,-0.5573053131766148,-1.464436204209025,0.43432803469459336,1
117,-0.022273717597049825,-0.3754960464734995,-0.74941551679276,0.4335365158532794,0
118,-1.6852158298830997,0.7603016949902077,-0.6301918916511732,0.4421862082438591,0
119,1.576035627041172,0.357393991760072,-0.31765935232370235,0.6155669776767257,0
120,-0.529460755039884,-0.45990701844372706,-0.04472576053482202,0.6390612362692533,0
121,-0.6974165373898324,-0.19381892290552497,0.13207996955988893,0.6385499922724355,0
122,0.000654739132010123,0.013701170865319134,-0.6957089379938424,0.6380843851397292,0
123,-1.5603901006062664,0.8927105974934914,-0.7913656076217914,0.6516523092821734,0
124,0.656420486532415,1.2181883812518413,-0.31546449738207943,0.6569802365317856,0
125,2.847429170195461,1.1067307345389132,0.7678967638257954,0.7232408361444336,1
126,2.168214439879531,1.7724809330374143,0.911416770604252,0.6789920166920288,1
127,1.3065363509680343,0.3422336337236862,1.3948959306554598,0.7564811753791351,1
128,0.35654191213050246,-0.2674651099678716,0.4922931430793352,0.694742959429133,0
129,0.7821403194574551,-0.8995795336295449,-0.19670023502863893,0.7398293065302405,0
130,-2.257283568034976,-0.9313900364878192,-0.32383781594932437,0.8597075198247351,0
131,-1.4890367044540223,-1.6662670585251447,-0.5169926232891559,0.9200264449255612,0
132,-1.60040587719957,-0.6588314356753606,-0.760381489395398,1.1075206414484824,1
133,-0.07337750704970347,-0.6332437150226943,-0.7000246162463789,1.1372852623051801,0
134,0.09034603217844989,-1.5181105363515313,-0.519866676195879,1.1199867306395612,0
135,-0.3956509983333669,-1.881795218244001,-0.8197418271670193,1.1067238100339314,1
136,-2.377101322934852,-1.060430699735622,-0.9292587841556326,1.077153664313211,1
137,-0.9721468567935986,-0.09485446380891893,-0.646699187388724,0.6691104293395208,1
138,2.666313417205558,1.4676769410079336,-0.8472529775354605,0.586903518960222,0
139,1.9606229067910905,3.7533972130640647,-0.5107362789668135,0.9555216025575174,1
140,4.855602614132579,3.193295462877213,1.5465143650376711,1.7211449436767545,1
141,5.549716747318603,0.9875743964432915,2.4068928956483018,2.026186274565768,1
142,1.393812161957786,-1.9677528691169057,1.2922893005474663,1.9426588812609802,0
143,-3.1845013005394467,-0.9666001346165947,-0.6989071193367178,2.059194436666727,1
144,-1.5205331547636525,-1.8145302421917662,-0.7063831672128366,2.0772435953374546,0
145,-0.4179084162794964,-1.8292325591377208,-0.7997522125779661,2.106258323792206,1
146,-2.436968200205253,-2.041583952542895,-0.592290773213777,2.1006504633448637,1
147,-3.7835049261984843,-1.594132303240663,-0.9578896959936112,2.1855407722706452,1
148,-1.5189516069804374,0.028820003611250256,-1.228112778268779,2.248527688379884,1
149,-0.1789520664960262,0.1899822031496801,-0.8704675741653483,2.1834981311753805,0
150,-0.18846048086779343,-0.024820259456523636,-0.3558055183216058,1.6991245802309267,0
151,0.5964919144379905,-0.9696214621895034,-0.27761027410898925,1.1059909767491554,0
152,-1.71833454044279,-2.233891451971552,-0.8311740936489409,0.8853849676754622,0
153,-3.0228860880874966,-2.0743833921436714,-0.6945169323541055,0.9178084453570879,1
154,-1.2027978203368708,-1.5050719055523725,-0.6414613024128821,0.9622674637846782,1
155,-1.7876493914931801,0.5545992386365377,-0.5819448083607616,0.9464532666706632,1
156,-0.08620420571930987,0.5248433983026215,-0.345387828068504,1.0646907728513988,0
157,-0.19649175548720688,1.3164757056843508,0.29374924257598023,1.0859896719597695,0
158,1.708435971567814,0.43970363624397696,0.865352826411101,1.2061993526555443,1
159,0.19569206403587258,-0.7716333988458866,0.7413215549643573,1.2299255018183903,0
160,-0.5524249989365617,-1.4499366498184538,0.4369069980569571,1.2180997762392816,0
161,-1.09305748394457,-1.697235119343375,-0.17090981804051975,1.242775333183832,1
162,-4.204698254930124,0.74858798844329,-0.5423446858663092,1.2862605714345376,1
163,1.2549423417538326,-0.4034278645253878,0.2193347374558244,1.2330874829370453,0
164,-0.4485002467868814,0.6357139721431959,0.05053364531838883,1.0838748326189982,0
165,0.8023848185647284,-0.5171972162971639,-0.25553092739778216,1.011821980296358,0
166,-1.323916157459113,0.6138252618763493,-0.30955802699458945,1.0020623430712015,0
167,1.6891099937384224,0.8280088264016219,-0.07610649640149253,1.008771770065086,0
168,1.74822339891246,0.42851922937059406,-0.09080200493210366,0.9417009022976418,0
169,1.2602298396955551,0.26355616152347655,0.630551675072433,0.9409193082765658,0
170,-1.188393943770936,-0.3587797492347875,0.9393969044113182,0.9227346319308221,0
171,0.8906407321103568,0.10709655152110625,0.7339527326004277,0.7951403700711016,0
172,0.6684962732863262,-0.2730967054927407,0.4863790119654188,0.5055360518850849,0
173,-1.568862748084125,-1.0887576299109107,0.5391383600714101,0.49320593413373004,0
174,-1.4765630746264702,-1.7519638627544012,-0.1623179177481116,0.6097764210999155,1
175,-2.1877589927605556,-1.0843783174226953,-0.7211053209064825,0.7990746182482228,1
176,-1.0786580004468642,0.4585323317594312,-1.1223453985609142,0.8448879028304107,1
177,0.33817572304443416,0.45934699635551207,-0.2586623752270326,0.8288980779146348,0
178,0.5821055587410808,0.2257985251894866,0.07252338945601366,0.7826767478036815,0
179,1.6973891632662408,0.37430859961674157,-0.26421453024653785,0.7645877887744718,0
180,1.47355603018207,1.1991960092938543,0.0022570411784486478,0.774465043596392,0
181,-0.9679223836651947,1.0084756201796006,0.45688805514972347,0.9054371548751036,1
182,1.3638080837041775,0.40698630266684976,1.171102625640094,0.9746986457993346,1
183,0.31450751763548773,1.05676134547503,1.01660983244081,0.9808961250440936,0
184,0.08553492035169552,1.0515215355586673,0.9344430861378569,0.945244407288796,1
185,1.9116318244909918,1.808490544101941,0.9624663502327203,0.6643621979128671,1
186,4.205863541098326,1.4093608129188266,1.217893106188396,0.49964908581966844,1
187,1.3101573257159091,0.08411007967815287,1.1118166828230645,0.5165869035388311,1
188,0.6452284809524085,-1.0067986945670706,0.26482421406630735,0.5636387497315507,0
189,-2.2862978870370974,0.6821313817041855,-0.31562293407575337,0.8025071355653907,1
190,-0.27818977293894703,2.115509691155525,-0.10878839135195645,0.7927988084535741,0
191,4.73433991220053,1.2862677751833995,0.41671501910928793,0.8943620034671708,1
192,1.5493510955296674,0.5180383651097824,0.8762311639922642,0.9036944839039898,1
193,0.9526663461643554,1.7245426762296132,0.7627103260200155,0.8977700241186837,0
194,0.9300024471864352,0.08749300019902417,0.5351599800914298,0.9347550013946149,1
195,2.086338058508107,-0.8583798958259248,0.2657717988767864,0.9739933710842212,0
196,0.3133282682250545,0.04949894556758849,0.08824435687800034,1.0508281704239333,0
197,-0.04451371633476736,-0.34610810742361753,0.3816888783349318,1.0226718999036237,0
198,0.5597457880383258,-0.24690405006903046,0.36015224906359045,1.0493288731206472,0
199,-1.379248616622787,-0.30989799038842836,0.09298846657462098,0.9576098547206398,0
200,1.141530016544636,0.04789728006356969,-0.3309785612588062,0.987696482595442,0
201,-0.24968291965346626,1.0800616612409735,-0.47144001681139336,0.7846935157329318,0
202,1.4453069742913165,0.8294436897179532,0.2996861275158,0.7549843907186651,1
203,0.0680191490208622,1.0693558680857242,0.5954045499546302,0.7768290836569228,0
204,1.2126930818761965,-0.7673137633477068,1.1116439556931246,0.6521202209821194,1
205,0.5777603233085239,-0.5815583506756781,0.5788903676101046,0.7129874158829741,0
206,0.1519612299078995,-1.120563862178178,0.01715324657542943,0.6781158606781323,0
207,-0.9265246648779124,-1.803463999086734,-0.8129106852418173,0.7780185773405849,1
208,-2.735927290901945,-2.030518285756167,-1.2235729213588717,0.9584356630813788,1
209,-2.6161135557609,-1.7108250187186709,-1.3588244165387453,1.1238897762576563,1
210,-3.0889099344838566,-0.4518085251447942,-1.4243671893736622,1.2017523663460465,1
211,1.890172500431102,-1.3969476663860547,-1.0662752371680455,1.1867925932851633,0
212,-3.7232932015847875,-0.9512256215791506,-1.0160512406474749,1.0608852462910554,1
213,0.7329168266762879,-1.0577352854558704,-1.0397031913785808,0.8939768395148742,0
214,-0.27465095616962176,-0.9936177634004955,-1.1313655349892506,0.5343673898638951,1
215,-1.4186725179142292,0.03950134420661189,-0.8696940225637917,0.5191859696797743,0
216,2.218570179274711,0.43065836919676265,-0.5396442476380126,0.6283589069236314,0
217,1.2298728303979976,1.2687165706419976,-0.02432745944679557,0.8030101338531515,0
218,2.9705647438688887,0.7675480665512724,0.5772841053890381,1.0173844218240653,1
219,0.5983888361098686,0.026243800924575122,0.2538325789875556,0.9907531387182262,0
220,-0.06602937090825553,-0.1431411034374828,-0.006958527296015787,0.8828847959906374,0
221,-0.18202315785275186,0.06611062479092344,0.3705973769519377,0.8797310394763114,0
222,0.5791755152577696,0.16212210320447373,-0.1368809154279479,0.7740473296642221,0
223,1.5617151893219408,-0.5692109818944782,-0.6385879511233437,0.7080198990972077,0
224,-0.09907946575432103,-0.33862879077183167,-1.1055319142922166,0.6357515688417428,0
225,-1.1465878056670387,-0.09267175325078894,-0.6794844894818403,0.5358191050388,0
226,0.7761685123373092,1.4731257966612117,-0.36753576263142607,0.5410279135805196,0
227,3.175709076991896,2.605279442938711,0.3701991807212354,0.6816165446861048,1
228,4.718108569964038,0.9771398667405947,1.5914683162146526,0.9706923642903286,1
229,1.572789087327478,0.40462830699398633,0.38473977487268296,0.9818129939477419,0
230,0.08909698957008755,-1.040113775159805,0.47300137256318314,0.9723414321666854,0
231,-2.3182096239858097,-1.3089161477446265,0.2888866367587415,1.0700584604364716,1
232,-2.688234656743908,-0.6211728054842048,-0.7174573701859941,1.1938828458484385,1
233,-1.9536682567278594,0.6180312874903291,-0.7211397608236476,1.22394946205658,0
234,0.5377932911675671,-0.23005973049176737,-0.33922494058427843,1.2039660343298424,0
235,-0.14936238956011905,-0.7375768035996838,-0.5299401763121048,1.1983676774031717,0
236,-0.7882671327763664,-2.339967491898297,-0.6578794111028379,1.2372843941521692,0
237,-6.464251973857941,-1.8105789359074855,-0.8366811172053864,1.3848993895804305,1
238,-3.9886880411362053,-2.3057395216072223,-0.5913561303194315,1.0710817792157827,1
239,-2.3264720505555814,-2.137029569245428,-1.318755641314649,1.0333994316109056,1
240,-3.9679837001284706,-2.3146122897661483,-0.9426715841361549,0.9777858448004065,1
241,-3.1527274946128045,-1.7070278936442727,-1.3865077648791495,1.0371485228215884,1
242,-4.059203435173538,-2.696172552373165,-0.8499577318869596,1.0443444266224045,1
243,-2.6330470059835607,-3.3334106037677884,-1.5314374817887935,1.0868275492081296,1
244,-5.273859187974678,-0.05899165239076565,-2.059765634587669,0.9081437535303122,1
245,0.051579725100002,-1.7388961517496502,-0.9438371364572905,0.9452310258906489,0
246,-0.32414000621138417,-2.718363165554726,-0.2138209251182449,0.8516180737465695,1
247,-2.4931777865104223,0.6202212908254876,-0.9388700563275763,0.874321771323454,1
248,-0.03728548432345047,5.04047557843059,-0.43352587081903216,1.2255519555390753,0
249,7.002464302152671,0.8454528114222217,2.0901266570454777,2.477240437552715,1
250,0.5107003927484006,-0.2579475955953746,1.2746946919663253,2.518298556886252,0
251,0.6721286544737971,0.5373748908786983,0.38724325287465006,2.4648294258903736,0
252,0.3215497991196756,3.684225201868359,0.6811519907564376,2.455038473148197,0
253,5.333266456412533,0.45755194272705646,1.8235917524569083,2.6093109723174237,1
254,2.0694959849411068,-0.19549041398509093,1.1783894276728186,2.2840157276373465,0
255,0.06480331538054043,1.3436547550126314,0.5151941148019606,2.2890668991893386,0
256,4.492350342776561,1.7280380600813183,0.8960338973876633,2.1375355538448315,1
257,2.9172047384823,0.5838512021751028,1.2667219419572038,1.7133449964428227,1
258,2.3672522866058596,0.20473951188444464,0.28581137203701845,1.715175485182877,0
259,0.6025608844584018,-1.759055844139791,0.4247732913551472,1.1589472415847644,0
260,-1.5119071992569664,-1.5784884024173602,-0.785841517927433,1.4314707591611922,1
261,-3.1102198828328795,-1.459110073773851,-1.4570058605984841,1.5763417432486455,1
262,-3.1609752123379606,-0.738651738730151,-1.3296703329663873,1.6932662605683646,1
263,-0.009070464295046099,-1.1375149704638214,-0.9351015609809177,1.2239626098511773,0
264,-0.7579844473775543,-0.30026876290494714,-1.1306086180476718,1.2410644824453472,1
265,-0.17946917215916147,0.7882623048730735,-0.4361022568854225,1.2405187617546665,0
266,-0.8576775211799738,0.7054273877486998,-0.3053987564047539,1.1685374832652216,0
267,-0.9533544858756903,0.8152794991190702,0.007388452265335299,0.9969971481752739,0
268,-0.9183883847869058,0.6162270191864962,0.15434378530039553,1.0264063282720968,0
269,-1.3363570355510737,0.43142628444728354,0.30968651922299445,1.0629869212482614,0
270,0.4716514795541784,-0.23788253357683953,0.4110730587845823,0.9749568903853112,0
271,1.1677636137372929,0.06639747068913057,-0.19198436892550808,0.8457816789200945,0
272,0.0909852930809303,-0.021719811472603184,0.14785160704976666,0.6862528760499679,0
273,-2.149096922016689,1.3792610382837047,0.08413858943625198,0.6233706923860699,0
274,1.9907518855064463,2.278773158948692,0.026189834038034876,0.5378679044099136,1
275,3.3592892168961366,1.9542270315866976,0.3370267484793851,0.7343134666213054,1
276,5.177893309877394,0.7017701407512615,0.9465083989955783,0.8382475383301138,1
277,-0.8642765826945888,-0.4568247951636863,0.6876720604623875,0.8382935712374447,0
278,-0.4159391911116807,0.7226609596213959,0.13008007809332917,0.927244615929559,0
279,2.1866951720692613,0.7446210440502548,0.34570968593615753,0.9271547831448121,0
280,0.974145316262099,0.9284034588866465,0.5383712124412349,0.9230377833966497,0
281,1.2082704848259331,-0.7568330731491048,0.9248418727297659,0.8611289791691688,0
282,-0.025105818641209254,0.33376332912356454,-0.1736437631700264,0.9741473454175553,0
283,0.570778638743543,0.6539248286040362,-0.3049080278058258,0.9491257104091978,0
284,1.15883574040968,-0.5108380097649636,-0.21888123982751317,0.9259261225841352,0
285,-0.9977375097493751,-0.7791717302726104,-0.22710082366912998,0.8144363231731425,0
286,0.5544075902215251,-0.3222437477678134,-0.051734890349675544,0.696784032017587,0
287,-1.441885124321897,-0.1839127757661683,-0.28416677575381627,0.6831269487155026,0
288,0.29378656858538155,-0.34632115606949765,-0.9661584514312718,0.6656009098453234,0
289,-0.03934338246311242,-0.3156586300919398,-1.1328055469265474,0.6366735947780269,0
290,-0.8440432352770599,-0.3902596711807974,-0.9425772423388531,0.5802625614953694,0
291,-0.25920169726687337,-0.1748484211057772,-0.7947111558903099,0.4477431224053841,0
292,-0.7291710366019881,0.7892196061107749,-0.5898115345638837,0.4126937320742084,0
293,-0.6655632539909394,-1.2289189086121453,0.03235641205664325,0.4954227032624461,0
294,-2.0921396427233656,-1.0863515670777126,-0.5689132566632706,0.5101292765858919,1
295,-2.718852974487721,-0.603881563895977,-0.40419537199969824,0.5607112792341893,1
296,0.060227376345304895,-0.17808274293605975,-0.6464555032626506,0.5503177518680725,0
297,-1.236095191109791,-0.4140442192460173,-0.653156236648412,0.5540582333918207,0
298,0.5069814778707809,-1.588988048443627,-0.34853314446647443,0.5501479493828467,0
299,-3.517241112264232,-0.8300056623530174,-1.2705544125885238,0.6660824570392048,1
300,-1.0718809086457934,0.816457071394804,-0.8503719596394682,0.6684748359170967,0
301,-0.2439306664636972,-0.8563274130475914,-0.06783719614393247,0.8005244472607914,0
302,0.9868074429294533,0.28532998950898003,-0.42068231026645303,0.8035049918831652,0
303,0.5098525938311139,-0.1298861840201282,0.38027367281514424,0.7243092405503937,0
304,-0.11963584363218671,-0.1481732335961669,-0.04847987078889454,0.695782169429418,0
305,0.5173608436533057,-1.0142142521006905,0.5345802223243095,0.664266439049242,0
306,-3.448326692132077,-1.0039257956412635,-0.20602502444655127,0.6927420046852101,1
307,-1.4799260367697853,0.3701071228628141,-0.8876877639708495,0.7115500915713522,1
308,2.1494145746405424,0.7695142533993777,-0.2748251585418515,0.7620668754968747,0
309,0.5758798593210837,1.9911834610403212,-0.1524804380068051,0.7204570173513891,0
310,3.1318162950287967,2.528626368522324,0.4947064110686758,0.9506678512353378,1
311,4.515273894085983,2.2061079638078427,1.3779137429479147,1.2109807884128088,1
312,4.511454250468297,3.1686332483686037,1.738074683592132,1.2773160865448476,1
313,3.116194382201866,2.6867256192230244,1.9498403310672299,1.5068417860799102,1
314,2.7402379967035944,2.7065475221094966,2.345831956736745,1.560667517111218,1
315,4.721987367760904,1.605802468303531,2.602787314618511,1.556799652721861,1
316,2.1842452377505635,1.1843594805179596,2.3746051715996552,1.2963891910055094,1
317,3.544755258736802,0.24248048165566782,1.8198704001447281,0.9182472749336085,1
318,0.17904641096431922,0.9782375764990718,1.4159560063603407,0.9427693783389914,0
319,-1.1330185465095308,-0.28835633456631826,0.5350335053875819,0.916688610951929,0
320,-1.2319370583190188,0.47010289911267245,0.05680225427872486,1.1527745543398185,0
321,-2.4061042319324306,0.16866653580757646,-0.04365929011259648,1.1723748908422635,0
322,-0.05634116289601379,1.0404294284447526,0.08140472760494996,1.2116504436872486,0
323,1.484470724543488,1.3446282963698515,0.28543936942135484,1.0166854243747514,1
324,1.7352956401860826,2.404539150465363,0.6307236506736984,0.8569868668074656,1
325,4.880296312328838,2.37180071114123,1.8418299495842092,0.7907870501251535,1
326,5.13249539566617,0.22676727344698522,1.818719320322483,0.895317821518145,1
327,0.31580311141575385,0.09100383728865276,1.1242042646970996,0.9231967843722898,0
328,-1.8205611091279645,-1.0291200864103667,0.5288228682867403,0.9362600505597523,0
329,-0.7470751188802804,-1.2187661512261931,-0.12452261403372641,1.1117816332730646,1
330,-1.1914673904357733,0.5211760324355549,-0.5479627633765191,1.2340378249430637,1
331,0.5877851718682446,1.0007349983303824,0.06898625107791029,1.2336058557670524,0
332,2.5929301844653763,0.03502702897647836,0.7843793855352612,1.2299269504388843,1
333,-0.9296576741425117,-0.9055106141507704,0.9004187036392208,1.2378327035267862,0
334,1.791062884655637,-0.6035786471824829,0.1808911307320523,1.2859214421815226,0
335,-1.1340834071233017,-1.4638002856633054,0.025878172303713615,1.0885381095063065,0
336,-1.3425957754485462,-1.6244744590038565,-0.9178403808691356,0.8223177148975733,1
337,-4.161735440049506,-0.8681950102425411,-1.1350729967607966,0.8876790250375769,1
338,-1.434623141905441,0.3274368385756,-0.6327276630123382,0.865909326960682,0
339,1.6851779165612855,0.7404772059452305,0.07440149544921687,0.8995445278444713,0
340,0.22049900428914782,-1.3339223753684972,0.39687454994121574,0.9334838844041063,0
341,-1.0014297754287653,-0.6163531680536005,-0.06921348730640531,0.9399856219083037,1
342,0.018396781596485057,-0.3617922058535466,-0.13391799817649722,0.7853077074763963,0
343,-0.20594195865342058,0.11665496431610317,0.14841599604812922,0.757428280667325,0
344,1.5444402064979605,1.443058920939856,0.2076777308376392,0.7905091567065858,0
345,2.0590812163835297,-0.9424748062846833,0.5743529391234516,1.013873288403943,1
346,-2.0658225698372945,-1.3435807368418229,0.010938924127759597,0.9631799560097339,0
347,-2.7169703585952756,-0.2956644551162869,-1.4111411454286822,0.9239466535034395,1
348,0.29168832932924843,-1.8392137166339289,-0.708970633845341,0.9011733050885269,0
349,-2.369657063665186,0.3964909334301485,-2.184694651140677,1.0073661695583496,1
350,-1.5965169811914655,0.7311921387209419,-1.4507899744199042,0.9675386943134738,0
351,-0.47636494621071573,1.4749464717833218,-0.2973875514392801,0.9847125799617256,0
352,1.6860902257568444,0.40066583987586946,0.5845436141737272,1.116509452000204,1
353,0.022544867949768788,1.1298639750136115,0.10380950899523228,1.1197940594368392,0
354,0.4344538002681506,1.8751894386492247,0.2902197319393791,1.174591330586822,1
355,2.3279460096452653,1.551284951153939,1.3063479380136191,1.2352408269315183,1
356,1.8942691321734242,1.3081119909796952,1.1284789099965824,1.2399370593709558,1
357,3.0029730827309495,1.1538833215643762,1.760360345111065,1.0992619354321296,1
358,2.9040003451034675,0.09598993238107167,1.341157545228379,1.0518438284773397,1
359,0.20335813988597673,-0.053534855274047805,0.8313855986309983,0.5814213049263075,0
360,-0.19409938371310567,-0.15442282020534925,0.8793411767554622,0.647945736519424,0
361,0.29461407844975807,0.1690079520773369,0.4172095951536173,0.7379874439758647,0
362,-0.5694896921438639,0.8105928334162038,-0.024495215799496928,0.7362006816398053,0
363,-0.6452099478292636,-0.18513894622974025,0.27907128995844604,0.7260793121239927,0
364,-0.8909299885468202,-0.22139997562615027,0.05479684563029964,0.7748472911341316,0
365,-0.6372936249399869,0.8742873303416423,-0.47058406309577994,0.6873403936503951,0
366,-0.696917744085817,0.038391227302038144,0.03767327918651997,0.5934663026755456,0
367,0.2869061645918718,-0.5968506014574386,-0.18846449768515575,0.5014689222812745,0
368,0.5030206984022157,-0.26523412102643507,-0.055665162269323165,0.45540791663161057,0
369,-1.6280651356518578,0.4164235030388544,-0.12354266728965893,0.4679485623781673,0
370,0.3148090626420117,0.2996652958630291,0.01995934282644128,0.48075947190839713,0
371,0.032890754089145186,1.110043394998087,0.09799121057165941,0.4766861419485419,0
372,2.1212724596196826,1.4058868338256612,0.5599495688069144,0.5684282003329335,1
373,2.279883917955941,1.6028913458760599,1.0273737778406555,0.6600057407720737,1
374,1.2048438055585575,1.5290855543075912,0.8549297586699374,0.7533072074831064,1
375,1.259478496404712,2.7270550848177093,0.7266228112716238,0.7786755899679122,1
376,4.32899962450228,1.717911049390149,1.7855372041836546,1.022483269077849,1
377,3.9734780744582814,-0.5314550856870333,1.456231960186468,1.0165232663074986,1
378,-2.1614801198585494,1.3107237129083003,0.0904813180393585,1.0052951989898484,0
379,2.425384346869934,0.38473622090673065,0.7026739569979307,0.9030236350299706,1
380,1.587391209290698,0.3863309295240079,0.6442424086714635,0.9059689774715286,0
381,0.23677594985651035,1.5755718551220022,0.017438998968323016,0.897243201649763,0
382,3.016176128554693,-0.5776622359800878,0.7077927561720443,0.9061467803701362,1
383,-0.7857312854620394,-1.8606629158674348,0.34350641142249905,1.0623507512231505,0
384,-2.758834611364654,-3.231401618917311,-0.4601960251238455,1.3688728121817344,1
385,-6.4370453504526965,-3.3182167026973737,-1.3330642150004286,1.7964307131503034,1
386,-7.421627994714999,-1.7610211755302334,-2.4150995180063886,1.8637555090108453,1
387,-1.9610308897710333,-0.611739871641107,-1.812646182716429,1.7422372521399352,1
388,-1.4627617909524597,-0.12174741273605333,-1.2418049678557914,1.7412399567323582,0
389,-0.6026722965498259,-1.5318588428730886,-0.8144384966397105,1.6045738364688342,0
390,-3.706396292075783,-3.6057712593256515,-0.7587961026431728,1.545646929241721,1
391,-6.832446007468829,-2.447655091243664,-1.377924201849578,1.630793884403031,1
392,-3.9520089672375485,-2.3158370362466134,-1.129713121042147,1.234677454908332,1
393,-4.2727897166618884,-1.0757660020272883,-1.0967490135679474,1.1459361083842645,1
394,-1.300190357081426,0.02290081570872271,-1.011601162083944,1.1887540153373715,1
395,0.41224865252136167,0.16218993065131873,-0.39082420585058003,1.2582453458022465,0
396,0.44332098077267956,0.8534320477637481,0.09951073087051057,1.234866080994071,0
397,0.7802434244408943,0.8136514357021656,0.4274815693305931,1.3990054934593488,0
398,2.148716158182558,1.0344108993317562,0.5784306153196261,1.518108820120661,0
399,0.6707871722506924,0.1354912440413274,0.9501056069553702,1.6262252619620652,1
400,0.25532659686105147,-0.05108585716502442,0.5114645072864364,1.629352689175992,0
401,1.283866568030042,0.11426621105360245,0.016511829865110017,1.2559578768418647,0
402,1.4241496893446042,0.6707698823683308,-0.07037952039676156,1.0017886293428568,0
403,-0.9969356362199218,0.18640697108285487,0.4232913060690743,0.6155449520033306,0
404,-0.05565826020408138,0.489934273396193,0.2871064288276658,0.40161296983524036,0
405,1.746154196889507,0.1646377461437576,0.44158991683281146,0.3802172245093978,0
406,0.7566364657958657,0.03955130753629933,0.48767382953456573,0.3800185584133875,0
407,0.38818975967810726,0.5408025323689472,0.14720499891251973,0.3689112070052455,0
408,0.17479732258669478,-0.8750044338450226,0.5167979614927806,0.3406199100467624,0
409,-0.6437834484063396,-1.6185792565778114,0.02204998824589957,0.42753419517600144,0
410,-2.0363423235395075,-2.3584620188615606,-1.0068506345816184,0.7020213694338983,1
411,-3.8410947484640667,-3.7668420471852033,-1.0141186874795602,1.0168974341286294,1
412,-5.744959494944183,-3.4333585732928227,-2.1640195857409363,1.4878333997996707,1
413,-5.2960420916853375,-1.565930040362714,-2.9518818251431522,1.6404306008358047,1
414,-3.3697488628090433,-1.4021947145166882,-2.4158260415925525,1.5847763669666322,1
415,-1.8335366041324768,-0.7850060032380869,-2.075104454806448,1.4638458845328925,1
416,2.310475978575409,0.45212305250927187,-1.3359026331011987,1.3773260928087774,0
417,-1.651310508036619,1.5598390193191896,-0.5692572472107618,1.434315817513652,0
418,2.67838246608715,1.023322615350193,0.23825739383011713,1.6183334822820747,1
419,0.9105324434809016,1.955056051224946,0.7143683326998795,1.7866512362920224,1
420,3.7171419042616507,1.458340911297695,1.2411691951977293,2.0318629506806904,1
421,2.520244219554063,0.2665569711478588,1.2987353233112287,2.071394835745436,1
422,1.189943558113077,-0.339853349139146,0.8789389873133656,1.7161009389887658,0
423,1.2374207500362113,-1.4933906004728563,0.4883685544016959,1.2546427978209436,0
424,-1.8744094997808487,-1.8698186258443408,-0.9855579655215274,1.2430547486655208,1
425,-1.7205093451805622,-1.637261079597705,-1.3500379087778385,1.319381187243153,1
426,-4.902695199501911,-0.45516667461598603,-1.9839864055748433,1.4157165204414013,1
427,1.1652709997718036,1.1343885446072228,-1.1632418945944774,1.4223694090909516,0
428,2.002158684614003,-0.5439215901563278,-0.12925542112165314,1.377745408368233,1
429,0.88649424749877,0.025256876215006663,0.03146333581354638,1.337489248330024,0
430,-1.1025278063619863,-0.9853990106731846,0.3821247362091121,1.1213713387999031,0
431,-1.1661506765105611,-0.22847883062597069,-0.14226472168900764,0.9354600507352849,0
432,0.11035917057843765,-0.2798921918001784,-0.31263221631396204,0.8974289814008611,0
433,-0.1038788176846465,-1.7517426986560019,-0.12272465111333103,0.8998495466123471,0
434,-2.262954157641013,-0.3022262530466151,-0.9204346962163603,0.9304724729934646,1
435,0.8953368299742046,-0.8076190753302349,-0.5815256447598309,0.8305366727019904,0
436,-2.156258699681941,-1.066126355336065,-0.3179695574237791,0.7412161479499242,0
437,-0.573065894900355,-1.6979948140391417,-0.7527667246431426,0.7691382687673309,1
438,-2.5516253197972567,-1.7807299489051842,-0.8138776961644777,0.6142675219288185,1
439,-2.8969584389069953,-0.8740178252033859,-0.9160104170366219,0.6854614183659911,1
440,-1.9455257095420766,-0.7675314914530071,-1.0940498837389119,0.606896654061428,0
441,0.055175440089524685,-0.28369101419787357,-0.5618692999854387,0.6104785018379176,0
442,-2.5402337531277897,0.06635792366085258,-0.1848411520604172,0.6033797121217409,0
443,0.7538468002600763,0.9701930258272793,-0.03529964035407034,0.6545804486434535,0
444,-0.9123042686124628,0.42047710987090625,0.14173035274558093,0.8186696957383149,0
445,0.3849560204647643,-0.766069334107993,-0.018705785251518003,0.882609533766258,0
446,-0.4050093721696446,0.31157391578136684,-0.477079399339863,0.8815268879501732,0
447,1.3537631952835878,-0.051751313213798944,0.04886820563020325,0.9041162982877036,0
448,-0.09720059477625914,0.820695696232192,-0.28295397269083733,0.7926385252165579,0
449,-0.22623380893319522,0.8795104709816468,0.31805496673341915,0.6594414353949084,0
450,0.0808607845296333,0.5166187005589579,0.13830501309585064,0.6385607152513803,0
451,1.6519378709985202,0.6101627240816798,0.2145794114398538,0.5549631118606221,0
452,0.9735652429377116,1.7582102659350312,0.3842491217248014,0.52368537356347,0
453,2.4093227856381056,2.953708347667334,1.6289477107540882,0.6658824909426412,1
454,4.5384582581496,2.138548463549984,1.5827624977878674,1.0116249361336802,1
455,1.978059979407709,1.6478870016825267,2.0884050042609674,1.092950777794178,1
456,3.2735654540144763,2.0938248821168153,1.7483100269996783,0.9350605654282786,1
457,1.7431681195297093,0.7124701842741608,1.8350365417513543,0.9254964305239921,1
458,1.4832870392352397,0.7909471863272034,1.2380107186018028,0.8241016444295203,0
459,0.809796793445138,0.532357977839513,1.0688022792903527,0.8265280958196307,0
460,2.913451130387232,0.6143693705258673,0.7012387994723762,0.8579856404186678,0
461,-0.5877650485405158,-0.17842699506838405,1.0325822023837725,0.8476075237044169,0
462,0.06301174178274092,-1.2843413140751616,0.3079789598971159,0.9573158406555596,0
463,0.017972573794887925,-2.60503530092616,-0.020076674027732444,1.2396287853379226,1
464,-2.619174812201986,-2.956655189258668,-1.245362593448237,1.4885931553814933,1
465,-5.217999224485137,-2.543073755576341,-1.8234189263479719,1.7017334051318758,1
466,-3.76415604394326,-2.0637849814484164,-2.250527731091588,1.7489077350742992,1
467,-3.3312572754212755,0.2996724317359012,-1.8142707420209048,1.5514774193321006,1
468,0.2596514719589721,1.3983940591482953,-0.35372861123813176,1.5087672546322335,0
469,1.4458513610518937,-0.06884403045222587,0.3592864640939961,1.5958865383590788,1
470,0.030150551687251975,0.3268509280645865,0.09303991025493485,1.5474128785313934,0
471,-1.3206709247061803,-0.17865240247019423,-0.15712476256707603,1.5177346355469798,0
472,0.12222853624792354,-0.3912607701216687,-0.21881113833730814,1.517721615682155,0
473,0.32156861761040145,-0.11213722561962905,-0.7437481551337799,1.5232749055337553,0
474,-0.2950502487237655,0.4257753936004471,-0.6905923638303897,1.4089763750856859,0
475,-1.4057520483591226,0.031173274603414458,-0.10695021064227536,1.1745956392304615,0
476,1.0880759685568284,0.8148775574543299,0.3546981638426469,0.8682578602470307,0
477,0.9251685412963642,-0.30591183081440576,1.3460633632719063,0.5325623634508827,0
478,-0.5770615086173938,-0.20908164342994087,0.37469142378892073,0.5605606850550634,0
479,-0.22893755498469628,1.7959275830673087,0.5343031015161159,0.3773668512812682,0
480,1.3733674370465416,1.487161357297425,1.058648328105476,0.6691964950103272,1
481,1.4641291573840542,2.407031884974395,1.0788144129477952,0.7810698024503286,1
482,3.3345586430466225,1.77899885085201,1.6319982959815014,0.9914893852198017,1
483,4.241718832955391,1.7952442383652985,1.5461736334355425,0.9892981974549813,1
484,2.3852890116758036,1.205481604242942,1.5243032297475563,0.9752314187352139,1
485,2.7770815501553052,0.7012091945197321,1.1218443077229543,0.95499133561924,1
486,0.08056504055672942,-0.1196835317460061,0.4219729337297148,0.894831159060528,0
487,0.35140173503832905,0.24861284990319577,-0.2999745065901695,0.9782934183442515,0
488,0.03791474681927029,-0.45399354858923147,0.14543135165056165,0.9056895686785408,0
489,0.7678745285457119,0.17325400779894207,-0.19189177063612578,0.9476355361570494,0
490,-0.3769680999145057,0.9051032244758594,-0.20547095209533606,0.9512198326205802,0
491,-1.0507972805788115,0.9077242190283792,0.2618575017596218,0.9303976229184099,0
492,-0.7888082965854999,0.43121850329766354,0.7324981143658508,0.7591886861275161,0
493,-0.10639352513904798,0.6108565782638296,0.5928456414099103,0.6626482827400514,0
494,-0.7547048353346515,0.22402072613737617,0.34394897101819677,0.5092914533926858,0
495,0.6738147244009689,0.7516044518627926,0.6294706626587339,0.4396889375974769,0
496,0.10445466047212859,-0.6698088316835387,1.0891327629689735,0.4442632052140864,0
497,2.3030720486300083,-0.7300538421256018,0.4250098454079273,0.535945188915235,0
498,-1.9389900393887438,-1.9804347645904896,0.21258243925694992,0.6300702267338212,0
499,-2.635131602287391,-2.731601443893485,-0.31329468716357756,0.9256981045543865,1
500,-5.172349392420434,-0.5694088483215007,-0.9102581262178286,1.2763789990134469,1
501,-0.8146444834761033,0.538502667711394,-0.4986628493037275,1.2145920338007565,0
502,0.435871379800682,-0.36322853406282357,0.1455737565551587,1.1762531416371147,0
503,-2.385149578422425,-1.7408091905384215,0.0833936366564007,1.139179947827552,0
504,-2.2618786235211448,-4.417751827073414,-0.9838281602512813,1.128912354599439,1
505,-4.771294502373646,-3.9546640568208553,-2.0487978638971307,1.5645894367376205,1
506,-6.592754063184446,0.8013513309837452,-3.0130087460148736,1.6219972969979448,1
507,0.30853221039515105,1.3976140368827423,-1.424343677151455,1.780913754339138,0
508,3.0076911968767948,-0.009449885411303871,0.23794329651979568,1.9988485032893388,1
509,-0.03298694825467913,0.7560621422912025,0.3672577429036355,2.0215687454816926,0
510,-0.04784045595033659,-1.8322053699992937,0.9322732152740576,2.010572484487385,0
511,-4.784203476429584,-1.7726644692953764,-0.3482478554688764,2.0370212885819243,1
512,-1.9702431628684223,-1.0913201750614787,-1.228864367835619,1.988419002453283,1
513,-1.834478327496458,-0.8813906138195116,-1.123091413063504,1.971146183389434,1
514,-1.5218428702574431,0.3647433124114292,-0.8834925628873843,1.9630058780530124,0
515,0.2764444820503005,0.6670883676798496,-0.27215234157711754,1.6171142049325216,0
516,-0.19095902420282423,1.2043627981805636,0.47086331991039154,1.1525981732167088,0
517,1.4487475641418786,0.11928752457555969,0.6087956517263876,1.1961700171046885,1
518,0.8572542661554462,0.9871149537463719,0.45772317723429495,1.0785187785872496,0
519,-0.6761664578655143,2.3058840696960945,0.3271194252853144,1.1468417415048466,0
520,4.655209304410697,0.5392814573690963,1.221008523934239,1.3662968362502816,1
521,-0.8448941558437197,-0.5970542320361331,0.8271494099704491,1.208246135973814,0
522,-0.737156112877763,1.0186802296035844,-0.050190989314583934,1.0349663404634248,0
523,3.5434378900747663,0.4961796732537743,0.31162778853168605,0.9137907750961933,1
524,1.5221887665490623,1.809586851475252,0.29903303961278627,0.761325828698032,0
525,2.9568392256502363,0.7741775132679132,0.7923047215953651,0.8230077570145337,1
526,-0.3345957506279552,2.0522079354258973,1.2372257387851529,0.8209846242749499,0
527,2.8346234572567255,1.5837883898295237,1.4099622428705714,0.8998321636801975,1
528,2.760452235760568,1.3740731788189229,1.2653276443138939,0.8681297711209324,1
529,2.3884321472150667,2.4510098374470073,0.5530578064014737,0.8713065989887427,1
530,3.76860249750477,1.3350319614979123,0.9886706325856968,0.8938795236749779,1
531,2.2200160230505386,0.01360177978646726,0.9494260735551073,0.8685118776831825,1
532,0.03483969122138564,-0.4261263545889087,0.2743979458391477,0.7373606461832153,0
533,-1.5138822210585952,0.11456608040983624,0.38126070909734944,0.9164208346208118,0
534,-0.3020385955913123,-1.2685527243946708,0.18697545409374364,0.953691096787415,0
535,-0.8601587144910979,-0.27771707628202646,-0.027400087915520843,1.1735608233577008,1
536,-1.4113028488794588,-0.6879142806280842,-0.10627548425546061,1.222300147485641,0
537,-0.4494539744916397,0.517632064497168,-0.317135103452491,1.191022079325378,0
538,-0.5085081620401335,-1.7871237344144082,0.021846339758871427,1.1210495965939167,0
539,-2.4660582212596704,-2.1776018841330567,-0.7027874483998898,1.2295420266250627,1
540,-3.660454124526386,-3.4390660756891904,-0.70679597693821,1.063726373360999,1
541,-3.6872248450998484,-3.462582958916536,-2.4249076367701465,1.2254210570491053,1
542,-4.951027429700073,-2.118268012510958,-3.1979507252832913,1.4042739891937155,1
543,-4.868897793336142,-1.6856839449374539,-2.6092338169628633,1.3905694513438427,1
544,-2.148682978336912,-1.4434711438813168,-1.9745321218751426,1.2760855879098425,1
545,-3.1360383903653095,-1.1635753264422761,-1.3576231910608942,1.271639350968182,1
546,-2.426002839700082,-0.6332740103089926,-1.002315566699115,1.1933903674448532,1
547,-0.05316532005224173,-1.2811054915484108,-0.8697411613373256,1.1988793564126308,0
548,-2.4438668312533496,-0.3022759805646158,-0.6415996693154984,0.926669914834049,1
549,0.7454778756433227,0.3303808870494387,-0.13265160593777625,1.0596069797404317,0
550,-0.5292173588793425,0.5366840867207816,0.121043901232357,1.234901202467945,0
551,-0.23244792404611891,0.7948718338553538,0.5639928570505435,1.187455149432097,0
552,-0.07433604806285043,0.7722531841338036,0.6817387410970519,1.0042479406128795,0
553,0.022748654876420638,1.952240950826841,0.4813257361671823,0.9647878437909032,0
554,4.199751842213152,1.2919589680783834,1.2309043001143292,1.1049714019999108,1
555,2.8513703907450276,0.6591038788709207,1.1654196740621212,1.0575218565134445,1
556,2.31430884455685,-0.10720910942746581,0.8467533426057751,0.9413763780439068,0
557,2.441052650576388,-0.8433588058249275,0.8223790991887734,0.8897517181871542,0
558,-1.2290395699664876,-1.5395257213288345,-0.6614156112976103,0.800621311740532,0
559,-2.2380817963606043,-1.7945283575346713,-1.37182334522821,1.0084551828304757,1
560,-3.9737663547296713,-1.31304463285911,-1.7598441435402847,1.2223642164183681,1
561,-2.911149498567975,-0.6670790247338456,-1.5141181191844282,1.2986618516356352,1
562,-1.0907397405002563,-0.4302782387986831,-1.1002731204155614,1.2797978798868104,0
563,-1.3373349615999501,-0.821340609413298,-1.1744455500591682,1.238408021877262,0
564,-1.538724410113938,0.03553586529934172,-1.2113064284881512,0.9631174719625006,0
565,-0.20821241014380668,0.5338514709092425,-0.8496913716814098,0.7545511977515065,0
566,-0.9772463886839973,0.26448893430656406,0.5259221301457595,0.7304679438636453,0
567,1.153259745812779,-0.24107057940388882,0.9092792231196493,0.7719622167703993,0
568,-0.8018969436515112,0.18588868453694096,0.23468655449287434,0.7793130490011883,0
569,3.037716295538794,0.2495089680893015,0.08262376396917388,0.7374012951703646,0
570,-0.21423640232436833,-0.711954695713384,-0.20364572993618069,0.5825614748899598,0
571,-0.2145065654300669,-0.5448634306745881,-0.959043867221024,0.47911588265762733,0
572,-1.6116294798864828,-0.21066738422213555,-0.7325313618029045,0.4661336462660318,0
573,1.590878361746136,-0.7122123758094091,-0.7498882295635141,0.4564304439411991,0
574,0.7509112584636846,-0.3765376890301748,-0.6852842246041236,0.4389289784639104,0
575,0.10585439253040657,-1.1635415990378506,-0.9733189426271749,0.4425387761465252,0
576,-3.1381127887304174,0.10897103251447615,-1.180668448421805,0.47287354680329885,1
577,0.18805212671858762,1.0101760504271722,-0.5021576826142629,0.4534508011379301,0
578,0.41850937723136394,0.5068784583663691,0.26285445819891873,0.624616243192781,1
579,1.8552226613863831,0.626577318001738,0.45942020006861134,0.6550979808429379,0
580,1.2913964208643334,-1.2796337872588934,0.08419433198788967,0.692626863187442,0
581,-1.7113824926024206,-1.992464380060959,-0.213350629868944,0.7637166500194574,1
582,-5.357074827819103,-1.6810717865945102,-1.1437245759394108,0.9500713567250457,1
583,-3.576582344941708,-2.148988353070478,-1.0544336282253175,1.0362866236297152,1
584,-2.5938864422396417,-0.8457849938729363,-1.3900037583263078,1.1617157786235883,1
585,0.6814906310377414,1.1885352628816073,-1.4462321264357128,1.1594127104454364,0
586,2.775037886849186,-0.4360352572332783,-0.3425612694395698,1.283667684130346,1
587,-1.76141482127403,-1.2303418722654664,-0.23608561499396594,1.2687494258237852,0
588,-1.4793733438343906,-0.6082439834517952,-0.42628994226078987,1.165002839097484,1
589,0.7474497334179134,1.171824049200231,-0.4987389337444386,1.0840972522149936,0
590,0.12458966815643557,-0.5295890316271123,0.6788938199881889,1.1759191139664436,1
591,-0.07086495818856418,-0.0868875619279047,0.42986452863921715,1.1648184504965684,0
592,0.3948782966403865,1.8504180263842591,0.10318100462852085,1.0850644948395745,0
593,2.5903396054239316,-0.7134043607716163,1.0167942565090475,1.2303832487979576,1
594,-1.9563448973106525,-2.2363259591553155,0.8031734295023332,1.0429785709586452,0
595,-3.459711034381352,-2.160473759057,0.09520171132394839,1.2389991570813106,1
596,-3.4537358121419315,-2.1874298630705287,-1.184988612207575,1.2848564104274522,1
597,-3.5069654909846837,-0.5480834517274856,-1.7454261846791443,1.3905086458999052,1
598,-0.999327078990684,-0.10122156786960168,-0.6464708370104111,1.376796489732681,0
599,-0.49059356272782983,-1.9781953458220778,-0.6812083609043373,1.3859617292779702,0
