t,Y,X,W,U
0,0.0,0.0,0.0,0.0
1,-1.08728359091526,-0.23767232613433215,1.6938312357551717,0.048725482883198085
2,-1.8155033790521693,1.1542783251666688,1.1123162224863032,-0.9108430280877323
3,0.6391861479309393,-0.8389471802496294,1.6408185405769677,-1.698709301872495
4,0.41684187751568813,-0.01510436541451099,0.7756614046825336,-2.0642270103485676
5,-2.185463832419259,-0.7509585590555401,-0.875068642613577,-2.0516759687705997
6,-0.5800558762287638,-1.5123198300961587,0.33171962456244963,-2.008392063514648
7,-3.3245297903048563,-1.9976398462386324,0.7971112231845203,-1.8351242181878324
8,-3.8357947069929503,-0.651826662872089,0.9279166059695645,-1.5635243838983808
9,-1.441790635861003,0.5003183906421573,1.0295247341871514,-1.6883054121561216
10,2.044969091836618,-0.21993043682088553,0.21694766739109356,-1.348354913767547
11,1.3703985721224963,0.08660656773657358,3.1331370690845897,-0.7822267883942393
12,-0.20864117763471357,4.766206388074681,0.5827557215545065,-0.4896864050229177
13,4.038337966907474,2.0161078299407094,-0.7465928318478099,0.04882205033676568
14,4.478075663442916,2.0439652256705436,0.007926073512946608,0.9542877391450544
15,3.8489395707006135,0.7610161912889359,-1.66195769774163,0.4486618149837746
16,0.960302263769693,-0.30540406863951636,-1.128017503986743,1.1601679065124868
17,-0.9765198816130998,-0.18866950033133834,-0.7854041009235755,0.3982291987385477
18,-0.42547920251525534,0.9704827287215051,-1.4251253850463705,0.2874765465516811
19,1.743633780331216,-0.9350305351845827,0.8547642777699928,0.734509258491157
20,-0.8716371881518014,0.9370941291648047,0.2725313349786113,1.2703535375683237
21,0.7227041986551452,1.585977992053817,2.0626888504850336,1.3609537303426762
22,1.9934200676738292,2.9453007829589097,2.7753635602524214,1.4440261623463528
23,3.381174504240235,3.125251610350569,2.3493945891813777,1.8184319768549475
24,4.197718552701347,2.075825769078312,0.7261522649736909,1.50292890225685
25,1.7933211607619048,0.25058839858830173,-0.8246328779659721,1.5498295423016415
26,1.3154269358734498,0.9928611691645055,-1.2437112957600722,0.8943212531731679
27,1.3073217187478565,-1.124512294159109,-1.2176539194591802,-0.05995570549266116
28,-0.5964241074122447,-1.9487247107842116,-1.968786415844198,-1.1213671583227383
29,-1.992357508955269,-4.10446097778394,-1.8887261993586115,-0.13820074341570576
30,-2.4186568554396386,-2.6195989259737695,-1.0847713894619984,0.21976192909616005
31,-3.5167428013143502,0.5634283253521888,-0.5949532701988682,-0.09001370907155193
32,-0.11058028340849019,-0.31999080361221016,-0.820663197038929,-0.3961483708279338
33,-0.9455147457753649,-0.8574680379453481,-0.1664696454312018,-0.6076987375573597
34,-0.8256453225810036,-1.7172288689353767,-0.7968272647664773,-1.094919285183554
35,-3.027079477997262,-1.5806292765820427,-2.1165167243545406,-1.3256408043244612
36,-0.6742371110720782,-2.2638402687701102,-2.37006679735891,-1.291791796365602
37,-0.6439680054295625,-2.5650603484386467,-1.6361487574816806,-0.5208212119473116
38,-2.382123840345244,-3.576439497339814,-2.0007833677986175,-0.2684133308572084
39,-2.3685678718724184,-3.629610703281708,-3.0973697083250387,-1.0070572688859936
40,-3.0504530112369053,-5.2417498853936095,-2.796424631129514,-0.2391320210346426
41,-5.588158081956091,-4.260727570091264,-2.1372413013955875,0.2333600033715434
42,-4.724159393363382,-2.9907243885945882,-1.7906115661144382,0.2589988653477815
43,-2.970820540186643,-3.316320196500237,0.03516927941830361,0.22512634794860525
44,-2.384836955038882,-1.653075842912554,0.3936482094678944,0.41536387485384013
45,-2.8692650803603423,0.17841224843532488,2.2087770338366908,0.400413676886534
46,-0.7723490813304612,1.386303458650067,1.6895121360492098,-0.061222583338333414
47,0.2128688360303681,2.756612715338474,0.8059915562814037,0.8705004838115519
48,2.7402816459998176,1.5474252056137416,1.7486420817722546,1.1396235323216688
49,2.4299389748036275,0.8640008056147674,3.1435066707174943,1.1037750327508367
50,1.387329159472584,3.127625749217256,0.19283726733526607,0.47215244223760017
51,2.1011095341531463,1.445783675414618,-1.4967701812860448,-0.17857612608633616
52,1.8418846783926364,0.578117321792652,-0.33233716173392314,0.3180514754243471
53,1.6350069130890483,0.7534054907706813,-0.6821015541677795,0.4059100735202116
54,1.386105115695543,2.5976583634920685,-1.61089932377553,0.5825837718521234
55,2.1384657448296425,0.8383818913073413,-0.36047492216511146,-0.05232902569737741
56,-0.07062014017174345,-0.49238932484478415,-1.0704647218934664,-0.021193018317339385
57,0.6008136574305415,-1.9777999244591329,1.0247332347018787,-0.6258929275188543
58,-2.2180612349647553,-2.2838212678058047,-0.29795661079375335,-0.7133216384705143
59,-1.1186759876780223,-1.0674614900901696,-0.5135341400554396,-0.5982740282544126
60,-0.21072989745161874,-1.2965103237753568,0.343646722408131,0.207083196450486
61,-2.3206385308461814,-0.3191486058218289,-0.005400069559828413,-0.20308949287027556
62,-0.22391981972729735,0.14793595027026446,-0.5300687764794151,-0.7246270094392566
63,0.1896257055756701,-1.0606512931201073,-0.36502632359706794,-0.30250965639725225
64,-0.017522087836281286,-1.3297345980968318,0.39088255782575343,0.12472051735354014
65,-1.444678316968801,-0.7631253831346173,0.33930986935559104,-0.6518974638416507
66,-1.6235452243647135,0.38917275667986273,-0.45287759095205105,-0.22791506533141398
67,0.07233641426775449,0.21795004811064933,-0.7941536696530376,0.37038321420463316
68,0.09730952749882676,-0.7486647934438795,0.13027657026424577,0.13309059341678153
69,0.07741840995717753,-0.3808965698960788,-0.6723008621239114,0.19636147630662482
70,0.3989096214322522,0.29089078433218296,-0.9792170744499678,0.5725448985527579
71,0.4181092764434201,-0.2821741339451084,-0.5800402434886096,0.801003953094872
72,0.35729594750088495,-0.9562263620093105,0.48028191544303783,0.5916946317927391
73,-0.49581917127379715,-1.7672590867663935,1.809799757369348,0.3339056961634227
74,-0.8212242273752075,1.0801853889753619,1.199515266017363,0.3953159308040466
75,1.0885427836022672,1.7363735615303457,0.4699909904168307,0.582318672099456
76,2.404609916968816,-0.36698071430993906,0.9642909407859219,0.3391650271803388
77,-1.3263021105747919,1.7924476815979724,2.258135997932595,-0.11121800278067101
78,1.0103637001346675,3.4580453926198578,0.41090510259004587,0.20464674331454433
79,3.1992665523537838,2.5566204992225394,-0.29831193563987546,0.5482946067572148
80,2.3669947716760555,0.6408252625007755,0.5227967885138227,0.9108842428926167
81,4.2941098695859745,0.9563429924670928,-0.027913815222996408,0.5187428549919306
82,0.6363272733847121,2.041766781458703,-2.146283439253986,1.179376421889379
83,1.0914225982292192,0.21366487545839663,-2.4646154163585354,2.098427364716134
84,2.960111288237443,-0.9557770187113727,-1.1663688639270589,1.290537197754935
85,1.0432085059258065,-0.7863911233665577,0.3446071354749932,1.1696268401722278
86,0.21130131159655824,1.9760846089267907,-0.006398352626236364,1.2187859706666906
87,0.814785410497482,-1.5356890219373396,-1.9707476886483624,-0.02620917086203911
88,1.033812776967623,-1.1206952608545515,-1.6498254281629376,-0.23192918541587135
89,-1.5899510191960826,-2.952208619505641,-0.8309788822454455,-0.805549153014355
90,-3.826857539632109,-2.39563347422684,-1.0016571007894348,-0.9262062462367847
91,-3.0217629403480366,-3.1853411864418346,-1.1638595183219742,-1.430336161759094
92,-2.651888640708654,-4.921941703116405,-0.22043147328507806,-1.4430193063565095
93,-4.388695497130226,-1.735098773382585,0.7335674874335345,-1.2733779117383786
94,-1.7895125120219428,-2.891550672881464,-0.04453977571391338,-1.2304285574052432
95,-3.4897248148828215,-1.7589747917010843,0.3761744646984431,-0.4548160011074346
96,-2.4538585450524306,-2.246552596817299,0.8196083666990728,-0.4775609745208284
97,-1.8656176233527517,-0.500205975604278,1.3529227193558544,-0.09912585953233005
98,-0.5392566710232201,0.8331335655498984,0.8738919402925162,0.110489639563993
99,-0.8436780637950364,2.9238402849862304,0.9951087013314833,-0.002056619027731174
100,0.791457545066311,1.603463450403004,1.4366350904575844,-0.11110361876196657
101,1.1112777129531068,1.772713135985276,2.056755050978034,0.29472062378671493
102,0.815654642576864,3.0628853965530713,0.8506869764636475,0.5499580429267731
103,2.0291673153381105,1.0708386614296204,2.3656924784711175,1.0016839903014403
104,3.032350331772851,1.4920907985613774,1.7171551650181138,0.3857362040227152
105,2.2915533580325786,1.8733860911287306,2.8397793343682727,0.49193220185965325
106,1.0217645066520702,5.117485787364605,-0.07119170270790964,0.32481167130470456
107,2.783867567639718,2.095849089128559,1.262243142362848,0.30055348695353634
108,4.858121095733894,2.0378615508918574,0.11236731395619037,0.6046784829454882
109,4.552860498050652,0.038054939390121056,-0.10869343925049033,1.2753334477213456
110,0.6631656947737665,-0.08258279463521241,-0.14651248130277422,0.2813987856403136
111,-0.08901901281105487,0.16006467266254895,-0.23991878420509594,-0.18432850261847372
112,0.49869477460092293,1.867944357958359,2.4307792274501447,0.3386983693373563
113,1.99240814016554,0.38268373860413396,2.2163368637934973,0.4732101966600598
114,2.0306930688118148,1.3826004441053534,0.982900636913131,1.1829361613430454
115,1.8725443702701585,0.016141316652283022,2.6007676253343983,1.388104704112914
116,1.147851760156475,0.04107786874079489,2.7237480808359398,1.2073749572076955
117,2.378673797620862,1.4665351942274345,0.7783648917213698,1.2398356600339167
118,2.187282198433524,2.8646749059857455,-1.4708775537959262,2.036225289111859
119,2.1390045141212934,-0.07256190947050378,0.3228848777973805,1.4316876555250775
120,0.78839216733936,-1.7144710982143985,-0.6653655946344721,1.169354272499201
121,-0.2575281027790466,-2.040784063070304,-0.020826468028686262,0.23387763009940943
122,-0.9090798024251728,-0.030189303843681126,1.2013678418897784,0.001025040694006163
123,-0.9167476909204848,0.9310708911067099,1.2267522813483165,0.1140321988029683
124,-0.7724554200478813,1.905981814275203,0.6452791232485945,-0.006845102721648955
125,0.9704557066683733,1.617015110656639,1.6615330965702042,0.11276775473150462
126,1.9743572137777239,3.205171783140017,-0.1539762887054107,-0.5712210686171069
127,2.2288116673769958,1.9092888109464632,2.036276835864499,-0.6135819905646182
128,2.7836666900272986,1.7034969354832985,1.8965856532785579,-0.5005102913484305
129,0.7970128181620081,2.0439962954483635,0.10694823270078424,-0.4052370935659812
130,3.119543276167869,2.079575028082959,1.3861897019951923,0.41684236849374307
131,2.089422774666311,0.4324522744843644,1.8819691697508047,-0.5346710310914389
132,-0.42100568927785953,0.8240452438946568,0.40378622473912973,0.04937077130522399
133,0.617754850584617,0.5994085908636282,1.2294657777495128,0.3758659066828458
134,1.1822253342696354,2.1805413804742586,0.4753208369525308,-0.6369344693686229
135,1.5274368849914741,0.6230525906571358,0.9040227261403903,-1.0163918822309446
136,-0.6171212784908073,0.6932653428481843,0.2646349139826669,-0.571643467703238
137,-0.30158652900135874,0.547771389958998,-1.3428103116347885,0.3660648708088521
138,-0.709646058724889,-0.05016146225767659,-1.3697824876928344,-0.11300985783063844
139,-0.041210253655238144,-2.0822879119753814,-0.9692159826784448,-0.21511501886706277
140,0.29102425082608097,-2.2067803797801933,-2.0982321174602387,-0.11807748818018715
141,-2.2195945669526744,-3.6517356464321438,-0.7883164599540529,-0.6566125058230002
142,-2.5584442976333457,-2.170806754065241,0.01856095342391373,-0.341750275517442
143,-1.355785154518753,-0.7255220878472399,1.2345997664716424,0.43041426043294617
144,-2.26721929318821,0.4334307079426324,2.0901630520362184,0.09674822114332457
145,-0.48092898921378846,2.158620856249436,1.4225799012363365,-0.5708973619113249
146,0.6010305280913253,1.2322143305213782,0.080617436117847,-0.32135644874901603
147,-1.0922485166195461,1.219928392860473,-0.21721788495158173,-0.26276436118829866
148,0.9290446115739825,1.260983502954772,-1.949613168006051,-1.1238179119398704
149,1.8135331434829438,-1.526031065245081,-0.3073969726017005,-0.37257429189639224
150,-0.9991424739544005,-1.6912677768242663,-1.3116411879542653,0.18357269863138298
151,-1.142045443924849,-0.37800583037978464,-0.09468280018343189,0.24438692257669492
152,-0.7862434951041712,-1.1981096037313954,-0.22676748879664235,0.2772767059977267
153,-1.0833953855156142,-2.396940936523677,0.47173342929127093,0.26577485559413655
154,-2.521896730635222,-0.9172328769220617,1.5594917924186915,0.17819011717868372
155,1.5867831221080428,1.3244166609995274,-0.19936184010481572,0.28733085261320945
156,1.7945621911770182,0.6946075065867157,-0.18975030037395224,-0.3296139644148848
157,0.106532547326609,-0.22726402512943406,-0.18760302220931377,-0.3478173349168802
158,0.09740560231495848,-0.48312863793570293,-1.1538565506323022,-0.41191409658077927
159,0.14430662239086928,-1.044473117452772,0.5064004414495691,0.03638779545850185
160,0.31763363248113274,0.5133022433886547,0.4102085867934258,0.1910639629553582
161,0.8465753138726465,0.7901968056009303,0.4001478843980246,0.10481984552145576
162,-0.22389939203702058,2.1729388163658396,0.6098199514366487,0.03633277197752164
163,1.7384135592752818,2.0229850620911467,-1.3659164852390602,0.8145720158869518
164,2.3437293891820983,0.021048158783141563,2.7533935624522115,0.8579419634104068
165,0.3355441299958445,3.347578421873033,0.6577849315371022,0.6847623602791799
166,1.892077212995133,0.9699497983722201,-0.24048432397289937,-0.6320413985920637
167,1.1230658734058696,0.29201165554385067,-1.8088183716685704,-0.2595358309497602
168,1.1792786504689923,-2.651621137034637,0.39428547383605084,-0.7958909595619185
169,0.2624027487293119,-1.8642382700197797,-1.720718930744813,-0.39498349286518963
170,-0.8755374810754123,-3.706823800318653,-1.0240311702688252,0.08210997434304884
171,-3.2108392551956113,-2.456963508807189,-1.725416919011392,-1.3059088691903755
172,-5.5416823464970175,-2.5212448661629216,-2.01910441553526,-0.7726727813342529
173,-4.284878727260217,-3.2039201918126152,0.2999150086753972,0.36653615996334943
174,-0.4310607822026742,-1.4789458965186117,-0.23443948130754239,0.19647657765528065
175,-0.1630894210336704,-0.11957471205930947,-1.058534187644478,0.995930062429952
176,-0.2351428883020461,0.13797872193950544,-0.012708714818391975,0.14534421448162094
177,3.3548605375274727,-1.250683507140931,0.35897920175002646,-0.367224937077726
178,0.08795801528032493,-2.406123799537172,1.3409622029700086,-0.03986339225337138
179,-1.079209735826391,-0.18247478099601774,0.7392865925334016,-0.4468378123361851
180,-1.7816695163638823,-0.3026377392954642,0.7744391029760416,0.42982751598097585
181,1.1685215909414806,0.6968478755217438,-0.6146857811162676,0.9384119340632263
182,0.14447407086888153,-0.7878526818068559,-0.9987905996571804,0.3982041040230274
183,-1.2103792537139302,0.2686878546029412,-2.270259863425915,0.5289050587425009
184,1.432196173530565,-3.170589300732259,-1.1009377319308702,1.0031513978181579
185,0.21890675561337458,-2.3232928071048486,-0.6223811353868991,1.2085248772331507
186,-1.359061332514207,-1.1380471420612215,0.4579147507375735,1.4826374880574906
187,-0.40950693136932115,-0.4337979377658805,0.5520670593395594,1.1174880381555812
188,-0.7966118675251153,0.0727898867985351,0.0013114994613497855,0.616667543209414
189,0.09904998416765892,1.2578306806354904,-0.1474474552706575,0.8557807501375845
190,1.6053758498280368,1.2328974161212725,-1.1068157935302112,-0.0013573560043912414
191,2.402086516146798,-0.27964474134961254,-1.6926936068507867,0.07704396213377347
192,-0.6556923482767563,-0.610766408923326,-1.9928330640103864,0.3884921456666414
193,0.9484774460364813,-3.370371498105449,-1.9054837824755526,-0.09201345294009189
194,-2.1612611265179464,-3.3082380517239542,-3.298915900985847,-0.32478963146858153
195,-1.6757999377561168,-3.8487614427257366,-0.2880018378407332,0.4573537437948548
196,-3.1282068653999757,-3.228695453470099,1.3261488963874524,-0.010865207179224678
197,-3.778711500307569,-1.5028356282465958,2.5887308395364013,0.022379988178818803
198,-0.7698638660001758,1.2960853141482935,1.4602380345466077,0.0358636657811935
199,2.5709250391821055,2.2203650204932512,2.3110524547935305,0.24507438018587477
200,2.3319214677358935,3.030432395157977,0.13963597758180502,-0.13990421347117948
201,1.2046035812596527,2.064275482721583,-0.7057177446457054,0.10818896751317925
202,0.04969232277631308,0.6980810521603372,-1.896164962680425,-0.5485202562231515
203,-0.34913120615036364,-1.3180250213141804,-2.041614784250821,-1.2586998109160132
204,-0.08656361910482979,-2.33396980879001,-1.0186699671873813,0.1596181554850471
205,-2.2652926468195895,-2.333621984215643,-2.2595069306048883,1.052264725965926
206,-2.638950456912615,-3.4667130731345748,0.09290210815607058,0.08623313607887328
207,-1.609271472072726,-1.6195153222645227,-0.8814073765111253,-0.01690448163502789
208,-2.2358663784344412,-1.5755881964633942,-0.12228562009845229,-0.40288464661922535
209,-0.37688083089392754,-1.4229477518424427,0.45737922969063155,-0.33708298997232367
210,-1.2049543944155479,-1.595262556500687,1.5080182405352809,-0.18440916174336963
211,-3.7929693639034774,-0.5983794465974899,1.7509007180261023,-0.3578258205125959
212,-2.710662488672928,0.5862905848923124,-1.3446156256608883,0.43787010593188475
213,0.19303472366585672,-1.120055901786174,-0.5763344637629719,-0.1472839782189433
214,-0.03281010220706815,-1.7816608562523608,-0.2299074042838398,-0.79473591343237
215,-1.504695327289695,-0.9017251812610957,-2.7272579368645897,-0.5459170623379328
216,0.4303229078480293,-2.7123445569417406,-1.7104566371946646,0.19933951889067603
217,-1.2756674264781624,-4.634000156267413,-1.4434251204076038,-1.2505389089615386
218,-2.9612234496869903,-3.8958260956364326,-1.2382083727434077,-0.6832484602695523
219,-2.9768426932136904,-2.8805128521568597,-0.4768024238143476,-0.5158087816146013
220,-1.8625697318606762,-1.8356763292995493,-1.735193401034257,-0.01570507247597075
221,-1.1310762584139666,-1.5427076664097052,-1.1130166254834744,0.5283993074421214
222,-1.1256890126150216,-1.0290166377751229,0.011311776797800266,0.16464762867074156
223,-0.1678419443369017,0.6595419253337942,-0.8989724424942147,0.5889142812070399
224,-0.631407926387892,-1.402867010253651,-1.3016420365324095,0.543096748634378
225,-0.7611801026979316,0.19743461729439438,0.9731788702342022,0.39993143581693674
226,1.130653478347443,-0.17206239279053592,-0.47371659295509283,0.02887260878956288
227,-1.4626754485736055,0.010138056148251473,-0.7929870937126389,-0.43294374416742826
228,-1.6757079558485861,-1.5483706611755579,-1.1366808579872494,0.40770437705486695
229,-2.303526450812069,-0.718286831219154,-0.8120191321607937,-0.050945067771358765
230,-1.567393726616769,1.3238994911538406,0.009981385838825518,-0.13318678080144133
231,0.9771119804710426,1.2563838488605994,0.657678789061617,0.18031754449737997
232,0.7265904480651569,3.2699887250355024,-1.5455716562691597,-0.5520511844524993
233,2.3244084620600014,-0.9886339447720447,0.3516238641161492,-0.7087125702984323
234,-0.09075629955735343,-1.7962266991413374,-1.4715843258366887,-0.9678496877658331
235,1.3434779210561894,-0.7348736876779773,-2.1507197901014945,-0.6810746779639149
236,1.5565173096332006,-3.1775901992883635,-3.250747485773334,-0.7932096530050908
237,-3.02909758342168,-4.126782785585857,-2.1109960984681284,-0.8848362355713901
238,-4.770804977126921,-2.8776030959505565,-3.704004389404883,-1.31456673862401
239,-1.6433103699347724,-2.095142716474356,-1.5707463361595229,-1.198000806392733
240,-1.323326958801517,-2.194576972619177,-2.649055090841954,-0.9787045929996048
241,-2.949564232117203,-3.9467225751881108,-0.7413610702016131,-0.6818211988559664
242,-5.056953350159676,-2.141950643189668,-0.12682386623742609,-0.9672191879653008
243,-3.600179018129914,-0.8106264634120809,-0.43096894305066913,-0.9805260552039385
244,-0.09811820510629077,-0.1026919239385109,0.33743253712598176,-0.6006529990081422
245,-1.0113620256487836,0.6050383419478929,-0.5653968612644876,-0.46062444987025825
246,-1.009322547942817,-1.9557096517308832,1.755889592439835,-1.1591158889374857
247,-1.6337214981609902,-2.0590282396656425,0.8640006846187481,-1.3455678665279889
248,-3.4796444704642755,-0.35521803183189726,0.7058856456899305,-1.013063150309946
249,-3.524650902606691,0.36533980952288947,1.2475148916685468,-0.7709112735061455
250,-0.5779996670134326,1.6004605480693423,2.7187936658767606,0.12477460800666407
251,1.7994825019227831,4.379248791134435,4.030840975107417,0.10661414178544128
252,3.883906687897415,6.405473756948467,2.343017506022397,-0.4844461912510285
253,4.585581864530605,4.193863641603338,1.5403761633416697,-0.7773504429188571
254,3.3317954503284986,3.962127095756236,1.636456031386936,-0.568992696275339
255,3.592268005521205,3.157552686115936,0.5383420918942043,-0.8536584054939922
256,3.328358732325882,0.9763088627679577,0.13268584669792996,-0.8157675967599567
257,1.3742657323829615,1.1900091373782784,-0.8208932202440592,-0.9599346997746437
258,1.3922957619085135,1.0535686594841445,-0.5614127271100674,-0.7486234589767731
259,0.1834104259702114,-1.0239490181217588,0.27735177670973177,-0.44365403442507334
260,-0.12964154790455773,-0.8850116828296212,-1.2739942933063462,-0.37005215713871664
261,-1.075483271550808,-2.893588319043701,-0.04344761080642878,0.3290833185838583
262,-2.7736040584166455,-2.2794539375495537,0.20976889476312238,-0.6569507541585664
263,-1.4564673929029814,-1.7257671310691038,-0.21961043924271917,-0.44496800799500613
264,-1.6521082847946928,-1.6341906618714293,-1.0958004803310317,-0.3445617652088419
265,-1.5908056460752424,-1.4955857598267,0.5367438023143516,-0.2634129580949225
266,-2.9378369333407797,-0.6046320249502747,-0.3492283332624187,-0.7328779783102343
267,-0.8352792602588596,-2.4154957475860264,1.1798151770574674,-0.9385866337164209
268,-1.0569174606502352,-2.14519219030543,-0.47556504789127196,0.028579020883472972
269,-2.3302637864533486,-1.8303501050029283,-0.6892247708692221,0.40956117036130335
270,-0.6330643605848275,-2.89068785221254,-0.4963273962374808,0.5674927449757519
271,-0.9600650510559541,-1.0363273604785526,1.829491151656791,0.9140965797056568
272,-0.8957055746997824,1.7623583923315107,0.3968260669170559,0.049101413441681396
273,0.6815008821916456,1.4691743513197106,0.2006229050260716,0.59711425327823
274,1.1980017774623017,0.37924963851524807,-0.7278514023413284,-0.20710211479661278
275,-0.8236006895267123,-0.11172986769726545,-1.0701429703050764,-0.742324780626777
276,0.3780250672908624,-1.4881442504266151,0.13489520800034216,-0.764566081074791
277,-0.9704885034718936,-0.3771576418723056,-1.9410630968456246,-0.15484344442474968
278,-0.9087280688347883,-2.673891078447335,0.6777411034406493,-0.651566882911092
279,-2.7191995034750183,-0.19967570945701762,0.565043310901412,-0.10528853493672052
280,-2.3296061869406537,1.6378901093372775,0.038666440230542776,0.7345231753179106
281,2.217839506603466,-0.5473765761241507,0.8546388740050012,1.1304994430429005
282,-0.16207822373869352,2.431876447709944,1.3818819036960697,1.068135981762398
283,1.5861749294121785,2.939971198429202,2.04200101189848,0.24202341350529877
284,3.893429711835724,3.0935664136062493,0.4038176187266519,-0.09656384413583302
285,4.0190973380335135,1.9367410681952237,-0.575462844098533,-0.5642110888395775
286,0.5838425316823785,0.6388263852950145,-0.6415099843690127,-0.5890228949240622
287,-0.024366704705448494,0.9472118649229764,-0.7665824606163073,-0.5820636405307702
288,0.2752128541915961,0.6701345013793125,0.5434467261146,-0.775973757587335
289,0.3692228881411464,1.3271434911371844,-0.2803796505068691,0.1714739999043976
290,1.8095134501344852,-0.48617430500631675,0.23390953234575756,0.9191275467098933
291,0.537263688801228,0.8827972220293205,-0.33111684396466834,0.8805821653794805
292,0.48078819567664655,-0.6155417518670184,0.47887251381942497,0.7249660611049487
293,-1.0424855270952902,0.4250728683545105,0.07792814397125605,0.9370776331396136
294,1.4284832555795397,-0.705329308532295,0.46116638292166023,0.8049162274537657
295,0.27414443113867665,-1.608009690920538,1.517691746582633,-0.5409377114865763
296,-1.300341279610036,-1.6953869688092928,0.8646800700541439,-0.5766947117260316
297,-2.733528696731935,-0.43616578898661396,0.44045521935277665,-0.4370967255177817
298,-1.699763338059291,-0.5894837408466207,2.061420451953026,0.07479554755963014
299,-0.9224416302686271,1.7055887374347176,-0.7002111508285549,0.48476243699777327
300,-0.40683612890081344,0.4817289168136724,1.3932513361476846,-0.3070250459959854
301,0.2585825905496759,0.2649060080811262,1.7982864855408849,-0.901449454004347
302,-0.7199565610621811,2.7074801656661887,1.9104493072947029,-1.1684938743914417
303,0.8889304656229786,2.4244608775636713,2.55663085610849,-0.9320313858681458
304,1.3606121261371287,2.684694349913009,0.7574642389452615,-1.9780943092247532
305,0.9815134258166558,1.935383117526019,0.49313075040939,-1.2331889543016206
306,1.2900243859540566,-1.4963048198762796,2.447310325811439,-1.354654791097962
307,0.20118405459103683,-0.035402581839764746,1.7935512283923836,-1.7493103677940596
308,0.35581359053511974,1.6435336610511002,0.40433235016654756,-1.835957621553587
309,0.8531944234766491,-0.49650289066212383,0.3826232905188137,-0.9973183511716747
310,-0.7455749605396367,-0.304684146563226,0.6483811137275339,-1.2300120571690631
311,-0.5841475250025533,0.20968623735792166,-0.16575185166403777,-1.363195020467436
312,-1.3475672408948647,-0.07611104847398947,0.7257637364020456,-1.5699379810094483
313,-0.4179286314718071,-1.5440587772759284,0.36267251007149254,-1.199543764507689
314,-2.1026922451858887,-1.4908307636291727,0.9744881951092641,-0.8029018600850747
315,-0.24131118559170162,-0.533506386035635,1.3436018826000224,-0.8677514684370383
316,1.6220247919972655,0.18474747389492385,0.07625615983955025,-0.31592358167234763
317,0.43299951926229974,1.7183414788189757,-0.6909964981930786,0.2955623224682609
318,1.0023833497905168,0.9006422785545218,-0.9214885586538111,0.5803889161062307
319,-0.8649271100858904,-0.26306777707634765,2.113186121370683,0.6635047684175287
320,-1.4959460645703297,2.204396737987165,1.0385779768147214,0.41204619113156515
321,1.2311809106275242,1.6317535522726612,1.8646736690981247,0.08497226114024711
322,1.3928083689282404,1.48427773591217,1.2342418315924788,0.7834274943892188
323,2.056199074588602,3.89344152799705,2.046210163837405,0.46475220320068683
324,5.389838678166347,4.376952378793162,1.2684460144059149,0.32796710728708656
325,4.806291632637379,3.8271920825770587,0.7293456770475025,1.3287347324736984
326,5.148172399601961,2.745485865846409,1.0945295143914147,0.9740459841186682
327,4.575101020412822,3.439386297144945,0.4847702430461851,0.9029525203597334
328,4.137886623694188,1.2369746712531215,-0.9592768289824973,0.6309973271931824
329,3.4618164267059433,-0.533655552478736,0.47908226240281293,1.0546244032447998
330,-0.07874131275198193,-0.2060300241573677,1.1822201504675252,0.4777978291464648
331,-0.22225444742836425,1.2736621492005678,0.48129262603298634,0.3756182806736466
332,1.3446202168350365,0.3289332875993799,-0.2340261430919402,0.7219208380903408
333,1.4311602995298816,-0.6838606249782301,0.20883855928826955,-0.24555833136418792
334,1.8194455939097556,0.6821521236464115,1.6276359048919409,0.14412572976907861
335,0.07909252370384745,2.712820052514616,1.55811388991659,-0.5451676314250282
336,2.181307124543384,2.4410453231227334,-0.3827153582828555,-0.3415735841411978
337,1.6297946434704684,1.3156527216547418,-0.31048199720250264,0.4816597105958144
338,0.4748949226242498,0.07865078217134702,-1.2516994935746522,0.14454400538647627
339,-0.681636023138996,-3.1918507179838302,-0.788723988299112,0.7221622455922493
340,-2.443159855104759,-2.5646263756531695,-0.40166929738607793,1.4556471692511477
341,-1.722894385040359,-0.17004475694295973,-0.30549178003320937,1.0664214852981397
342,0.9791822968681105,1.4855953270989921,0.4642577350729334,1.4441820575727924
343,1.7428262576041968,0.6113574784976886,1.239381111511774,1.1920597372845076
344,0.7709216959947333,1.9355324041013313,1.2676964187170952,1.124605906490156
345,0.8947747439120293,2.7731053315450214,0.5466392051428168,0.5718817710537951
346,1.561939315086926,2.101078433035652,0.5103403262451285,0.010773458781942857
347,-0.10884341117435636,0.5063319103062097,0.39063758194297815,-0.04154036263000033
348,1.951241175518113,-0.42685946837708655,0.31084942137369964,0.3237310894237928
349,0.9199859172851074,0.05284209343019128,0.912686432922529,-0.35827712679176493
350,-1.5178900283395318,0.6505094110379124,1.34762482173262,-0.8045886729820497
351,-0.381768196262932,3.428000398512646,0.6158448226494329,-0.3048687537447264
352,0.8418061212520223,1.734489672780382,1.4655599253125617,0.05944762305504772
353,1.5329519084720973,3.18656995851594,1.9639271146665838,0.1522265183550974
354,2.5535222064084557,2.452019994959457,0.3901882385978249,-0.3144944563849815
355,3.650360984926947,0.35172475498419575,0.4085073241438638,0.06110832429137969
356,0.5070149450880613,0.8858490627294151,3.2439873740260796,0.1875634015833483
357,0.013673565482919592,2.5871115968390805,2.0354516064752146,-0.6399570495741186
358,2.803312037359956,3.110445628236673,0.32732706671441536,-1.1563327998315809
359,2.5000925134624183,2.6132484555801785,-0.13764333345804694,-0.5388989036275726
360,1.7176877653047187,1.928450536752695,-1.4690739626320857,-0.7130272664927415
361,0.7042645834812831,1.2584434551230617,-2.645830403824762,0.04101456668679693
362,1.3831665557332062,-1.1684836073319738,-0.08678567282849214,0.9143983670499015
363,-2.5303807338789057,-0.650163662624718,1.2311934032561178,0.25397263475329607
364,-1.2767331857478184,1.2191351147623375,0.38641280745525947,1.1846099769626715
365,1.2631134896560805,3.333437111297356,-0.9236560433793175,0.674952290094551
366,2.2272307381647547,1.534521121546535,1.4531818312317442,0.5440958599232829
367,2.588441499245493,3.0130120669166005,-0.20410242334264572,0.8906802193578033
368,4.396028045918268,0.6939871646218023,-1.838636352652722,1.4886991262459914
369,3.1843211210010423,0.14896389841029078,-1.2316702973596876,1.2616607148050238
370,2.158198311628142,-0.696695250833145,-1.5450559393477974,1.1687017626235412
371,0.5370871676538249,-0.6783705225523757,-0.2084383632574338,0.5446238672853402
372,1.49915900551012,0.7115237641565384,-0.01763181999931919,1.0139160412116797
373,0.6469284415326244,1.6885600238704588,0.8135196017657458,1.2783620185688025
374,0.8982389702091562,1.8828528669672218,0.6108503871170899,1.4966456996515556
375,2.917661129954018,2.2890741722850363,-0.7064243259719563,0.4860118540982137
376,2.7856645461482876,-0.2761976222250324,0.8082893577888605,0.7829480913020861
377,1.5872124655550723,1.1920981562239241,-1.6519846360280441,0.9855466925069174
378,2.70513000649297,0.8508376776107596,-1.458163845064244,1.4079940591262228
379,2.0693695256192965,-0.9896264380723633,-0.7464570549292904,0.009493900387455012
380,-1.2929724517580063,-1.1854141944777736,-2.065184247951432,0.41517230311296116
381,-1.2953657681765,-2.082398812739032,-2.5524125465621013,-0.05838674095541335
382,-1.89297263373007,-4.188484926159473,-3.044896517110264,-0.027506815904704066
383,-3.023360237746009,-4.244811067007865,-2.1966455540777585,-0.08853396482652949
384,-1.9447611238960216,-5.568385089128029,-2.477307991801621,-0.6854288350605858
385,-4.633796135278089,-5.247313528538303,-1.3284550199605687,-0.20864382840750467
386,-2.970683487579489,-2.964963752868184,-0.132612796078857,0.9810849248569066
387,-1.0847862429993786,-2.42518827695556,-0.32040535874735565,1.5826600399003032
388,-1.9039202443471601,-0.031566806403840686,-0.6010019997433214,1.8129851090962044
389,0.09163044695674522,0.2393141097814296,2.118027733490198,1.839302814724841
390,1.0111132007051247,0.5520967374504622,2.503893460399313,1.5152206671388924
391,0.8950855624390565,2.5406823719271205,1.1111897807437323,0.9472018709602642
392,0.9007917100926643,1.7650855407419934,0.5203050448945623,0.5967697631635421
393,2.0935532421822276,1.9541807603834314,-0.8329270521412837,0.5951666504985273
394,1.4661238373823404,1.0446409544463469,-0.3378110264410254,-0.009701911402624608
395,-0.16412513926605843,0.49395405194636716,-0.4942072748161307,-0.6008811746598339
396,-1.4162658452147197,-1.2342559048271053,-0.0015303227399161012,-1.270538879480637
397,-2.1938773842535655,-1.6198773119092627,-0.7561455832506788,-1.4194456648382965
398,-1.0541262665619158,-2.2428224688966205,1.0353789412614756,-0.9127220658278016
399,-1.2900357914652898,-0.45116509198420873,-0.21870528425668323,0.09412770866223263
400,-1.1184967137752997,0.3922548282259076,-1.3022827971492947,-0.3787282942045669
401,0.9675564860630932,0.06972858562044904,-2.1873457472409266,-1.06382212067876
402,-0.48084372069987014,-2.5854182070868856,-2.4951743784152463,-0.8364352999964837
403,-2.991667354893943,-3.6002209593434173,-1.9128551888126066,-0.6624802962762145
404,-2.810088819848035,-5.777654750151301,-2.553969670643112,0.1512274559455794
405,-4.292010679239098,-4.6086456811151955,-0.990959002720485,0.005433132111731992
406,-4.241515970026253,-4.43250045809415,-0.659175137667079,0.5399725305791513
407,-4.329666218712336,-3.048962181374831,0.46901249007883505,0.8278561977178801
408,-3.0689146046127185,-1.7488918910396762,-2.150649870019657,0.9789841794209846
409,-0.5637615583437213,-2.8792549126267515,-0.6576136108062447,0.9539440541463233
410,0.02931770006767742,-1.9641078098560751,-3.4504128519802433,1.3819126828253117
411,-1.3319114507846783,-4.191203123938494,-1.8043832878907682,0.745094295198639
412,-3.0876766514288874,-2.918200336149588,-1.888085508142501,1.3123051557826346
413,-2.6838804069548665,-2.043634718574753,-0.45559351593072905,1.01966098212826
414,-0.3153964834407612,-1.4967837278480491,-0.29589555514762245,0.8546274782646043
415,-0.9823453724588334,-0.5043914559239095,1.3344205372229545,0.6635463531225598
416,-0.1463395758723119,-0.9525506407678982,-1.401068775891728,0.10062756340100892
417,-1.1446204056138285,-2.680056023918411,-1.703296185624707,0.25467878832356067
418,-2.343511454755924,-1.9337162385384925,-1.0996196716591884,-0.5459189960384179
419,-2.406401094721228,-2.1306789863762625,-0.7535722328749112,-0.7298847927927092
420,-3.4442404355278793,-2.3203616403007596,-0.44596986422971197,-1.050305078403683
421,-1.9558655861090124,-1.7594574875725477,1.206993357760908,-0.67032642150851
422,-1.2978475038269,1.0126395575560614,1.8134003895325739,-0.1996407736990397
423,0.8019459554126132,1.3011733684053166,0.7536087957355263,-0.6415741415432881
424,1.8423117338696224,-0.6626407490047441,-0.45465596454172585,0.6553824326113161
425,-0.017105705100737473,-0.3881513541120941,0.9935345986040687,-0.18681077340112084
426,0.7529173960118607,1.5307485705570523,0.1792432680757845,-0.10795073212812836
427,3.3685233401386685,-0.41139948620751277,-0.39251920509451094,-0.3712789679860873
428,-0.6451401085781495,-0.4594325805636717,-0.32069719863179125,-0.01620268268852615
429,-1.1708074862847189,-2.1927958467940036,-0.575834752851495,0.18609116119776967
430,-0.6887561376467473,-1.0038461052568945,0.42341316671800683,0.028362844520342045
431,0.4770116227726626,-0.9268549724088102,-0.22755604575113464,-0.7242243393895167
432,-0.7119228657160575,-0.9841678224678291,0.5914082236947723,-0.7770162101863062
433,-1.8571933511172918,-0.5764410442745661,0.7728316574540326,-0.46629983908501726
434,-1.0852423853650455,0.5206392263796984,0.7787287937106664,-0.554976847507946
435,-1.7957464090783046,-0.996167928772216,1.3064062632298499,-0.5113630206698823
436,-1.080772938316686,0.0818005672257707,1.372038702272088,-1.6142310087830714
437,-0.6304395661765876,1.2747496875424338,1.2024469632346622,-1.180596999309806
438,0.47848686342683544,0.412821767722932,0.9348641924024598,-0.4544341322831174
439,-1.4046244833945825,2.113129626192925,1.6623140499343068,-0.8701187230066751
440,2.4929031526701393,2.233433885537646,-0.12591974508502157,-1.049632318855474
441,2.139568281318895,0.6739199894190703,2.1822276492375146,-0.7636492150988217
442,-0.1401302992595097,1.9847515771352482,1.2521825792041048,-1.0233117793684443
443,0.9116168281341259,1.2303176791368746,0.4631973627541037,-0.49530146118220586
444,-0.9315398566108442,0.4851806437926589,2.034941720010431,0.1107079591518218
445,0.040230406193195456,1.3023502407068972,2.765745483034405,0.172901794550088
446,1.4781124814641668,4.410286653393967,1.9080870078376226,0.31854161974598877
447,4.3781460307678515,4.655926157173129,2.247475956523381,0.642654855684598
448,3.540917669691604,4.430667156575168,2.685769921904973,0.605403551924415
449,3.254350501283878,4.382407375658588,2.161091180368434,-0.1437405004667347
450,4.047506750326931,4.728537850813214,3.539315336617237,0.06707569795561319
451,4.487960792425529,4.76341789274192,3.1628709379485773,-0.5123739775715987
452,6.838775795179425,5.181828293369257,2.2632966242310544,-0.6141659678514636
453,4.6805885689982265,4.040710771270812,2.784739710038744,-0.1305213380560395
454,3.727278848431207,4.776564944609108,0.6907000469453053,0.47990639327504303
455,5.0417008682033675,2.5793376010271447,1.3397585534503893,0.9015350848658741
456,2.5149353232916853,3.522154273398384,1.8735080812537768,0.7691040613387982
457,2.3588527025386123,3.1702197977841697,-0.5740340581586909,0.4994219371234676
458,3.4492929997933595,0.8297658373023817,-0.23347570491523695,0.3623939267339726
459,1.2745839625024415,3.1667876335347453,0.19015474208768623,0.41863000587379223
460,2.348366722914921,2.5611470269460934,-0.7022217649941953,0.9132263175499253
461,2.5055452182504845,1.5224341936790713,0.48873069653445933,0.9976597960133196
462,2.355713225495039,1.267022863602862,-0.01672544343838478,1.1946639403327028
463,0.6739841943809395,1.923081620431121,0.6137114040932398,1.1947285675835049
464,3.422893825679046,1.0071538297982734,0.8188508208363209,1.1590180857200858
465,2.4611777395301027,0.9017447420496931,1.1255935290648131,0.6516346723707986
466,2.4417303276263933,0.2273626524019614,1.093801324730517,0.9637150014128765
467,1.565803750652651,0.7665559312090567,0.4557605789927195,0.5945234474288316
468,2.830629204512963,1.688810976574283,0.8982050574108738,0.5644147538670227
469,1.2095777036698059,2.537899648733223,1.9816960296212551,0.2868573660217552
470,1.280306293542774,1.9747405260633826,-0.3477096353749405,-0.8243119799452769
471,1.135537765185814,-1.5036033379509948,-0.6211360923503779,-0.7030830568721984
472,-0.5545122708561556,-2.388638014226169,-0.7318152618191434,-0.29057482977193255
473,-2.2328848038888824,-2.3638116698754104,-3.1429758543947335,-0.9120146758888433
474,-2.129748574737691,-3.7993991977626727,-0.7000084058590772,-0.36184444634861734
475,-1.810287791275164,-2.298656331320374,-0.7258974383215849,0.5186949001213366
476,-2.907868603740029,-2.1277467738432048,-0.3965611965060679,0.5527185099768225
477,-0.6728630566161459,-0.6820276325483756,-1.2438837887464642,1.3076398868185688
478,0.1744913542044219,1.5479561971969442,-1.5238566099311803,1.9103238383944214
479,3.3975220335805947,-0.9854458648128837,-0.15486463066656742,1.3457357625803552
480,0.027370518968820506,0.05136284338466318,0.653424580686723,0.5741715689785901
481,1.1436434525120562,0.7429072269209488,0.8296774836236444,0.050459498676107106
482,-0.6161991089064787,1.5245245421212144,-0.18047600855320506,0.2666644560792206
483,0.46948844092304176,0.13292684181787828,-0.27755936449320595,-0.7025474783763883
484,1.5607983131622476,0.5790087505357645,-0.9681015136792236,-0.2884564432730596
485,1.7903302617389407,-1.5649609226806402,-0.8491842647556666,0.15298290824310137
486,-1.8039710314831805,-2.5689626479222496,0.8429784604710848,-0.9295393059031161
487,-2.9068408918231947,-1.5822234516574851,1.0136969684217572,-1.2707274849219607
488,-2.143793759877204,1.2659325273711755,0.08624942790335977,-0.5784551028380438
489,-0.8053809569933049,-0.6007587905992188,0.4910906438705033,-0.08851769826621353
490,-0.47309013832556457,-0.01932358039237672,-1.1205760587669367,-0.8101345268346849
491,-0.09711961979960987,-0.5886845461952276,-1.3541595476302655,-0.852994555623587
492,0.0057518999480372646,-3.093869316284702,-0.3907630061215032,-0.4542925009586657
493,-2.194966609013725,-3.285639557627569,0.2665604672635531,-0.3514448934950714
494,-3.799807162150592,-2.4203214323646893,-0.12127695730885302,-0.657015889522305
495,-2.099403972018384,-3.196950971726852,0.9044625042982805,-1.0991898814119185
496,-2.618272045970022,-0.8283176319202744,1.7649649054254022,-0.6125578695238567
497,-0.21555876021658027,2.026501893170743,1.4043859078660517,-0.7288905979461063
498,1.9919457529282143,1.7240406863015134,1.2727700089851233,-0.5322648963721435
499,2.222552075074058,1.5529568459228957,0.9272797461895773,-0.17788842729327772
500,0.6026684804545925,1.0250921032973872,-0.4788920062158766,0.25631843079610495
501,-0.39461706939017926,-1.8510872243459646,-1.1553724221916504,-0.5449802068905558
502,-2.6232756654286282,-1.9968682333719072,-1.1402387123783164,0.0449213989608262
503,-2.09127676521288,-2.323321132330999,0.4785558553370872,0.6330859618319455
504,-1.8530509511293547,-1.2337336002231252,0.02843226999237347,0.31478923407742054
505,-3.0132572925545933,-1.012018206430997,0.6107726211565558,0.7116598941682928
506,-0.5222901790043118,-1.3235745323208472,-0.5068574089159408,0.19425116838853262
507,-2.7503996463795986,-2.224782119687719,-0.22220685733606244,0.3106119554778016
508,-2.714591832763083,-0.8501087443258017,-0.3466381055245782,0.3896788572752412
509,-1.1702232115161566,-1.144965445087607,-0.6862504299902331,0.6074236485447502
510,-1.9615141141946537,-0.5624393842016119,1.1338551023035397,-0.34620454411079676
511,-2.3177504432874443,-0.7880877274401721,-0.23224373418631084,-0.2262434341752666
512,-1.2629895184174755,-1.505432078853048,1.0665551241067661,-0.6115479489210759
513,-3.719530930824819,-0.683779214880478,0.5138057863503724,-1.071136051194896
514,-1.146277791937174,-0.22894640383581466,-0.7132753262445966,-1.7021001410240717
515,-1.0494386654797498,-1.8594378315202416,-0.9172905585896574,-1.3909358050715053
516,-2.4260332104009104,-3.6403744380807144,-0.4615212739029256,-1.8231826421352295
517,-3.761704430148897,-2.6579382730567964,-1.6043004674475139,-1.138221971299526
518,-1.3700665614984897,-3.3969744143547858,-1.7792216202234923,-1.0535749424628782
519,-2.994273238014416,-2.8941280827955174,-1.0121609729453442,-0.8374038938067206
520,-2.2813501965679146,-0.6285956442213261,-2.2033520507777564,-0.6663574253738823
521,-2.2894850657284658,-1.1265689402415968,-2.928158248754876,-1.1739775962825652
522,-1.5949268936092504,-1.117692049784518,-0.3140553920431801,-0.5540377599875441
523,-2.2001752457113244,-2.7279411545639327,-1.1433700966501428,-0.9516942153663351
524,-3.1963753035567253,-1.600024572563031,-1.4669746517756024,-1.1614215273427433
525,-1.4224055545269583,-2.2629345928958204,1.5300865964552082,-0.8710417649394525
526,-1.8199865748569468,1.1100082965768039,0.8437294064925169,-0.6040286623264393
527,-0.37938813923077463,0.09292498094783885,0.8513415680840402,-1.2214269729442455
528,-0.6281572177078059,0.05262796888296212,0.7133424232044676,-0.6145424808711114
529,-1.521344573826645,-0.281169169026509,0.5463911289143405,-0.3214394949365914
530,-1.8504932190889463,0.460370317668908,1.9238770024816794,-0.15487776624037428
531,0.8235437464495219,2.6354206195462107,1.3947213100935851,-0.833809565825346
532,1.1732991524434826,0.5382707654513708,-0.8205233451340637,-0.9282876356812572
533,-0.19824894063189413,-0.5881989021670007,-0.5348474094875788,-0.6268628521652755
534,-0.22272319683243608,-1.6107870634615247,-1.1374281507769681,-0.4604484998500573
535,-2.7808868816964134,-0.28030739116700576,-1.1923282663520902,-0.7061474901380027
536,0.16261473568586404,-0.5391529010759485,0.04554579934420533,-0.6699459407776466
537,-0.502285660123505,3.2582259556145257,-1.485977318552463,-0.40975838701660516
538,3.8369006072022582,-1.6706507228413052,0.8511994650736939,-1.2725151140783162
539,-1.5238787119540222,-0.627751076809606,-0.06746593706266502,-1.341215003931712
540,-1.7715828245054384,-0.5572173317370515,-0.6971967820783894,-1.4120820306619204
541,-0.9238753381999809,-1.7844778274561315,0.8785350681007156,-1.8995342223918774
542,-1.928379913913119,1.0589238525624607,0.30472376042701044,-1.003892382476725
543,-0.4468754374323367,-1.806415055263951,0.7468083609100789,-1.859030676498088
544,-3.222649281750366,-1.1131724892062183,2.4661422071633305,-1.837161605707247
545,-3.2489804492774566,2.37599603239243,2.4512590735181288,-1.3137260741565981
546,0.08588912250683023,3.7835422789751467,1.5198254058052352,-0.7646508528409655
547,3.692223215943677,2.811496868649528,1.5967278118590995,-0.289693530597428
548,1.2669996873780327,3.6887064258283058,1.7324093925171722,-0.08887957558316723
549,3.425609272211643,1.820770843067457,0.1610963385595241,-0.10281467342428732
550,2.0173871394179828,2.449679840457055,0.0862934109018886,-0.2464886790524137
551,2.3885709195232123,2.50215286361344,-0.6416864449390012,0.144390048133879
552,3.1221113672485665,2.1060479397637346,0.24703224251321504,0.9567028828756385
553,-0.3970473915046506,1.8910240667285134,-0.4187626946726203,0.2237611803929721
554,1.6750584280777474,0.03593775425741985,0.9906280316963904,-0.19959872055965144
555,-0.18081822533946773,1.6777983046053433,-0.7933111860224864,-0.4443496032840042
556,2.112897251444327,-0.5299693389604536,-0.0037472440191440026,-0.414434994150574
557,1.0872228708366145,-0.19733004876493834,1.2430022654120376,0.3034718665463544
558,0.9552017349126867,0.8510272861699721,-0.1692663997365983,0.4525772670438648
559,1.9121563905594605,1.814903038712388,-2.2612000305085735,1.591976931830729
560,1.756837612799473,-0.7217688779896396,-0.8022564648051781,1.2677394002233018
561,1.162328995737921,-1.3235793051173257,0.8262244693031933,0.9952639004702197
562,-0.026650449983699406,1.7947305055495497,0.9043037848402473,1.4846400605405101
563,0.6239246732853544,2.7139132844974974,0.22554086879165047,0.5887637049945668
564,1.356127164003582,3.29074039835141,0.11006917050401602,1.067265914158674
565,3.3058157407846913,1.181466188906332,1.2320333266579695,0.7772635074805299
566,0.9321181423014725,0.6901653584142684,-2.519453762476203,0.14886236375455997
567,-0.52869327279825,-1.169416727994232,-0.18114168748272919,-0.14576902998172786
568,-1.309294243818392,-0.36843255402746367,0.042969608772758,-0.27841134184629945
569,-1.3132029125814935,-0.2361041011040914,0.2679314252266067,-0.13373073323319687
570,-0.024267632390874816,-1.208777811812255,0.9018322654003983,-0.8649324246211562
571,-2.8166083341059154,1.21495407736584,1.3801897024326804,-0.240603670005076
572,0.02192477882043639,2.465790869750497,-0.3318938185733773,-0.18735091966585019
573,2.241185658900987,1.5968179197317582,0.9284347759658635,-0.6518386953683706
574,2.565647926664004,0.30690540381556053,-1.2493429276935277,-0.4241948213639171
575,-1.5237166392779078,0.007751030833426764,-0.4453695266182184,-1.1316940874534107
576,-1.9651796461907236,-1.7017763429859838,-0.843315021030509,-0.4825997829986581
577,-2.4166614179008254,-1.2089681525119447,-1.5953578395217733,-0.6864967219044069
578,-1.5626185903197214,-1.1796071013074716,-0.9254780897651831,-0.9747071687554811
579,-2.5702331394703317,-1.6591772735647818,-3.4375290204124864,-0.755846969199162
580,-1.8873836799070218,-3.6097274577332676,0.7791410737874296,-0.6775318980761417
581,-1.1334993560548092,-2.6664211717010495,0.25573136700531174,-0.461982028253667
582,-2.524953513894289,0.5055878809017806,-0.6476742808980219,0.3605062273972201
583,1.3735813264405763,-0.7359767224975292,-1.0730409596499144,0.161457706848392
584,-0.3682614206609383,-3.390403275370252,-0.2215869751722761,0.3767418388247772
585,-2.4278434247051672,-1.4116422436620748,-0.09580264493366197,-0.028573760468834697
586,-1.7262731300096115,-0.2818895073813841,0.31081470728743704,-0.5805011991386311
587,-0.09571353812394023,0.4872028862124239,0.5302996082092899,-0.21049760654113636
588,1.2687400783872378,0.4491389951626655,0.6602962984081799,-0.9324938984110663
589,1.5025860464139589,-0.45542985886397713,-0.8425974346356004,-0.9320557064218274
590,0.47563941293276124,-2.8891466600337243,-0.9160026279006449,-0.7915268456191936
591,-3.9793664429828053,-2.8683378663014283,-0.5433417897722688,-0.5845670484191977
592,-1.679100299282235,-1.659006336549213,-1.9091719342328584,-0.055765145169162755
593,-0.9092364845661226,-1.403957830397189,-2.0986653491187512,-0.030775773334337387
594,-0.5157986465771978,-2.808336563641103,-2.231401639157013,-0.301121980085554
595,-1.9291220001282743,-2.3667154137356983,0.592500666854183,-0.6945922753931364
596,-3.3382931508027105,-0.7229795779316133,1.68062688712682,-0.45204647676035214
597,-0.6780542198090642,2.4395611618678,1.520168891094945,0.2393896262398597
598,1.613334946977898,2.699755496023746,0.3505726554730948,1.1041353490943906
599,1.7363166104639747,1.5581055556022765,1.6077179370886217,0.2736896052457102
