t,Y,X,W,U
0,0.0,0.0,0.0,0.0
1,0.7440014957333354,0.09838169586882753,0.0695663642934805,0.6913040709989932
2,0.12305997436874472,-0.9726390603711387,0.592001007901522,0.6724701358135253
3,-0.05025541063068062,1.1449998949267657,0.8657184068311558,-0.22170700877402072
4,0.1390048801272561,-1.3391538045529612,0.9787444560935803,-0.11728389536892762
5,-1.0093678856136914,-0.17250549057367714,0.8755770416813774,-0.03930669039176897
6,0.5960069537595318,-0.26676848671660436,0.7996099312647738,-0.3254477175573245
7,-1.4797443754370778,-1.0239334357765175,0.7935714906122041,-1.0792820817406032
8,1.766447586800161,-1.6813001410587876,0.87064061683268,-0.8985358332352767
9,-0.8423899336358757,-0.5087846181188534,0.8209486538664698,-1.676944029288207
10,-1.5368764297218418,1.6396399915813724,1.0558601739378353,-1.4255427110593375
11,-1.4275853496969202,0.9399977439611311,1.123260839325495,-1.148489710250396
12,-0.049917099740410975,1.5767260494496633,1.2196488545297597,0.30056114743449647
13,0.7315144672292102,-0.8513411007381646,1.179757514799543,0.7878980122493923
14,-0.5104554987425953,-0.2744262087982027,1.1082715130178826,1.075537766866856
15,1.2035846949426563,0.868832637827594,1.1450741155975774,1.1116662969925653
16,1.0540751770717967,0.784445414275737,1.1617238216012393,0.7726154074790618
17,1.810537354031645,1.6201149679453484,1.1664942498040967,0.4765238245035102
18,2.024928983858577,1.8907850679864673,0.9876827311299942,0.1082975708579022
19,3.6526536324872705,1.6085003660129762,0.907076527818491,0.4946815771237064
20,2.707685730263637,0.6503215608836305,0.8807462930498613,1.0949024530704852
21,-0.21536235461319997,-0.018628571811669548,0.9247305461810437,0.7177884200591987
22,-1.5983813051163063,-1.621411486603731,1.1470118818806774,0.5303296122757402
23,-0.16647141050900205,-0.33178391953718206,1.0911306913670253,0.787875264944159
24,1.9105481968268179,0.7552805172796986,1.0560985943483767,1.358642834204408
25,0.04480562019568901,1.6098059738906123,1.1005067205498007,1.8512310367904141
26,4.012575702430883,2.859458937114321,1.2973227079287277,2.5818985072418665
27,3.2007653865028853,2.604226595089951,1.3917205044549783,2.428563528729267
28,2.796970119489262,0.6828221106666568,1.3578882148954203,2.33569050334221
29,0.6650268342518628,2.4845758743452677,1.4361286869493428,2.504645314650885
30,1.8220754217989619,1.0728227221077486,1.4319706129956709,1.6471697469100173
31,0.5790497293779324,-0.9682381470016419,1.5354874146662307,1.7393167103838068
32,1.0366590194479837,0.768981001542292,1.2577405669606685,1.4632383448830981
33,-0.4358935170131635,0.5644399749301328,1.1689156702771615,1.6386181987595656
34,-0.13883417402995912,0.7671032837620533,1.168372949283739,1.2973372607208358
35,0.6641071046095217,1.390741932492641,1.1628050959202414,1.0793667794427666
36,2.4248590063658835,2.649127745950773,1.1313870951034173,0.5680361866030594
37,2.9017229254736088,-0.1416428284428155,1.0854401091984813,1.068453826409593
38,-0.1849620005257523,-0.06423578731891744,1.1289546634380097,1.2224893329323478
39,0.38420928374550184,0.6392711720649673,0.9724904396677949,1.3380763626769934
40,0.6559885491102903,-1.068168000764262,1.1006541063003152,0.6856800017620573
41,-0.7252228159868718,0.727132805414651,0.9813966990449193,0.5626444444826292
42,3.5123796244792205,1.7429833980977236,1.0438126516623294,1.0857734502966925
43,2.7784099277987186,3.146380592335105,1.290947036512029,1.6838472117304324
44,4.232550166197511,1.4851902808105133,1.297812230362256,1.812860337385662
45,2.517998993809572,-0.11677697018774502,1.3407666118764356,1.2406001432196743
46,2.0585068748231343,-0.16135844750471617,1.222730641152961,1.4364199689038704
47,0.038088488347961524,0.1456313158498206,1.2061393900922923,1.6851442414722333
48,0.4146432165560933,1.7666395078003991,1.2248927577609368,1.10475989008928
49,1.9541311890568431,1.9850537189326993,1.2744521641680162,0.8577350186391292
50,1.6643655660493342,0.1893308968909866,1.1018738507801904,0.9717275343122229
51,0.8785573287297042,2.138175306237251,1.139792773326382,1.399092269588623
52,1.6126467287975972,1.3018211218431222,1.126280352452231,1.1983085141841427
53,0.8181576703286686,-0.21043940755531487,0.9666769940485861,0.20805483865482355
54,0.7343050792706229,-0.5109749875276238,1.0257673240528933,0.04107894744772245
55,0.7361793537984421,0.28904381073980956,0.9996366623471168,0.5069312902646607
56,-0.620144455825392,-0.08922504719480373,0.9930226744895249,0.3115434097257441
57,-0.2614607913716894,-1.4618512358958802,1.2011266915992378,0.04619271368655961
58,-2.351882764716696,0.9729040558519952,1.1354745770232473,-0.28617573176082234
59,-0.8904077070612446,0.3123651226263055,1.0011784815044231,-0.44145783645912634
60,0.006573809937413494,-0.6659778149021393,1.046537024480453,-0.48635646189256054
61,1.0237994936551507,-0.23304537398471944,0.8001292140683618,-0.18395677928572995
62,-0.4269539171584119,0.12926207565107012,0.6563427095236114,-0.84961507966511
63,0.48796742350081135,-1.4058317855193136,0.7684978978650128,-1.3795222389122224
64,-1.4299417226635367,-2.7169331547872533,1.0941392823962763,-1.8547387859796969
65,-1.8653554276238595,-3.504075059525425,1.4077771636999796,-1.3110510047854116
66,-4.561770552563214,-1.2234922012074234,1.383704677877673,-1.057332904915117
67,-2.442743198815941,-0.6216729403646502,1.376663308124251,-1.267431583549466
68,-0.855380221250364,0.7225103496160676,1.340708596993023,-0.4341792454944915
69,-0.35300363499029175,0.7655505314679915,1.3936339203700594,0.21689648338591716
70,-0.5117549651235577,2.239334564280494,1.709236284684294,0.5639955622384145
71,2.5370182593403947,1.9958844502838242,1.8954026655794258,0.5580328885741949
72,1.6075333649980765,0.7060404792541795,1.920619233518726,-0.3871874827848829
73,1.5788235924733198,-1.312949110685075,1.9149161960299526,0.1329579213601907
74,-1.4193044079162447,-1.0267244280659558,1.7443893970691173,0.5002936844778557
75,-1.9384978040030787,-1.0649308988610984,1.3441688324247498,0.20358550377215706
76,-0.6384341331548321,-1.747801275515966,1.4108777653747353,-0.33632798332193764
77,-0.8406542958899912,0.45644919446101784,1.3936176897771815,0.20513577874955297
78,-1.0738505887394674,0.1126396646119221,1.3801944392532588,0.1780975714865242
79,2.5481358794681235,0.4010350218771343,1.365764363332654,1.0602030548948806
80,-1.1532571780289422,0.36228750206849686,1.1468333405685343,0.34204929318887356
81,1.4289716494304596,-0.7103748849949592,0.8832123834281495,0.14814669773038505
82,1.8024379998868452,0.3283742066928082,0.8384367936395104,0.035619727048414235
83,1.6362883965941146,-0.9043581385623555,0.7991314295123519,-0.053574762392149367
84,2.172671811802167,-0.35989619328578293,0.7662539024703694,-0.15197818886974096
85,0.9165593026177457,0.18614427991876625,0.7311083387364219,-0.2540409253481365
86,0.9922983650637556,-0.8086357517622158,0.5450621803356785,-0.5223172738092265
87,-1.4196552432780487,-2.5453516955345084,0.9117190872023333,-1.8362717302129692
88,-1.4180600347919434,-2.628523259105845,1.1287712190990167,-1.418202773904969
89,-2.1321851403409458,-2.1592285615144906,1.1495366681257873,-0.9243970615517416
90,-1.9781700572546694,-1.9945525707288547,1.0969247388083512,-0.5727712267264984
91,-2.9355117678978395,-2.678351578085808,1.1807034823822549,-0.9348891909688348
92,-0.7467975303320613,-2.660921778263893,1.0809483268762987,-0.3635310794131391
93,0.17015108530883394,1.2034641548157226,1.4016123873774045,0.7718379700158671
94,1.1549544992277934,2.261039536973582,1.811961187334319,1.2965695696968558
95,1.3615665880167516,2.3823270795345537,2.105581914662685,0.4635864847677914
96,2.07737250771134,1.0832042460544613,2.203684177268981,0.19822511403705614
97,0.6284359197083511,1.3364740484481406,2.1988168861158375,-0.15660267873491687
98,1.8067139100332998,0.27678785885594426,2.0568743761763537,0.29216497011504894
99,1.128314464872941,1.3100557099876007,1.9603279271234995,0.26391441238072405
100,-0.2632975266445263,-0.34739997164897696,1.8143592948784313,0.2345370697906834
101,-0.5675041343971454,0.774001508131045,1.4523453905488561,0.9003384078122901
102,-0.11573117243809761,1.419123377526182,0.8188945504647647,1.197638137402652
103,0.7497376014394335,1.320396369864933,0.8202606658863357,0.9437031391341796
104,2.4284490762088957,0.7858113913506168,0.7325207635539399,1.464517083169682
105,0.7184215619310073,1.2125175689947554,0.5682820182245156,0.6482631850132359
106,0.6631408810699343,1.023125711950398,0.5666460410952122,1.1023550160031728
107,1.2306840539078172,4.477346100567315,1.2666893384536186,0.3432523055325821
108,2.924215573871651,1.2722165081122603,1.2222111440136632,1.1803697436833018
109,2.499252215073146,2.175152789444663,1.251327442172145,1.217166333737736
110,2.4100348991938016,3.0361085562496664,1.1782768542760473,0.8081311367034885
111,2.2100381608341015,2.6348321288298493,1.1537704388297032,0.555771461167644
112,1.825903644609817,1.9886366500410673,1.139406983265672,0.0740909130457359
113,3.137696142528819,2.0483444827565034,1.1146734654352555,-0.08718388870304387
114,2.4873741395467914,1.9478132399564667,1.0232793615067353,0.1265457182007644
115,-0.07774991611904802,0.8105536681265035,1.072297802190414,-0.07532819886699829
116,-0.2088683160337238,-0.13268537041040962,1.2532522210108692,0.3140902994096454
117,-1.4073441310715173,-0.0629025089954236,1.0763763155254014,0.25436039896917256
118,-0.16516551059284607,-1.0384027237226587,1.3587910490885224,-0.116963464388051
119,-1.4260074113944983,0.7321171215134368,1.3367778274862683,0.08272627054687123
120,0.12444906839068541,0.3696118214274424,1.1865461889532587,-0.30297436260654287
121,0.24128490054161225,0.10059438327310966,1.0439879055704187,-0.6041980884423157
122,1.178049117435397,1.0307140853847696,0.9499092028843238,-1.3436906726568967
123,0.035863556633782934,0.11303163247647119,0.8035101174999415,-0.85744058389111
124,-0.613029611077789,0.0013710991425195385,0.5910948342737673,-1.6334627262851822
125,-0.25822781772458625,1.7967480136919072,0.7629691968485682,-0.3381182930536667
126,-0.02390269346530971,2.280445721109813,0.9681062516916215,-0.3182763297715411
127,2.3703259238918917,2.198604600667823,1.0721620078208043,0.1691320439131493
128,2.096750789554515,0.40831324117398393,0.8838239217261478,0.8779689975398164
129,1.2325931319646513,1.223875292589995,0.8869252312660542,0.5284374075276642
130,0.8271881662041225,-0.7902688196530613,1.0350677620131687,0.5647576106728196
131,0.11182393066133034,-0.44522743423337835,1.0910541269280563,-0.2757099781520918
132,-0.14628552366164327,0.7026042111326382,1.0876638753682388,-0.27825854936555483
133,-0.2971194014904186,1.1793623971195553,1.0705279800319911,0.6443043591001273
134,0.8507461140092049,0.23759366560781786,1.0520310630864271,0.28522386279716766
135,0.3735183489979071,-0.01609014388077326,1.032362691209562,0.08132516869734624
136,0.75629900811195,-0.0780714414605005,0.8902855521935169,0.377060603912491
137,-0.35769184608948645,-0.17838972275828663,0.663584475852992,-0.4622843786459472
138,-2.3446938657452896,-1.7679563903722477,0.9082959705091065,-0.5502654625888165
139,-3.02762054086427,-1.6940145510191749,0.9419113067514322,-0.4649064415972816
140,-3.3292267370643467,-2.5547092557796094,1.1817862659142535,0.3931126815387445
141,-2.320106708201646,-0.7543786919811166,1.1853518442529092,0.3889160367885433
142,-1.8933478691841321,-0.31631289051218225,1.112787949152191,1.1961325171439632
143,1.0620741507340599,1.2642408199775428,1.1280389997263538,0.8401795437567168
144,1.1416001518850616,1.9418959446007868,1.3692286189709468,1.0297067363956778
145,0.49086429653808383,1.5284094156619161,1.5001265090581832,0.7835814421269052
146,0.5443002527121374,3.5075268712204983,1.918783897518531,1.143915880387187
147,2.2119331085560936,1.2421268759005994,1.9484318765542854,0.7033872534859396
148,2.0884055151014467,0.6781233564669884,1.81753084387543,-0.07678526509500405
149,-0.12616514555437364,2.806593691097567,1.7749270555182897,0.10555087932340915
150,0.7486258089705953,0.41582027981832737,1.3151349272983752,-0.2541757042945151
151,2.1589582613984755,0.39827614833709485,1.1635255516807148,-0.4890673654876073
152,0.4123698690569311,-0.13988814779234604,1.136532535110701,-0.06555145827976455
153,-0.6811527006307172,0.7383863219232581,1.1537125003455502,-0.669598166538017
154,-0.810189796057486,0.1756746827317701,1.181384370737919,-1.2154406340852262
155,-0.20619842952437645,-1.7548757816103164,1.4787504235926092,-1.2681443636116398
156,-0.8780615809089863,-0.3580522805189561,1.166610860439769,-0.40404179620720493
157,-0.702927035038466,-1.2765733284228622,1.239086232748851,-0.7658552668526034
158,-0.3915380687361346,-0.9774375618691605,1.2735287507268385,0.5625221771672962
159,-2.8573580110758448,-0.43731899371611777,0.8080826919987899,0.4295692871145412
160,0.08347149276477372,1.2014236215719,0.9183966689666166,-0.27123729490668747
161,1.753773076078251,-0.1652576589000792,0.8915704174848305,-0.6967069512972826
162,-1.0347964880420668,-1.2848860208121957,0.9409649572693238,-0.6485809707010214
163,-1.8023973940517855,-1.4422860973364302,0.8958579149556315,-0.5168932576089521
164,-1.7276608573151608,1.1599293998186986,1.0373453650124584,-0.5269960976574657
165,-1.6484952190400994,1.3060635939755743,1.0873144279713194,-1.358824407666759
166,0.721464130873487,-0.20848806546751242,1.086346400157825,-0.331692879425842
167,0.2675800469753223,-0.6780103201765979,1.0365507081205043,-0.3874152989413321
168,-1.1619925229363066,-1.270760226751765,1.0662104272745012,-0.5360954625734102
169,-3.2850545172573984,-0.10034540772857525,1.062561844531758,0.5711873842055613
170,0.5423934723393115,-0.4630898331059521,0.9522922510457786,0.7614427842201783
171,-1.4845926215399652,-0.6515612946500953,0.9562208875872051,0.2411563458976772
172,-2.484694613596999,0.7968137658112321,0.9598959453625834,0.6673927140069451
173,1.3205549131438263,2.19115718346654,1.0965106013564936,0.9935252284972756
174,1.6603923604294797,1.8571676182086048,1.1825467498351891,0.7895052709128049
175,1.9026975966764736,-1.3034312733483158,1.217842607974726,0.623723754739885
176,0.9195244819797307,0.2711845961243619,1.217423256686545,0.8964057045004006
177,0.3412777468196369,-0.6725273112603473,1.217052661403133,0.3716189527746261
178,-0.2464014152074527,1.4368668799948643,1.1875791563735636,0.9721092062315616
179,2.7427408185221953,2.8549857055163255,1.4131631484383063,1.0687207151716072
180,0.9703276863730435,2.3654913564736106,1.4522140596443265,0.5804053190586848
181,2.1442987343324718,1.7318351169592507,1.3592160765822765,0.9294121816212411
182,1.7033491530389888,2.094549165077108,1.3831754132019287,1.0795000881370291
183,1.8099151951680845,2.2526318909011276,1.3877904135415486,1.3572690144217603
184,0.7373652239559809,2.669798672398744,1.4472815991335315,-0.4012899439459998
185,2.2821196845623835,1.846249399155583,1.1024353744169786,0.2088110200366407
186,1.7931988617662806,1.7187285098736336,0.9849247352802177,0.8314948856456493
187,2.9212256549889153,0.7122714313805427,0.6259200521897738,0.7097502936936191
188,2.450711828812754,1.5577822834622514,0.6155950072794795,1.7570200055955731
189,2.6191847167983284,0.31951206380518093,0.7273670095606366,0.7079967722360424
190,1.3412821144053053,-1.3165104137742236,1.1671565009998308,-0.39932654908136744
191,-0.9723325857054426,-0.7837928094049847,1.3365968186984083,-0.7929746825682871
192,-1.4506939742015812,-1.267561633187257,1.4761869303829294,-0.8284853904665446
193,-1.5284152549295829,-1.1001128420041397,1.4829884980961716,-0.17736298840643377
194,-0.334982930938433,-1.7912776513285897,1.4051824514092337,0.654122075573552
195,-1.9896574361729855,-0.9049100926908699,1.2634415686341356,0.13142283379885877
196,-0.9144710695650093,0.5155438175341296,1.0977920103454974,1.115956843077061
197,-0.5188235926304992,-1.3529152947312078,1.0575828631766668,0.6141620040302216
198,-0.8801546588097706,-0.6771551784072445,0.7349401131613116,1.093629116125788
199,-0.5021710881029767,0.841707257991461,0.8375474663030341,1.7512093943834102
200,0.3051485929251033,1.5139518493525927,1.0805106130562325,1.1041854306823264
201,2.436453791666924,1.2417182120693515,1.204295342900536,0.4062218357169447
202,0.8382249556483206,-0.2666657027113539,1.1553691454344706,-0.05750787776910066
203,0.016020884880820846,0.16114351213501288,1.1140531430594895,-0.17246164948534332
204,-1.3456610858461746,-1.2061170153697893,1.025560042843038,-0.49711094968341873
205,-0.7985586635000994,-0.901543544403548,1.0252353652321944,-0.2902245638428237
206,-2.1270268449095564,-0.3092761244357033,1.011066619740145,-0.9948281296247251
207,-0.7478581206396946,-1.3176480244104274,1.006243324362217,0.34883787825034607
208,-1.0129778289774356,0.2342612389563169,0.9884714051054715,-0.28909479218438683
209,0.10431549412586111,-0.6159509647485675,0.9574074026859126,-0.5760214867073776
210,-1.1207684568675491,-2.4496193391032963,1.0124248152616862,-0.42803332604400585
211,-2.8377472214155945,-3.2047429726090098,1.112947023539839,-0.210089606057123
212,-2.917928934883214,-1.8330534747678757,1.1104302547161151,0.3055916994153517
213,-0.8413862618124321,-0.04370958632442701,1.0852770636021183,-0.5747516780726144
214,-0.5476299055778867,-0.4018473531954351,1.1113577719876246,0.17365981711226364
215,1.9460148211722061,-0.27001488292832265,1.1404598877000984,0.25843476895625006
216,0.3346126843936771,-0.15155238453271874,1.1524269039558976,1.0469867765420453
217,0.2742512517942722,0.3713408436832006,1.2231742314794045,0.318591410277695
218,-0.24463639983426255,0.8773563528745119,1.3002050841294241,0.16572151260080265
219,0.5352798297478576,0.684909802574717,1.3801882734626831,0.36726309021015363
220,-0.8377233408688225,0.7381281503458049,1.2808835705840231,1.9046307143203878
221,2.5044854699780554,0.7634264738353824,0.8212277843743131,1.7363953502537144
222,3.4903009859260967,2.4556207420927376,0.8346675893403419,2.4959714776218056
223,2.180179031678704,1.6925452129738563,0.8873744319277805,1.9893361914618202
224,1.7599336469710458,1.0843526715742078,0.807674594171292,2.4716019058690635
225,1.6356784037189198,1.027046030535974,0.7106789315405487,1.9734641089067142
226,1.065353631624061,0.04639336571726882,0.6784820244422328,1.170138702845371
227,1.664834472236876,-0.7238433132744345,0.8526310251315442,0.6953545251904492
228,0.19579575982028719,1.7310690556667168,0.8957027881241011,0.5375219758451035
229,1.3372982081407538,1.809451013530929,0.9287120367454803,0.01095243980749333
230,0.8566653089285642,1.1781663219448963,0.9220402501111742,0.24152434461106753
231,-0.4152305503880732,2.1404483921227575,0.9668601893438026,-0.12019790424580998
232,3.933910341685289,1.778314794467173,0.8935030952929126,-0.5176347453631823
233,1.7645482312347573,1.8680083227853206,0.9063951476901746,-0.28858869218999006
234,2.140069300441709,0.5495207027783813,0.9290755566853098,-0.3436786280572106
235,1.8652769165134684,0.09581688404121996,0.9865949036187098,-0.578023856909611
236,-2.245196022503282,-0.27684199436167856,1.0274800724552147,-0.4718203368579914
237,-2.8832396831575826,-0.6708675729900658,1.017607722329257,-0.5156558577705833
238,-1.0513624230696328,-0.03412634171960749,1.033590849768866,-0.49392767284518546
239,0.2993487587924014,-0.49777620874160067,1.051441073695957,0.2848408981576842
240,-0.35744366806325656,2.7416309075805207,1.2435058857910437,0.9571092804724259
241,0.6047739793547153,0.3272511445266231,1.1500609577782643,0.616968971700794
242,0.2625110589565655,1.7235317965710557,1.1438752403559904,0.5982002631536318
243,1.9027053059485572,0.009993071003937093,1.0596903124344945,-0.008309100336032105
244,1.104598967337872,0.8449540088424058,1.0685023018096793,0.36241454286164
245,-1.1907359026548705,-0.13192815812721953,1.0787087493726197,-0.2777784998586985
246,-1.7348304633269125,-0.3757791787779883,1.0860714773340674,-0.5523180611572744
247,-0.38956199028548094,-0.46629061914834613,1.0655233783039182,-0.5707620071581312
248,0.6453931310917127,-0.13534392160897002,1.0707228720045943,-1.0799341072183202
249,-0.3081721921862599,-0.7743948049820414,1.0997880024810276,-0.7751205641000869
250,-1.173902646518176,-0.8453918004846477,0.7815453390301996,-0.657411255990772
251,-2.643949787561661,-0.9910181187167003,0.8330079326990971,-0.9773421030444917
252,-0.16023429599992012,-0.26804200032127534,0.5265215917710789,-0.40927673230468714
253,0.4651541465502227,-0.6738565683571558,0.5242676842480012,-0.16964046152117587
254,-1.5800036002528053,1.3869937263428114,0.6723041689288335,-0.015247900831719396
255,1.1704650158638272,0.5198537421216736,0.7230506990456763,0.09404722234841557
256,0.7326678037301204,0.8140623495841741,0.7964777363667865,-0.6902493965128282
257,-0.16154232563049886,-0.3248140341999752,0.7913438649771483,0.1310356038965046
258,0.22453513184701457,-0.7215158244267875,0.8132562972985694,-0.9790638865570023
259,-1.9651193006897993,-1.0536128821524273,0.839987272832427,-0.2659149048491456
260,0.3605271658110927,-1.379816824002553,0.899398952434434,0.12742417581860838
261,-0.5929535832949476,-1.857342381180804,1.0114033047173867,0.2670169442289518
262,-2.210866786218116,-1.1183579512569208,1.0385836413042637,-0.16747328704340056
263,-1.2241982830988933,-1.6985204304078887,1.1120737484762335,-0.07314035833364102
264,-3.554676638052617,-1.5491729994156997,0.9161495456361572,-0.059591550257088004
265,-1.0603501452033448,-1.4976635727537277,0.7987952286049864,0.8392087348265538
266,-0.15124650754178626,0.9145300646960383,0.8248925457726001,1.6019516587991083
267,1.4087222091643736,1.1982712055841525,1.0726798527954995,1.415093477458957
268,2.73515858811859,1.3026041397966834,1.2767066641436746,0.40010907807536655
269,1.8027574036120277,-0.25160518377928587,1.275393693217129,0.7787114843251295
270,0.5001384390671775,0.7214511503753563,1.3042581076404554,1.6223885414580617
271,2.9694992406129046,1.3707328040609663,1.2984348555540577,1.8833663529200078
272,3.183157037747431,0.5650808438935581,1.2544679445194669,1.997756655041741
273,1.8740439327127585,1.47719415006646,1.1435128469017606,1.478658456235195
274,0.6982326500076217,1.8940552184818922,0.9912280350660184,0.85816564677065
275,1.5846633853203596,1.815695362326852,0.6411524239148835,0.615013463482392
276,1.771354765508667,1.1590026329959557,0.637913419174074,0.5000790231484551
277,-0.6285223772471287,-0.5264115034924512,0.8224351549615739,0.4648135694040743
278,-0.07701421174106848,-0.7542660436065682,0.9693155586190875,0.13212553871964902
279,1.1502894223951938,-1.1786026166267554,1.1096108870409234,-0.47207136202078404
280,1.8147210753706253,1.041603789909344,1.116358782770758,-0.3250245894989204
281,-1.5763309576487639,-0.4462807165322368,1.1402165267076003,-0.8244748068091634
282,-0.8443915452604942,0.6363732733625869,1.1408586571100432,-1.0570349839848816
283,-0.48608566514159823,0.42357004112425634,1.0892856564559077,-0.8856783724196546
284,1.031856352118058,-1.0105519647853236,1.0344230415561841,0.11379333359032207
285,0.3711658837534758,0.6912354763230291,0.8784961599940502,0.5428038788003531
286,1.4761479977970453,-0.9894089739507034,0.8256447369887709,0.6856753802890102
287,0.8221470546304026,-2.0318417551335113,1.0068502368756485,1.1568594981166238
288,-0.3402193077966944,-0.882007640804688,1.0131730612228071,0.752029187983219
289,-0.06753680892423641,0.26959298440173424,0.9886853481581932,0.8673740286613174
290,0.786230631735489,0.47179325007289075,0.9214009845634682,1.3540962387241997
291,2.9197122945686047,1.239988707913831,1.0361229722210146,1.3026914205331477
292,0.5937007570384218,0.884225957939738,1.0588911575776943,0.48978936507673665
293,1.5932018546163405,0.21693942714646125,1.0496593046067533,0.891454811376507
294,0.1195284084092414,0.21223417894542923,1.0038355921788218,0.6020706259244013
295,0.967172660028369,0.6291649385115803,0.9993251674953405,0.5873245382566741
296,0.2354858334283652,-0.6083582325181264,0.9639577365271169,-0.1817828151508567
297,-0.13915883473785073,-0.9652327502798039,0.7428743256269873,0.5476646338058495
298,-1.311986108225398,-1.1182733983247337,0.7819604898030184,0.17416146426363127
299,-2.358187530222477,0.6111490039239729,0.796391306241877,0.028285666158907985
300,0.1935326040373353,-0.4435121719836151,0.8087410243922625,-0.7227697520329007
301,-0.5971765878346347,1.7268317504209112,0.8971022752878973,-0.6514371514002723
302,2.3954019261912376,0.5212174356846522,0.8694128403419604,-0.731898860965698
303,1.2041707561449366,0.522459411530187,0.8801314260971486,-0.9207439217973917
304,0.45359717687191525,1.4508717046101713,0.9780250346419742,0.1776909877754962
305,2.7098859992526503,3.178846899365787,1.3532534436353139,0.8603327592508249
306,1.9368802144390727,1.3452933357481773,1.3180158507707935,0.2501886257360022
307,1.9791007452447447,0.8207845501661964,1.1840581927582858,1.020730542759122
308,-0.2997986437053437,1.448427826845623,0.9651590026183843,0.4856653513570759
309,0.052052346369813485,2.326854807005523,1.0161496673140598,-0.38866843950267915
310,2.743660245669263,0.5151182153379921,0.8690282179694421,-0.6375683926676963
311,3.218430294737356,1.156116641713768,0.8628520473856505,-0.09710711752794082
312,2.40459669160618,-0.3463589485806049,0.9876444088860065,0.2566156199419351
313,0.2668313548786129,-0.8264760672978821,1.1717715663302686,-0.34618287547090637
314,-0.5261261937960972,-0.793822765634246,1.3058933779291657,-0.44083101136076486
315,-0.4446774499785997,-0.44905599356220094,1.0817540080764132,-0.01724942514411748
316,-1.3025878672809081,-2.1537437865138225,1.3238417996810778,-0.8285163363934035
317,-1.0388255777843778,0.5053908851781046,1.3102967105234116,-0.6720362996265823
318,0.7216079685811557,-1.1495364669071455,1.2788344462946422,-0.5672794747473492
319,-0.3682139025204081,-0.9899263332151245,0.9648279392734667,-0.29087130277945833
320,-1.0576608544385486,-0.6745102920682559,0.903559808924558,0.06528733839856815
321,-1.36716821853831,-0.2098058638941114,0.6916550699432269,-0.04922811503327574
322,-2.8297523923777934,0.40584313606638933,0.7717183140601782,-0.4046373597711334
323,-1.1471270277002943,0.442116624811863,0.8379130361596742,0.3388715536129218
324,-0.520598432404882,0.6349032885741759,0.902809910435264,-0.9184225116662554
325,2.57230755808869,-0.9327229023018251,0.9206622922135419,-0.6425185200159277
326,-0.9567283177438449,-0.11818834516734489,0.6886127462956025,-0.08927682324466885
327,0.36267425545326704,0.03613694563673203,0.6494219607149312,0.5377295296727121
328,-0.4659862324924059,1.1152833876574924,0.6962484854522731,0.5207882847193601
329,2.2855042047667453,0.7386465198073447,0.6437963641264143,1.3848394133217878
330,2.3221443879295176,0.3673080268373336,0.5775534008527788,0.38552123554090034
331,2.7490445204818186,1.5030216954492142,0.6728373545396128,1.0727219749897179
332,2.3321519171699743,0.029865948968056943,0.6840795811665136,0.7105552159213249
333,2.38950847475766,1.504857645663341,0.7714854786144801,1.3829189219302103
334,1.9890205418692308,2.3250929232197817,0.9675090830450518,0.7198390977149558
335,1.4053811326789476,1.3085059525941773,0.8041495023255585,0.04819483001209435
336,-0.8959581676693185,-0.15622978700725554,0.8094741368008155,-0.10447237758266426
337,-0.480406488477541,-0.9697190836435433,0.9718185834975557,0.4481885658751608
338,-0.03961720857790996,-0.09658723304233341,1.0000512308143001,-0.21285180281887306
339,-0.7808800307751393,-0.9469639251408137,1.11940912880595,-0.3155872558725291
340,-0.22356128809053732,-0.9869252010613279,1.2134521970922576,-0.4690853337105876
341,-1.8678332975886704,-0.380959924479137,1.1598717466690365,0.5201748550642231
342,-0.9537988869349663,0.43036152441884384,1.1616733609994447,-0.35136226821087263
343,0.13483967269773114,1.7260455129069878,1.1909493640140958,-0.6124559741249804
344,1.3970120981396708,0.27382822512359584,0.9391215686328658,-0.8060187833614202
345,-1.3398927036163428,-0.48724620103374006,0.8308368909775466,-0.16238876425413656
346,-0.48740810741657625,1.1047727118211448,0.9220640622708579,-0.06734986939407672
347,0.06909757812489592,0.13303306306628065,0.8615932128386886,0.16151676210810317
348,-0.18864753223523018,-0.46455701402380617,0.8775375819128717,0.15898253195042128
349,-2.3518457797061645,-2.1308192072562555,1.0816235532295295,0.18613395447944306
350,-0.8939839127987769,0.08677269574267465,1.0336256338365806,0.619029499811838
351,-0.1368296724181213,-1.3772741308366299,1.1218020482662518,0.06074039591823993
352,0.3442377324021437,-1.2293841861991281,1.161541396181313,0.07610083813990987
353,-0.5792910675181447,-2.329246784031742,1.1068578879725557,0.5299489502462136
354,-2.0568545395894082,-3.6895631903784176,1.4104438462269846,-0.010017533513590637
355,-2.339427547002381,-1.8807830831435992,1.4187610704862392,-0.6631784705871104
356,-1.5726170235697372,-1.2539519283510332,1.1716890981786514,0.0035406628918868144
357,-1.9079497956984235,-1.2953035486970703,1.0420955588469112,-0.704603091175174
358,-1.5368087008253721,-2.694861155412811,1.0209018991411882,-0.19230227986562587
359,-3.3070654639210013,-0.8694561721822426,1.050167679766716,-0.1213377540014528
360,-1.5035451383149836,-0.5849216622889302,0.9424627572580172,-1.1079738805317032
361,-1.0844170893780716,-0.4480582460163244,1.0224717876957805,-0.45330508030566513
362,-0.40609321435155366,0.05799051475876929,1.1511261236213204,0.3200577255329773
363,2.4572926173267713,-0.3751456745421152,1.1603155182408986,0.6404849330682776
364,-0.19664885622732087,-0.33196812854051505,0.8326387723455014,0.06854517021583822
365,-1.1816267622152776,-0.5568418231460597,0.7745424726606561,-0.7621992147116725
366,-2.6593940988942495,-0.05520385753684043,0.7950338662831131,-1.4569571384714046
367,-1.0891276117749418,-0.08829549076013227,0.7888063520639345,-1.2495459400469213
368,-0.8527330782345067,-1.0542227849646046,0.35452250205958863,-0.7696967588652699
369,-1.8126719230439141,0.4545767626543499,0.4145741238584798,-0.23232175815380723
370,-1.6348555036323935,0.8780523308639798,0.5410075712230545,-0.493473393432006
371,-0.19700266848789272,-1.27422713067063,0.6444495045550264,0.329873945753769
372,-0.9630953037677525,-0.9078100947588472,0.6676908858108066,-0.27836571318407966
373,-0.16942518356485398,0.05026852823627154,0.6780455234904103,0.5291011386392628
374,-1.2030656638169104,-1.3014253966267808,0.7503869367875883,-0.4347769898108656
375,-0.8059606052454662,-1.0651318163897336,0.7799157645682846,0.17634712982849327
376,1.2350753010041533,0.29979548342745344,0.8068076310375711,-0.17425732625054602
377,-0.04900221075994965,0.6713561108010362,0.8725864067299824,-0.044463034371970814
378,1.910969593177763,1.0106601140055784,0.9236402908659527,0.35317190767775375
379,0.9489997848360533,0.04925685039334027,0.9043960428914181,0.568486992702597
380,1.2263420359421162,-0.18599098744857187,0.828223745814965,-0.07172336483158187
381,1.501259443781477,-0.7844057831063425,0.7746798514609409,-0.4900826838226756
382,-0.8298392453853956,0.4646447173888171,0.7600009745229238,-0.05215707853546675
383,0.7380206129076782,-0.2735265594127405,0.7607741874163165,-0.6214480572872758
384,-1.0568121199401932,-1.2729229021851582,0.7558581892583405,-0.694561909387338
385,-0.9073583562572671,-1.7020743972568926,0.8644522122423365,0.28184294202155924
386,0.21465749211906093,0.4893840584171668,0.8779308864557653,0.3420830658278822
387,2.7644872104269433,1.3560638464270496,0.9711498088180462,0.5928681313626134
388,1.857457169634891,0.523415867419497,0.9210049924376807,0.8414581373538272
389,0.9276073884896655,-0.48105256480162595,0.9245659128021383,0.7509802081978552
390,1.800073773799836,-1.094136387861124,0.9680716145310058,0.3644195403706721
391,-0.07827231806934914,-1.7370405014159112,1.0654728660671462,0.3553545872001648
392,-2.157841265075629,-1.6352259592474971,1.0887744880092112,0.5300112867848684
393,-1.9659500570350334,0.1389433538458985,1.1094065616133442,0.09589181520686613
394,-0.15377123510164256,-0.8297128300897888,1.085534098519193,-0.058112502866070725
395,-0.9907340157058055,0.43786908167452093,1.0311758651107097,-0.022661181003151825
396,-1.5235585884780276,0.022306268642129423,1.0024742845992745,0.054654752360360936
397,-0.8791765063586379,1.6757658186242488,1.065341106847327,-0.8057541915685351
398,-1.0158265976935081,1.8596686315196247,1.2479545597955843,-0.6474576887787782
399,-1.0981518772982373,1.620758849174551,1.3605838303025424,-0.4080720962132255
400,-0.17892344278239125,-0.5671839723290989,1.3211567174853498,-0.1270754745627779
401,-0.35071731620875196,1.1578322006547257,1.1843130939659139,-0.3780393261343539
402,0.7465158333893178,-0.29742372159400243,0.9899772812483895,-0.21843512376918833
403,0.576398994292501,-0.05021024156976019,0.9998647082699281,0.15560760280092248
404,0.6093373402888163,-0.917263875912297,1.0131259989579346,0.7836529989278608
405,1.1714712390686897,-1.4721705358383061,1.18960679122158,1.205926277517158
406,-0.99447698222055,-0.26072205282308436,1.2003508582194233,0.9592662682246231
407,-2.0927114830273403,0.9476451899301109,1.1256964348360579,0.35614908726625144
408,1.840271973139338,1.0356709613424853,1.0156623605456012,0.9074261966545023
409,1.0228049550597982,-1.1146432807167623,0.9313238306105119,0.46740039826690233
410,-0.8532071774560999,0.5915948872216256,0.9461521989159876,0.17856460999807933
411,0.9845442784073656,-1.8843028835197924,1.0061138259546238,0.4967411067483505
412,-0.5042181227561445,-1.792915465985316,1.10500670415495,0.3851212946991813
413,0.6837291182479319,-0.5530433110332974,1.0940694738203125,0.28996391826752993
414,0.2226906344901135,1.627183670045095,1.2775880977964755,0.5676755306421155
415,0.8091301691911059,0.9142974533679354,1.2544041292321655,0.936993357960521
416,1.421522659894102,1.5202073763710398,1.3442019330839674,0.2842364008740995
417,2.1994454844474753,-0.6650643894528196,1.331779561321725,0.3069477862165791
418,-1.6363023210012686,1.6461936983904066,1.3984910177254262,-0.17031258994022913
419,0.8449111183607485,1.262797007753368,1.3844911246047535,-0.22091132250758178
420,-0.5354412515767641,1.561164536391174,1.4425065514933824,0.7375572357113342
421,0.5071841083724958,-0.47120121236142143,1.2548315560554868,0.6784875968936742
422,-1.2871155195924842,-0.625117166552461,1.055771600010293,0.6919940484385222
423,-0.6138775410317195,-1.0463046628586077,1.125947071889556,-0.26232050198408474
424,-1.5263239475017834,-0.8120855466270691,1.1362274685370402,0.43252548117782064
425,-1.7866267531165732,-0.7513652952639944,1.1625921846424245,-0.23750183496484856
426,0.3611126498844986,-0.3879879263844467,1.0675999969180505,0.9666748848504618
427,0.8314056388002523,1.735126547782786,1.1732626264853216,0.7902450859473882
428,2.733307912198778,-0.11111499014210224,1.0606339417246968,0.8675266181316157
429,0.4856609757782024,0.36437319698898896,0.9801069499942627,1.1406351791708467
430,0.6779849293178181,0.4537041793325252,0.8280396812490494,0.9145262971992634
431,0.7233000186893892,0.2570541652562628,0.8301586007428987,0.45239828338201277
432,1.376078303659003,1.7710528452282075,0.9897721506297743,0.5864926299488148
433,1.7683312970664624,1.307055128313531,0.9535668428399087,0.31852616477794005
434,2.5429610772140347,1.650352445646167,0.9283954242030095,-0.17824082501271027
435,2.49560191791294,1.6674544029118539,0.839710223945854,-0.1704666921230626
436,0.5328516334766853,0.3191181719464221,0.7465443915212977,0.29036057310839336
437,0.20953041668497552,-0.15700853696505745,0.7626347136797935,0.43145531217167754
438,0.292046544797684,0.7262653964707343,0.700772409631559,0.9341616366419627
439,1.964897497803396,0.10464077419191953,0.7246007373512235,0.9989512805754603
440,2.4365159354472556,0.927546638778299,0.7141322135274093,1.0141699480710575
441,2.462117168044549,2.362387326513128,0.8199857467394913,0.49324556610478787
442,2.273753450392676,0.19908829714578125,0.8208836465077516,0.672982779732229
443,1.57491898585021,-2.5489861418881197,1.3494854142169954,1.0703798369159776
444,-1.644842331440057,-0.9629612572262637,1.3603560205307028,1.3187223926135272
445,0.006612925631230837,-0.8246469191556539,1.3016358891373403,0.6733110237049031
446,-0.5791599383248872,-1.1723995563681204,1.347504363051871,0.6078880696981758
447,-1.328651452963489,-1.682926849558126,1.4339479581377517,0.3376633653778234
448,-1.3460867930145173,-0.1712611264867021,1.3909084333717805,0.44332933745146624
449,0.8992625652889701,-0.6117353797783609,1.381766532619584,0.6816510343643092
450,1.0341802011448635,1.1628454224262674,1.4095288432470316,0.5615231363342316
451,1.524331712647542,-0.4444386766291841,1.0178207599953386,1.1009237577417812
452,1.327048569015373,0.3581253519676326,1.0346335133404998,0.670047593981075
453,0.7375550666415982,-0.5622506735826354,0.8027269863881239,0.5528024887259033
454,1.3876688752024633,0.039549827956933487,0.7998540934640409,0.4946542497339101
455,2.285660512986323,0.8431528974070147,0.8701557908319346,0.9013104485156114
456,2.075194619661689,0.6323956566335553,0.838202200972882,1.4575136001100206
457,2.539685371187588,0.35164558734799145,0.6126758795281864,1.3348141005089507
458,1.0591829526941883,1.5246692259682133,0.7336351167326768,0.9125253440828869
459,2.4021880677531957,0.5992573952766156,0.6569653375942754,-0.25278627606846404
460,1.8432963526233372,1.9188438816780355,0.7800201375979859,0.4869251729068108
461,0.803747237028567,-0.20261350696138225,0.7497492352615324,-0.32571589695806014
462,0.8204192464587894,0.3242841267835628,0.7507885691595673,-0.18952667394277856
463,0.06730765002920075,-0.4852367717956597,0.7384405697324041,-0.027594194976378036
464,0.09843672441828305,-1.6190473663645846,1.005098384369447,0.37470901819234403
465,-1.418392907860174,0.16286030780420468,0.9938840175963303,-0.015414284758802688
466,-1.0226574001259099,-0.00580895707300709,0.9921346144845801,-0.539361011864986
467,1.219693549184308,2.222054893982408,1.1719901600740976,-0.49178730533703197
468,-0.4454427480414571,2.6538352446853453,1.3312583457432212,0.21824620901669967
469,-0.744308404434807,3.805374675414236,1.6823752981369369,0.029742846574106724
470,2.0470706346235197,0.6567147804761813,1.642437801036789,0.6742427585333369
471,1.4769226835113218,-1.2844526304663657,1.7446932722204131,1.181576263019836
472,-0.5198879927268543,1.2638307685812205,1.7509064035120043,0.47998553571789987
473,0.08860960231771997,0.3956464632805715,1.704115967481135,-0.005389175497137022
474,0.8852215373483687,0.4209748400897493,1.4873312966553134,-0.09182729267316368
475,0.7443824608177254,0.6318143545392487,1.4641971449702769,0.11487246430392052
476,0.5986030367489341,0.39230265270734693,1.436668326031506,0.32500774671170896
477,3.3213375633207325,-0.55856074017766,1.4675261871745995,0.5155544814828823
478,0.7109325892838619,0.28536444934814353,1.3261761027722105,0.2119016232022807
479,-0.31777790208695356,-0.7749350087942681,0.7713650708418489,0.27139767694377614
480,-0.685657417848794,-1.006971129121137,0.8257218870257559,-0.44742102417364726
481,-0.5752356413380864,0.5100644254733884,0.707813926744727,0.3645132114931313
482,1.3700069034766178,-0.12634372135621497,0.5933000993233555,0.27796425546395287
483,1.2391918264389894,0.2697554970890033,0.5856578650760179,0.09407460074407642
484,-0.4903861108360329,-0.3154929433415302,0.5736274363662113,-0.07413050779572444
485,-1.2001188793297524,-1.328005603863071,0.6385855990496369,-0.4612187511836303
486,-1.505865370513225,-0.14776163031014394,0.5983635457044265,0.42341261216353465
487,0.9027608619316128,0.24253275379913533,0.6161319716369578,0.646711493648621
488,-0.7878303496345551,0.9131438518582609,0.7015743605635285,1.1404009758195537
489,-0.49594835446659236,0.597444075093053,0.7056998905098942,0.9449025624049993
490,1.605841680080474,-0.2956905789865827,0.6289915624338287,1.1361547776707452
491,0.49875630226803536,0.8257330744703367,0.6626711720961366,0.3277159501469532
492,1.2166876215438625,-1.0906745612922817,0.756846038416332,-0.024404569241428142
493,-0.6840918550686816,0.4389955773522266,0.7662002017251444,-0.13019861252933088
494,-0.4980651568907071,-0.24737192810201789,0.7635396074148183,-0.4435074886893424
495,-1.8769719224968848,0.29222692649742826,0.6088164665098329,-0.6617523663446793
496,-0.5751810167274932,0.011988939593002984,0.6021108602779176,-0.5313704119622763
497,-1.3047542927855422,0.38386030385611525,0.6056809928119579,-0.32883219582613604
498,-1.0297245532943777,1.385000228215587,0.6824064721916573,-0.34885612070936317
499,1.3413078550131798,-0.41642414190925,0.696935362188903,-0.6440154248906029
500,1.5706277505410702,0.12221085716717928,0.6810030888921622,-0.2068657833964493
501,1.762818025053235,-0.15019436752908394,0.6456920793432113,-1.1211680238711574
502,-2.1305939495079413,1.2184662873910619,0.5941550706748772,-1.1029608858719813
503,0.6810847041286666,1.1247751383392266,0.6485686074641598,-0.16344192616862652
504,-0.15343757441744887,1.653591287677507,0.721228448093061,-0.6701147294980386
505,0.9763056343651495,0.42348340691239217,0.7169438500886994,0.5238600502907418
506,-0.23855221465480092,-1.0619872377474733,0.8740030009057408,0.27042573081300647
507,0.17325450154964206,-1.1645781654688208,1.016216211491008,0.9934501797447265
508,-0.4403080933630619,-0.8301035552508703,0.9979431868168318,0.6773168077869685
509,-1.562076713181776,0.024652870879709077,0.9826081031056011,-0.06894593489958445
510,-0.6382219194204657,1.0272648135872817,1.02208183112866,0.3207540551177293
511,2.3696423319888917,-0.23866266050687857,1.0260800797831702,0.7442471702543938
512,-0.5480243388694197,0.9238331567285143,0.997996170788412,0.6836064981578773
513,1.921751838161305,-0.21642806850717755,0.9469663647414277,1.2267876652209093
514,2.570664627769291,2.1895391630954197,1.0563934784981888,1.6360720900070684
515,3.8486150622660813,1.6054452587038808,1.1569845723795231,1.2152381966480996
516,1.504892918369654,0.6029873758874417,1.0673880448836055,1.496602325565613
517,1.4939553750482406,-0.7138598814935244,1.001841352259859,1.6207889874817265
518,0.24822022963445364,-0.37257022064959133,0.9464357997051474,1.6715291803630463
519,-0.15721222907152066,0.6524970161013713,0.9333701390885387,1.5802485875588546
520,2.967321616803239,1.6188092427348437,0.984599426815689,1.3124764754216836
521,2.8220850662751342,0.9114088942819103,0.9413000311967228,0.8175963554193539
522,2.481365668050417,0.0670773120487066,0.9595168654835564,1.110974117021315
523,-0.1401372742937339,1.2868940406522482,0.928656343635875,1.3097600460546261
524,2.231999767160295,1.278091374368099,0.8129941640105016,1.8000419730224477
525,1.447279616703594,0.615542879025707,0.7472490711555867,1.398877684287429
526,0.6460507747617172,0.41281917032404103,0.7494310057339831,1.723882320198233
527,2.04119360389435,1.7301582324230682,0.6772042197280055,1.1847761207246619
528,-0.3689056891784044,0.9246213063563117,0.5320518397765649,0.6416266696093537
529,0.13138184634574585,0.3283807152519456,0.5612461281365567,-0.12608316451102886
530,-1.3667056620670723,0.3448846025027845,0.5279346921784702,0.25302607987846376
531,0.4872279232388632,0.5676390906792519,0.5303367366026096,0.7882596928788462
532,0.014690996087976749,1.1743604243994632,0.4841921820326923,0.2048932369424325
533,0.2589319736445436,-0.5358567341283412,0.6295521854174911,-0.20199377594633605
534,-2.2623273480742476,1.293591163358116,0.6311941417497323,-0.6144884549769847
535,0.9742833006955872,1.1541055309598485,0.647321291444548,-0.37020870255350236
536,-0.4638709032155841,1.52894232076427,0.6801319806140667,-1.1898632513991232
537,1.0057335944863046,0.4956063300595951,0.6114094219841935,-0.37438797164049886
538,0.13152175642831887,0.8138966548200286,0.6084409163840633,-0.7624847277899023
539,-0.02520773609876248,1.3661411995668447,0.6231988617110432,-0.8090318945554488
540,0.6819713545454285,0.008976405868676651,0.6596594238422887,-1.1590468139433994
541,1.2720370653533073,0.037513210271818476,0.6993320210713653,-0.7722889802913646
542,-0.10090172680624379,0.7086830934239544,0.6820208478481653,-0.10321684765536898
543,0.08850855568702187,0.15311008026928663,0.5704134858399215,0.4121830327820789
544,1.6929101925503005,1.0898677869189988,0.552437033447244,0.5133917370863761
545,1.2574858001481686,-0.27273006287841906,0.6132714817014037,0.7264199355730282
546,-0.3966647228338458,-1.161349391298394,0.7350667224774384,0.757644885980826
547,0.3939008481642041,0.8447373106874391,0.752215765997234,0.9231138952233386
548,-0.856273123182449,-0.03147911259432279,0.7428428064188047,1.12605731811918
549,-0.27672804059205525,0.09580589120666042,0.6363809325102016,0.22136897940731193
550,-0.77322500462613,-0.3509389073525393,0.6549801221042457,0.5733957872358052
551,-0.584576822237201,0.41729090047062345,0.6612056977034686,0.12847941167289784
552,-0.770425441531063,-1.285267091461606,0.7661030806225337,0.18558800183364066
553,-0.9026347428568767,-1.695701669503613,0.9193683174874125,0.48251327141897254
554,-0.25946067967123154,-2.2744836651419806,0.9932905131581631,0.24405139969359663
555,-1.4401387977585511,0.3154359253470391,1.0296886432109653,0.527865970153581
556,-0.255082175383652,0.14820976383593806,1.0212527397140512,0.4684661926344563
557,-1.6655269782064335,1.1393792653580272,1.0639251636130922,-0.3115936910313901
558,-0.6169072313761627,-0.21193603727777105,1.0594021099525328,-0.39869071828371905
559,1.5255770417115437,-0.8745530000923447,1.056409347717348,-0.4135627282734802
560,-0.8658428256640897,0.540031401974767,1.1038177501098514,-0.5732666295961664
561,-0.2938575079674778,-0.9382329397933905,1.0782145361889812,-0.12915268282685644
562,-0.4072961813145368,0.49130607803677684,1.083310842627497,-0.5734289774425365
563,0.04106988658320038,0.544077117117888,0.9992436983047865,-0.8054876138031797
564,0.017871642382981806,1.582582794443249,0.7954426976894067,-0.5045589916962607
565,2.6838053622960745,0.2735010824298988,0.795308339854672,-0.054501366464124346
566,0.27165436289311873,0.44398413646068924,0.7957987514822938,0.5915042568468725
567,-0.46389312706331065,0.4346232818941475,0.7425308717828547,0.24265871724923993
568,-0.8801466631481747,1.2084016463763616,0.783620317797775,-0.7944100150781963
569,0.5166067165406263,0.14953812981043335,0.659982351312654,0.08198084038744624
570,0.4135724820470136,-0.810369131105678,0.7731842324661563,-0.048060256616205416
571,-1.3056999839004122,-0.9525703407343606,0.7758224139692876,0.5586593390920519
572,1.7133335355716521,-1.0543905287834425,0.8874946400698793,0.9460589855947299
573,-1.50334304951932,-0.12301374121070624,0.8823057032950653,0.37062323491042193
574,-0.041044290751870494,1.343046112185025,0.8402935981193295,-0.09841619331581414
575,-1.1721863809373074,1.4405787528718739,0.9431653013938294,-0.19037586750217705
576,1.5209348166092127,0.25199002224999395,0.9397754409545203,-0.4672811136497943
577,0.45441931326494606,1.9624349780408994,1.0954746646221956,0.5629565921966349
578,2.8418766490060285,3.114081847545674,1.3893590219052123,0.08222696293203269
579,4.833476950127855,0.6989555473837064,1.383398867200379,1.0288782006597363
580,1.2021829319136126,0.5258634463059965,1.2951395707183864,0.4805098393278571
581,1.1830578699149807,0.14535745793234459,1.1788471147784683,-0.44192157736363635
582,-1.1397140865371986,0.26831944032732225,1.0052876102592327,-1.1541478930455804
583,0.9636275609385779,1.2030873013480863,0.9308552300805055,-1.172684786093937
584,0.14275689777583636,1.8408902179417213,0.9584764364791154,-1.7758521158057898
585,1.2752912355897368,-1.2765320126657151,1.215964286445406,-2.340222708934571
586,-2.6804445781797375,-3.7096430110238368,1.8960824150561861,-2.5267992383432896
587,-3.4323466513595795,-0.9202156746734327,1.8640608855808136,-1.4182888259438244
588,-2.677610327672206,-2.050871284466595,1.6688626308654608,-1.3987834355839868
589,-0.9146165150516707,-1.259276237989484,1.6498193142099447,-0.7613598166364668
590,-2.3956693222716163,-1.516663560627153,1.6318347267567677,-1.2585759764862476
591,-4.048837436788032,-0.15113606350783615,1.6168368682114123,-0.48538817370653276
592,-2.9023834308193814,0.23272525533188587,1.6143656486774276,-0.7915046211318915
593,-1.1856569351274404,-1.8065558474457548,1.4827438702188653,-0.7699370666424666
594,-1.742400708841015,-0.7476645870090963,1.0949453103771074,-0.5765551200701391
595,-2.7452963465166453,-0.085549427869056,1.1629307468562393,-0.4571902452511932
596,-0.0014321914501437272,0.8650979913356844,0.9462648694102064,-0.2849542657515383
597,0.5087534738207979,2.1696359000839633,1.3149704844740844,0.1678003711926087
598,0.5234629743681426,1.6583184936930002,1.3315676264511727,-0.28072553028785396
599,1.3478559844304945,0.6025071186510539,1.2748407974646843,-0.6008844392058412
