t,Y,X,C
0,0.0,0.0,0.0
1,0.35298471287427596,0.43140833521496713,-0.622858682152086
2,-0.2703569214972472,0.7853212197681665,-0.23842518286170647
3,1.7447389581741715,1.2780608044939141,0.7008474840896693
4,0.8017364129914677,1.3919252208426804,0.27200980229978067
5,0.1414349502850727,0.9329441818337398,0.42568966323613266
6,1.1781847320589343,0.06176969498884671,0.7870818359923522
7,0.3748309838652495,0.6182872863023887,1.162056401465162
8,2.687514543640815,2.095840037150765,-0.19466482615197855
9,2.9714937576244163,2.0667476087431815,0.35202152863285935
10,4.467294635247915,1.4562046108350222,0.1934252887295707
11,1.4781726345863997,0.13063415349478325,-0.48537452504893797
12,-0.0965933018686872,-0.35693119825121594,-0.9688597394053522
13,1.6378593165025885,-0.4932407247426587,-0.808531176159398
14,-0.10562008648515597,0.8480514829669406,-1.4786741100309282
15,-0.3388676804801609,1.760016851038753,-2.346107352896981
16,1.3404177208944463,0.9412263584524599,-1.3439070283208525
17,1.2518523130289072,-2.276298273637101,-0.03182639258094644
18,-1.585110944135343,-0.36813308978378434,-0.2602275440280679
19,-0.49881958090945644,-0.08598862358461937,0.5839103703863767
20,-1.1339710093539432,-0.10227047805480849,-0.04961938116416531
21,-0.32242046938252616,1.345008429311752,-1.0251313588034014
22,0.3549841906677095,-0.4550095736187001,-2.137309470244076
23,0.6534968325888112,-1.9333875535597578,-2.102637143107309
24,-1.6930562542045955,-1.8932291402244985,0.1917001018451383
25,-3.0495750863333257,1.3818724242310423,-0.11337066226126523
26,-0.18285480182974378,1.7227390313533122,-1.8844080310710558
27,1.0622741038982193,0.44675718509706797,-1.1319176181366328
28,0.2811025589089574,0.30013850676108145,-1.0660816887506046
29,1.2477141977773338,-0.5632415940943256,-1.1144511552664418
30,0.2628578312224198,-1.9587989597433495,-1.309247044778469
31,-0.6717033097104865,-1.0324693294721354,-1.6307797784387783
32,1.0282109341719847,-0.6121898056074617,-1.349361773374022
33,1.8918912500436165,-2.014111044638141,-2.624312222374167
34,1.707069998068619,-2.3219401466842493,-2.72077700102136
35,-1.6854176493398159,-0.3392365204773773,-1.9618667143858264
36,-0.048110982984519914,-0.12382842972922925,-0.4128702808945973
37,-0.35670234994860606,-1.0196936733241104,0.20963466110692963
38,-0.9162297049852022,-0.10360462105663082,1.9778293016388362
39,-1.6879844525206833,-0.06593504597120858,2.396217887109871
40,0.4703632824680799,1.3053552475511947,-0.42310742782410493
41,0.16409605272475658,-1.302372841815647,0.2722848932372131
42,-1.6703112252823789,-0.8325508012212433,1.14251066149206
43,-2.138009487296669,-0.7688576675504181,0.9116849112083577
44,-2.970506299291478,0.3608717637371172,-1.307992568942563
45,-0.2962317474188562,0.7790991472864203,-1.1494596365968424
46,-0.204476381249185,1.896602469941827,-1.5084364726733424
47,0.5245307580154215,-0.47813146842825566,-0.5359175851435206
48,0.577720766407091,-1.8274348293064882,0.8306570313550281
49,-0.14844851498912215,-0.523311170393324,1.1427954254024058
50,-1.2226934249576322,1.832581805696543,-0.3503153078768906
51,3.1942232919868854,-0.36424517901900877,0.5784607624087512
52,0.33512015811378115,1.1909876627643332,0.35381279012379235
53,-1.0572540902722132,-0.21725770763965357,1.202429383393536
54,0.366259139514584,-0.6086707246850698,0.42000657011628545
55,-0.0226647850801609,-0.776723928566622,0.44536326154375
56,-0.16689353811800134,0.09085341613138673,0.19493719362894102
57,-0.7643236854385577,0.3030853710598463,-0.11823650548432701
58,-0.3851989242524107,0.37718714250003377,1.4219335837743878
59,-1.5391896056288499,0.6881014366083182,1.7280080928921704
60,-0.17368482760522735,1.4825115295639681,1.4391463374180526
61,1.1563333231201174,0.7174523317506653,-0.544290833170555
62,0.8285223996993852,0.803596658662521,-1.0464533541113914
63,-0.0034033274083327125,0.757289654732237,-0.6382601384028574
64,0.9847800917392819,0.19986489798539128,0.1712961887357305
65,1.2087458648229745,-0.49168893714273076,-1.642703830981684
66,0.6769969657903818,-1.6584933383652471,-0.19298975641106786
67,-1.84915452128765,-0.12697630353541894,-1.2805417498126574
68,-0.8859298380135496,-0.437941925484838,-2.0290468608807104
69,-1.1727880499337293,-3.4614526643559955,-0.21912197199710526
70,-2.026430559831921,-2.3148261457377477,-0.7886947995931244
71,-1.261131621415226,-1.4513663407333177,-0.1914667201862617
72,-0.648643541151412,-1.3870819670774255,0.8218413524369851
73,-1.1735550116071214,0.4408912616553814,1.033418691933142
74,-0.46424691165880083,-0.05433565321699585,-0.545329680710264
75,0.7807541788001358,-1.0256620995321244,-0.9932028865222389
76,-1.0409971145106864,1.3846276023554795,-1.2914726728835193
77,-0.5551138860711056,-0.9459861878505245,-0.4731431859619996
78,-0.4769110898904735,-0.4182254352506768,-0.037483728562279744
79,0.2658434110197252,-0.7838911529273983,1.001026723738895
80,-0.7019571473221253,-0.10968575422394933,1.0266929466083619
81,0.32813587573703673,-0.1990677849778012,1.4939852323733032
82,0.5884066482430319,0.6759968989793381,0.6231009075283231
83,0.19454001566585094,0.7164276950860745,-0.02428410738164144
84,0.5794816763837201,1.3616629431391527,-1.6330598345537888
85,1.6391642680688085,-0.8332577658620133,-1.7159592593102415
86,-0.2084757981218393,0.2906704407529479,-2.7973843549899087
87,0.7282539624271724,-3.277766088230397,-2.5814456535646286
88,-0.5595381326019797,-0.8301321974292422,-0.11074444075883827
89,-0.913682594346337,-1.5152367154288442,0.11168169022038217
90,-0.8879495156157122,-0.8395081158850815,0.06799406389683524
91,-0.6509499882745017,1.1030337558795678,-0.12124145527003866
92,0.008771568978585775,2.1332881910728227,-0.6262255363343919
93,0.19109008233468305,1.0417486364260464,-0.508018632805884
94,1.3334056237505312,1.180511504336103,0.6716162779702493
95,0.956784234814563,0.40668931109596596,-0.7000367029456458
96,-0.3091587335839734,2.417796408857316,-1.1156500556800721
97,3.4640564408491423,-1.5585760160810578,-1.6410932785420091
98,0.055537396378836854,0.2884492536138099,-1.3763869741603345
99,1.8119304268468766,-1.3375160236259598,1.7577027138291825
100,-2.155834617374413,0.7601349208790598,2.902328935042425
101,-1.607358641039124,2.635225357435054,3.6948366451049512
102,0.6484998829684507,1.6692686857404924,0.8694079474831673
103,0.11484683437569876,2.230149978627376,-0.9206715180729039
104,2.2250061727734116,1.1101681011865814,0.36381658156111674
105,0.7117608697434945,0.8042731552068589,-0.7350484876575814
106,0.9831420676208724,1.1234588417597795,-0.15149725519289614
107,1.064919791959739,1.9245691844978166,-1.5000050582777287
108,1.440559248409565,0.8434210991965391,0.22665546161349048
109,0.6522817860778588,-0.22624435471570586,-0.004077676519387563
110,0.5038183152978759,0.7187689017351074,-0.413520175306316
111,0.4695476601813556,0.2224035949024193,2.594227580758988
112,-1.2341530175319917,-0.30704896728694764,1.7276113309796572
113,-0.020843997319327623,0.7923834825002389,-0.0523526732670887
114,0.05578817706092909,0.48922480519821315,-0.9768383880432719
115,1.4003893776493415,-1.242721199145346,0.6262740818349442
116,-1.3308368170635543,-0.3860228509534025,-0.6124214576910039
117,-0.13547613510828005,-2.0633633601523327,1.157164440669149
118,-2.8187428977477422,-0.22659075599271383,-0.5728279453236863
119,-1.451525246674148,-1.071525195027792,-0.22045690680863358
120,-1.0816278359945557,-1.8684179793653442,-1.4163419689826728
121,-1.4804099108139315,-0.3148745865709983,0.09368000343863736
122,-1.5703758446580984,-0.5338495135855648,1.1432821699466629
123,-2.5507194903434014,-1.6968331090051527,1.0357656501264787
124,-4.818648952967145,0.22556570844726342,0.2121473453833112
125,-1.840106577795635,-2.05709384108177,-0.6649969970660503
126,-1.2603960978562505,-2.48186359120053,-0.7576098935777716
127,-2.8656805047536595,-1.0660978322347616,-1.9154088631984767
128,-0.32263771570997524,-1.6059951397374834,-2.116449877155746
129,-0.39593864318802785,-1.0933704066301344,-0.14147852025335217
130,-1.9349890970282302,-0.5953175203819631,-0.7552075119870248
131,-0.8770058321586991,-0.9045753809423265,-0.6139469058104863
132,-0.5668322912167347,-0.032313423581687595,0.9056949421769449
133,-1.5500736458827569,-0.26988091252160684,0.7627625785961584
134,-1.168204578610546,-0.8620208581435157,0.3744579822396255
135,0.012577977483844816,-0.6078389854118512,1.1947383257111543
136,-0.8489338181812384,0.818976327747991,1.0949852488478464
137,1.4353651631483377,1.8140267526978544,0.9566772746281643
138,1.0878814239194592,0.2519294471814968,0.6864504383819872
139,-0.21580069991210643,-1.0352058111095614,1.7851934497138395
140,-1.2352709943709552,0.49425215916546233,2.6898894758321346
141,-0.5486892051667946,2.8612739453088696,-0.8526971550612292
142,4.862257322903213,1.254932258957789,1.3798511843241923
143,2.9436578979651147,2.3063488451546306,1.5583409279000948
144,2.1075590078513504,1.4923603425263683,0.5445062681641255
145,0.4833183040985425,1.8148956520508481,1.1554613875595086
146,1.0136949605125898,1.97646460319456,-0.8373933678053075
147,2.290583250626973,0.9014268954663038,-0.2508459511018578
148,0.8645062226855971,1.1560320609293777,1.0041553560999246
149,-0.22844094479157184,0.22375283746600638,0.24599477474046905
150,-0.5372560922711365,1.1820248350678222,-2.2661492077375702
151,0.861724963584795,-2.05885403444102,-1.2800608379508187
152,0.05459787936843208,-2.110157195750938,-1.0345408259187048
153,0.38260357895078645,-1.5547058121728399,0.8179872677433454
154,-1.0703459540736802,0.1194688528259143,1.391630336805176
155,0.17257523314610224,1.0408789788023154,2.8333291377043004
156,-0.319681770673043,1.9808500631926922,1.800211369565936
157,2.34721654001659,0.5179183443175936,1.825177728936226
158,0.6684373789847055,0.7740766544158559,1.7608895777117102
159,0.21737563904349924,1.0380370579128098,0.44996499603119533
160,0.6326515812406914,-0.7995902358064202,0.6060807368781433
161,-1.568064897469263,1.7537394090708602,3.0020792068936735
162,0.7896281029086227,1.541836376068837,1.270469779537463
163,-0.21855714203568422,1.2656184845572116,1.3761555932040022
164,0.2983723365743494,-0.0368664971441538,0.7637818964157648
165,-0.07948766868386864,0.4610114779051606,1.3160454797698589
166,0.7289681487183843,-0.42520281877859567,-0.01067494912467104
167,0.5543405893809216,0.8256481902189009,1.4493296176401804
168,-0.49303143362271806,0.47012956208818857,0.8001657831382631
169,0.5857984599357281,-1.7966009435388552,0.26494948863185885
170,-0.6188998154300872,-1.4655782982304686,-0.3326562764273543
171,-0.4799508315250334,-0.15501747572566577,0.2514178434988822
172,-0.8302866509033846,0.9368362165012326,-0.7436317447351413
173,0.08312107305712146,-0.35294053979640966,0.44839301639028845
174,0.3448646721291929,-0.6787232327800999,-0.3650133966256768
175,-0.825334465639358,-0.143618521640083,-0.3587035376897063
176,0.5009980872728789,-0.39016399222269704,1.0737050150119962
177,-0.429341348141262,-1.1873872682330489,2.1277375534621368
178,-1.3975602118856811,0.4491606583796971,1.5043135412549398
179,-0.7381305409528105,-1.4168120828688133,0.3674129843929752
180,-0.30313061823261567,-0.9543686511841745,0.26172421775878296
181,-0.7470471022725729,-2.170747336238047,0.984122276147048
182,-2.026299605179534,-0.45687818947281994,0.7475615645026268
183,-0.19597861543725792,-1.0315632683051883,1.0077450741439393
184,0.20826176922748263,-0.1587096300314484,1.8227554774498493
185,-0.257350636782745,1.2275123781168422,-0.7209550080028988
186,2.323739240863004,-1.5631478604021305,-0.3497955444832518
187,0.42662286207301214,-1.0787620246055958,-0.08038989420002635
188,-1.2243493805193388,-2.379044938203396,-0.5770803951119237
189,-3.0259474784349742,-0.4846638934726672,0.18176237680184165
190,-1.6937579930123356,-0.4964761058335131,-0.7065073826881908
191,-0.5003247150019379,-1.6867269022634481,-0.8122596548456527
192,-2.8371150431606567,0.12056686755819968,-0.8343755775154946
193,-1.1709088758114101,-0.40600616626765434,1.3844648228856897
194,-0.9995333129314815,0.6352120753991344,-0.2990253522511681
195,0.6588331771205775,0.09401009918596771,-0.31301043897195824
196,-1.1772602391834985,-0.3970369378204157,0.8249519857173178
197,-1.203295484057376,1.2000378170784343,1.110994440506647
198,-1.2884407749495548,0.7523020165071053,-0.6037050947559514
199,1.6550582714340991,-0.8243061338659264,-0.28135540002515946
200,0.030059185679816636,0.16861118872595948,-2.0230789725440497
201,0.3393807403968923,-0.38376431574151115,-0.42384376130043167
202,-0.42566426560027903,-0.4296546055586986,0.3624602896820215
203,0.140098308225717,0.22520944466374518,-0.36438265153450844
204,-1.3898065638412582,-1.3325707594965452,-1.3086138729995893
205,-2.1343900226025054,0.23092255637043113,-0.7213573433606404
206,-0.04237735633070677,0.7436650572492194,-1.191147007494675
207,1.236587869660708,-0.065503781559786,-1.749582540500643
208,0.40552801737222927,-0.003457729182918423,-0.959322812465291
209,-1.7987865269716221,2.0031414897837383,0.4693755354572574
210,0.4543055966103994,-0.546127850813365,-0.2184849735875392
211,-1.0699565480726285,-0.31245249590822605,-1.076626966903412
212,-1.9674089050018817,-0.46930507272887023,-1.5381928329012537
213,-2.4178519535271032,-1.2197679102079722,0.298532468981374
214,-1.9917817262353745,-2.3409448831758577,-0.8509830527447277
215,-3.4819458814830533,-0.2094654672751025,-1.5941413107580198
216,-0.779035153732834,-1.9519778455716503,-0.3394455868293882
217,-1.4977857271073707,-1.4905328151328694,-0.05116267687894799
218,-2.996827469620259,-1.2209756985023552,1.0882870654918104
219,-1.6090127222615944,1.4818966321462348,0.9371315921259267
220,0.455355825214854,0.07476020756526291,-0.2072109078304537
221,-0.6105255101655278,0.42952278482352196,1.0618659500520582
222,0.57869084866537,-0.8192044035498794,-0.7188907990208975
223,0.5779872626737371,-0.5389351384809736,0.1449878363825971
224,-0.7079281759761964,-1.1872969284415087,-0.2664946622306386
225,-1.4772396226740327,-2.0028064615814545,0.9647320765167842
226,-2.4727419507393473,-0.23249767666433802,0.33907396195381245
227,-3.565524114982413,0.16981803734621626,0.5943914093270855
228,-1.4154807636345335,1.912925769235105,0.08720142854631302
229,0.607035357002119,0.6344981067965748,0.24217669398691608
230,0.011098160640015786,-0.5919077830914838,0.6119369152208041
231,-1.2454070571416627,-1.0638403283303546,-0.0815769062202143
232,-1.822826476391668,1.621493112667837,-0.29323268183728596
233,2.3036256335396295,-0.36122009798782334,1.276467652712249
234,-0.12365257275127121,0.6132479245105471,0.7040783916166342
235,0.601028235559917,1.1784196007816048,2.804061654717481
236,0.7939918315729251,1.053043073164102,1.6652491706694823
237,1.4291219310674785,0.20106287046042304,-0.5234514385270194
238,1.2476847217828873,-1.9322843481468048,-2.1851997409582795
239,-0.5660047768135923,-1.4559397426612102,0.05819000978973787
240,-3.005754718913682,1.6794514437437271,-0.41827286388841306
241,1.3808898467414563,-0.2516451450064038,-1.3469804191021673
242,1.0472242810092687,0.3791143657746777,0.8426003263001607
243,-0.3010532722650531,-0.34526924531754366,0.24630959334157565
244,-1.1933294461041204,0.8152165141340878,-0.35790035236983164
245,-1.2394597004901233,-0.14122426980933162,0.5114347681220579
246,-0.40835190360109874,1.8194065956479912,0.26079605272695255
247,0.5824101872693734,1.6188575857776084,0.4789660122099305
248,0.44827247199387754,0.3685899166029227,0.3811799492832026
249,0.5376296659780824,2.985679805737253,-0.5771867137866341
250,1.2498777723403867,-0.007717890769042612,-1.4206291256819068
251,0.3532825369564118,-2.5563557676586717,-0.06366030606653839
252,-1.7577756965181657,-0.8687612263318871,0.3080762511075751
253,-0.5156574515664618,-1.181659753934585,-0.05235388575140679
254,-0.4075283577292169,-0.1550416097065701,-2.8615435276051135
255,0.9285275369181216,-1.8255355186268187,-2.4683058403717304
256,-2.1805638955502755,-1.7600219786689566,-1.6591630559135218
257,-0.30464602836083077,-1.2750598466041931,0.2045337364248747
258,-1.2270128419152868,-0.5070041130643718,0.5589507214976601
259,-1.7231759176619763,-0.7911859666484022,2.0872785235590805
260,-2.807483211849939,0.6149427841515255,-0.8944064736964221
261,0.22835800021453537,0.31348914369404624,-1.3286698196375213
262,0.19927995495716477,-0.8847777462329096,-0.6392853457449186
263,0.6843951019000429,-1.0112171776585122,-1.7979642883974956
264,0.3334122265216352,-0.7221066297537659,-1.1059280854285454
265,0.8499967488507161,-2.0498884790216474,-0.2998504396166111
266,-1.8217481268429636,-1.404870945093589,0.27086115854763976
267,-1.2110036609690384,0.3777655017762744,1.0422488194078912
268,0.5636980780551205,0.31340859406374016,-1.1336748457503618
269,0.4778400092905665,-0.5880587782638368,-1.9560570743233403
270,-1.0237970698341496,1.7819071456623525,-1.4304766208574897
271,1.5149204592122916,0.03415547264528948,-0.7291517308611442
272,1.0570294068367656,-0.540911445153379,-1.5126612281721736
273,-0.7485839670979182,-1.5520656700302622,-1.641560895677979
274,-0.8757769364024587,-1.0721827166633169,-1.4663869798265097
275,-1.0379404632273816,-3.9840234210995136,-0.19247661931365312
276,-3.2364624415813106,-3.2704826965621137,0.2161012442848499
277,-4.216673086653882,-0.1214919040050294,1.0419511504970294
278,-1.8511291226554887,0.4290246411927184,0.9406219721041034
279,-0.16468609685301294,1.6548044477921038,3.2402319040603995
280,-0.5430795802945151,1.2749910519999377,1.611959045003703
281,-0.49892537380718593,2.014905962679984,0.9767294185156061
282,-0.12052244889408414,1.2431083741097477,0.6805781803793197
283,1.1090366105893479,3.1806709230985892,1.8440239495833246
284,3.163261583788948,-0.31139208539813445,3.565136214459016
285,-0.9122908534190249,1.9874488624043223,2.4094023044339687
286,-0.01917724067305826,2.000859630195232,1.725703972319259
287,1.4703484618083027,0.06980338799637065,2.3130267453834534
288,0.8200818083987287,1.838357997775311,0.8764690402069052
289,-1.5010582421443721,2.127836810964824,0.17794718510807128
290,2.130200724137161,1.3577138599980736,-2.7712323220175494
291,1.545072145467603,0.3915504236523383,-1.336418442559149
292,1.6118777205620218,-0.76166728059979,-1.4874281802288187
293,0.2578800945879383,0.8994955366847971,-0.040140497882194204
294,-0.27638449952429056,-0.4815439943948585,-0.046700280063231986
295,-2.0250471138397304,-0.2075099975373344,-1.2358914827886638
296,-1.722961070302402,-1.17141100076336,-0.8792589879559498
297,0.4295131433517896,-1.1875254607592352,-0.711312964966329
298,-0.6061859700769624,-1.0020018671471302,-0.6866419710441641
299,-1.3966492532678905,-1.5323259219157197,-0.57268927787307
300,-1.1694193488475129,-1.0593266094100082,-0.1704620364908907
301,-0.9304824925255504,-0.24515947647686054,0.001222614585971421
302,-0.34795512779164145,-0.5969643920750312,-0.1349617814023644
303,-0.8622284651454005,0.6347932277307473,0.30972909768118834
304,-1.1480259406183544,-0.4613672988858554,0.15845675221088648
305,-2.0437364847680732,-0.8908233367815,0.21633831865057074
306,-0.1680971809298406,0.1507840242757546,0.14137710822320787
307,-0.216859524665394,0.5580827908151142,-0.480647437205107
308,0.45472068216059813,-1.746208600843863,-1.101659374106763
309,-2.0886078241803023,-2.0189150623250356,-0.7702135770081242
310,-0.9419885930658068,-0.41391796419921056,-1.0180656331737445
311,-1.0118904999302494,-1.6747251235555716,0.5235878447123355
312,-1.7722028357867834,-0.971406773272639,0.6885104889999298
313,-1.2696255032131778,-2.314499749323579,-1.005602614798814
314,-2.8627072199327914,-0.10368149376948632,-0.018089993732641863
315,-0.5103396838909775,-1.5327149203085786,-0.24895942974662566
316,-0.9365442497521612,-0.23163769937911227,0.2922058048813987
317,-0.06955398409392138,1.6118729630333306,-0.39523787917895753
318,0.672473245469562,0.30962554573350115,-0.11084359747363398
319,0.2661726222364138,1.3807574144534775,0.19414215889586023
320,2.108225555259434,0.3182930205775871,-1.1374525331961007
321,2.0682717476077253,-1.4741293475831552,-0.010042076700955804
322,-0.858648816223686,-1.5432826775073263,-0.6414613543474651
323,-0.37352999486377625,-1.0195612659621809,-1.3916721576766826
324,0.3470266792660547,0.7546104763351569,-1.1224646036011134
325,0.939872091546547,1.5409068754969688,-0.4428033805862981
326,2.652952495351197,0.5450538528986024,-1.8539702050661606
327,1.7621432476675793,0.39834616091332564,0.5102654915323277
328,-1.0716539181766007,1.0800079004782477,1.120536961101889
329,3.0255672058907814,-0.9047262557302529,-0.015207493877940514
330,-1.2898840700051397,0.611321521508367,0.020114780781892105
331,-0.07002904925115533,-0.7115300641295814,1.5570639330837996
332,-1.2978117382269616,-0.3305075384262398,0.45079109123970396
333,-1.6963875963800477,0.2892637493968058,0.040619468125913855
334,-0.2333140012324199,3.449413660276587,1.5104223464133557
335,2.1789877518102796,1.4537732119388764,1.918232982273621
336,-0.1311702161721653,2.049169705641322,0.025661666336356692
337,2.317566680125903,-0.6636997062622393,0.6017572372772262
338,1.5637587158867077,0.8031870308841587,1.2423151703230055
339,1.249282315999662,0.8338267585831084,0.9149083608735933
340,1.6727812018804467,0.7150573931428307,1.3542481823456693
341,1.341989542077965,-0.34810948116213114,-0.024193394817514813
342,-0.4888172172026752,-0.4886163366232141,2.0478390144169665
343,0.518718401059008,-0.6632464482462868,0.784931157079162
344,0.2313829217558857,-0.5818111039896936,-0.537684899349249
345,0.5528110721675874,-0.9849928112036402,-0.29305299642022653
346,1.4049530957350107,-1.8396842657573458,-1.9343519841913233
347,0.6839019600864176,-1.0911366262229831,-2.0958391972706405
348,0.0656041491859427,-0.14432829790904722,-2.537216546688538
349,1.0481122538499237,0.5985482222480518,-0.8022775009916867
350,2.4374876309746085,2.3322514468096434,1.1865209095745561
351,2.97532270243466,1.3294636701589955,1.1698020220154868
352,0.07955524851164175,0.01192892025261827,1.6162030288925582
353,1.3509964575195093,0.6514822822629622,0.17450879869002922
354,1.828521957140023,-0.25049267476998494,0.6997164945120414
355,2.163804739042368,1.1225281187282519,0.2766071534887147
356,1.407465144660366,1.0041521968852996,2.584424653497583
357,-1.4344034111398316,0.6900384361494855,2.8421123308340355
358,-1.1149957153650398,1.3888099271558956,1.1586588236871505
359,-0.07451593560348801,0.4838399454026405,0.6304123233017666
360,0.4427486437106719,-2.0722413657530505,-1.6052708520955274
361,1.6708095011314648,-1.2715585105008123,-0.016809796015093248
362,-0.9829694198454989,-0.5112930631757377,1.915346361440547
363,0.5097808044763756,1.3812814677356737,1.4349510983502343
364,0.3968972571113977,0.8597273778159777,1.6798027752628821
365,1.3303841271258992,0.2575838554582376,0.39633733583899367
366,2.552062459027468,1.2350304675424477,0.8332681251412352
367,0.9911725259052862,2.160019753216591,0.1329596563579235
368,3.4055510173706,-0.8432022334544288,0.9802167768817958
369,-0.32399453033460685,0.6262209979033801,-0.44263592193887413
370,1.6719215027966805,0.5728711650885485,-0.6261180510291678
371,2.1846334062736656,-0.661767546122447,-1.0962848683644195
372,0.11480826027719185,-1.9874781837245756,0.054144051841579555
373,-3.693993709669747,-1.4090443290799581,-2.419011906069122
374,-0.2730967314354821,-2.74423095033875,0.522039530534675
375,-3.866070948798429,0.3615648164281078,2.487198764327159
376,-2.7044926811518746,1.0875142758748246,1.1235609811005824
377,0.19801595262611324,0.13159432276447158,-1.0414824089384553
378,-0.6366399553761802,-1.1725380293640884,1.4590756097870141
379,-0.6316190268225731,-1.156308617568377,1.2109057984398732
380,0.41390034200662207,-0.6152273441611154,0.44939048367085443
381,0.032561090663162484,0.13565697655471634,0.10342142791921474
382,0.9480617342755683,-0.1383737667935432,0.014663445708461599
383,1.0554573745001175,-0.38617331502126684,1.4542934410171746
384,-1.8033305233187205,-0.1758247884877825,0.8443237460049263
385,-1.4043767211241207,0.45078052117853334,0.6014797487225713
386,-2.49300646529172,0.41644090675862494,0.8548504968581618
387,1.7173738485269836,1.277696367782682,0.8286181969604256
388,-0.5051248851871399,1.713459844961789,-0.5791577784769011
389,2.460041313644189,-0.6482511702985516,-0.061088932941216034
390,-0.17611987731293047,-0.21385819402874226,-1.2494333661637194
391,-1.3175008181319694,-0.5398281301946763,0.06311250270510571
392,0.9427904519547472,-1.0815896586608853,-0.6817212284527293
393,-0.6171844714142443,-0.14864270080504932,-0.43956864640108534
394,1.8638624961421981,0.21701068483953412,0.17316786390339567
395,-0.8651851381821765,1.4679081600854667,-1.9214340365964926
396,2.0089015692192618,-2.3606154204033984,-2.145651844124768
397,0.10827861891617718,-1.7593280012909658,-1.7392909893125617
398,-1.8046180335227346,0.40903104557503744,-1.1537289758446927
399,-0.7910420570240324,-0.4100377790009469,-0.2967146895456033
400,0.710526518074798,-1.0733593792729006,0.4405279727438226
401,-1.7554824578633275,0.9445481648364181,1.607915787330718
402,-1.622442208813212,1.301795275440526,1.5006650556372572
403,0.9707086968164975,2.3440820222738594,1.2908172789808925
404,1.2554728400678337,1.4144164784068263,0.1529002295037073
405,2.524004771691391,1.2393441563028411,0.443699364868681
406,1.7111589174739206,1.143292978970655,1.2309148504921086
407,0.5169400637995165,-0.6810365176999857,0.928176093255037
408,-0.9243851035218761,1.3430406236335266,1.4350431521085873
409,1.1623014297934453,0.1722475036323452,3.1386721677580924
410,1.5348109757501125,0.922263337921615,0.06006056856260278
411,2.8305653288725168,0.1730758652481948,-0.254850708165957
412,-0.5007702816718971,0.5605393846039869,0.38378926187004914
413,-0.37964946150448065,0.8622017238947399,2.976406939052031
414,-0.9212734400930682,0.13407092233620577,0.5786336726172323
415,-0.038297442119651526,0.09932832169627889,0.1407179219049064
416,0.23664613161687414,-0.3922750230405921,0.8491650915706436
417,-0.3654557657360349,-0.5373792274638125,1.5704192196582702
418,1.079032624979986,-0.6940455310484956,-0.9580050899805598
419,0.06013405083884986,-1.1628167859235852,-1.1990928273165333
420,-0.9964556668779301,-1.0466127256213686,-0.6539821265286065
421,-0.923821482033957,0.6977666740600503,-1.64878118593353
422,0.48942673089198285,-0.8776934165278172,-1.887089336598696
423,-0.2551141038851045,-1.5576322301462746,1.2128120660297719
424,-0.3026721734052302,-1.4338666163658689,0.8478062372299936
425,-1.0222939105799715,-0.18906802051824906,1.213525887442005
426,-3.069989893504764,2.1701215720802933,0.6791454456527313
427,3.3259816248006957,-0.12071244991548657,1.3413665270181294
428,0.7470649924271495,0.03436824951575851,0.08422045758666818
429,-1.6841922323871008,-1.862697490373145,0.49806751553491707
430,-2.4797707747188134,-1.2360056376855222,3.613956657218112
431,-3.1744685272626194,0.0206984036981559,1.8110569548310502
432,-1.205580086850262,0.9551461624636413,3.009317217887431
433,-0.7843828581290777,1.8764884000892186,0.7640866957856915
434,-1.2271132730657996,0.43169777527200215,2.523067248028681
435,-1.2256934370814285,0.42089516778276204,1.2158164496584918
436,1.3850976934815529,0.28635630626019953,1.343707290427459
437,-1.397330645618076,0.8335982601969765,0.9302188453502834
438,1.9518334979220855,0.6433049206370345,1.9536386411296753
439,-1.0272005491532639,-0.21196823040013935,1.3744090672257223
440,-1.708657599064476,0.566668861946554,-0.190897470598142
441,-0.06664282873822558,-0.9330241077645023,-2.1614965071171777
442,-0.8574622936216825,-0.09048993743609812,-0.12256670175252848
443,-0.6088709745166885,-0.21290641638226254,-1.697324389978109
444,0.6588486934120923,-0.5268106396907628,-2.049856622462536
445,0.47412161643179895,-0.4057514881400711,-1.9582389818484869
446,3.0029468611407113,-2.9186883151732177,-1.985792893599131
447,-1.3318759297794738,0.9179492287418685,-1.3685554977993948
448,1.4349979298108937,-0.3497671575531386,-0.5649544517481564
449,-0.3556712808038121,-1.2144924238678745,-1.0681129716227602
450,-2.3074171729430235,-1.7478601421378903,0.712388374609067
451,-3.1940804547183737,1.0616313943492433,0.714440784450725
452,0.7828190235422415,2.0726075510244137,1.3339628198064946
453,2.1282620125209197,2.794598713232618,0.47352325024078523
454,2.688183557545427,1.1305184871584162,0.3432951878721249
455,2.861844961745375,-0.03069599084086383,-0.22496257898515928
456,-1.410752280372355,1.4308595762484082,-1.6249961512067834
457,0.8895805200948999,0.24034195740734143,-2.2274477065633578
458,0.9045126666367941,-1.53850755265817,-2.1667123777802426
459,-0.020223461321719316,-2.3068451203620333,-0.9321007542675841
460,-2.7268930648595293,-0.3649989100123813,-0.49294352830397703
461,0.44589109953766126,0.6390431034801856,-0.6595661380147441
462,0.02268289284945879,-1.701203190912532,0.4533271694334371
463,-1.2808278944430795,-0.34931206552069477,-0.3088724777331336
464,-1.0860952036436329,0.759808802492866,-1.1292123627079793
465,-0.40302051781964443,-1.551604408180159,-0.375042879047606
466,-1.8905682972195699,0.26090663297701555,0.8736411650709592
467,0.4460979229194718,0.6833038099337796,0.8601072848557079
468,-0.27842251510173965,0.03524942959241528,-0.05733900258867919
469,-1.2559635460334078,1.0299500077430659,-0.13935946846043415
470,2.0426495873335915,0.704325427103116,2.0149919907228333
471,0.22752384548880214,-0.7485741020657926,-0.22481481930520508
472,-1.6934482818029142,-0.4729294136692743,0.08688134790190422
473,0.537722209676157,0.8319551847473223,-2.195873573407026
474,1.5592005091008556,-1.3267331149542638,-2.03240926635067
475,-1.744022858190841,-0.6888719303515045,-1.338357177764173
476,-2.451118412841023,-0.4327405356201498,-0.45302559534116366
477,-1.864663829227617,-0.6706035178992265,-0.17044693169688352
478,-0.632026342435113,0.3645204995692781,0.6042981896973458
479,-0.10028557746873594,0.26239448120582054,-1.9046066106062953
480,0.6078085778994018,-2.8796900988047067,-1.1868585065637154
481,-2.550688268688625,-2.4334193862035076,0.31014256986239697
482,-1.910662426731471,-1.282531106961556,-0.06527319592718314
483,-1.1872398685836503,1.4621490046064198,-1.1943181375998324
484,2.8037523723293063,-0.6847993395785412,-2.534973689394247
485,0.45606023441404514,-0.4754101498224642,-2.985164068671577
486,0.7846819203444176,0.2008164064555067,-1.727059171658417
487,1.852261732892893,-1.001883493077865,-1.9995542998218339
488,0.19054565381268584,-1.0480001976411073,-1.9514611081432194
489,-1.9725546933961908,-1.8789805186884905,-0.4201667590247232
490,-1.0587457465732164,-0.7456623926797074,-2.078920608065889
491,0.772161170356129,-1.3409638024502166,-0.43946069742907234
492,1.2745892889573853,-1.4944367671277998,0.022650566967038932
493,-2.2711194268799755,0.42515235720038036,-0.34987421766651045
494,-0.13917837033289088,-0.0920009977852991,-2.1437814819437473
495,-1.6723440129092966,0.057810398176726285,-1.7059459623682502
496,0.7618871213954781,-1.3655806949533398,-0.5748402215530459
497,-0.5550283675405665,-1.0179088354147685,-2.2592505850745135
498,-0.3295819285247837,-1.6989425378825445,-1.6071875044120294
499,-0.5212239504499315,-1.3891495704314132,-1.1559165545535481
500,-1.6271591200143796,-1.44605449065506,-3.415806174130054
501,-0.12992310018352238,-1.4910865471726402,-3.228920422078496
502,2.117440606044071,-0.02370234740036614,-1.530873446199838
503,-0.1051061824750329,-1.6471607242560915,-1.3636072419820613
504,-1.3811261109879263,0.887029187121466,0.6688084162546667
505,0.6027426705025917,1.3704131595060904,1.7439875400553637
506,1.8175828762516792,-0.22947002272111527,-0.36422467434879624
507,0.4751766084601603,-0.286671324185051,-1.9995650533307268
508,0.17424951159347674,0.6602943560843152,-0.4081591569281383
509,-0.42395236430425964,-0.24966522965020074,-0.15421466080085394
510,-1.45260766448471,0.2225049999139283,0.6551394687257074
511,-0.1013027826481609,0.8991367094339018,0.9218269659525116
512,-0.35141942642743523,0.11723225951245309,0.7122238106629937
513,-0.3372093878927851,0.5901724883131939,-0.4739438087714904
514,1.6319315457561099,-0.1608185041356116,0.3910813987813547
515,-1.3229421046139098,-0.5588208392645383,2.020574041554059
516,-2.0016014195510876,0.5156131746449468,0.21352008511085907
517,-0.07597218032600256,1.081819162635124,1.7698920919245746
518,0.2526340007051622,1.0600133979949082,0.7523568848381914
519,-0.04723832562306152,0.18380161323329697,0.6796854553664489
520,-1.895791828899432,0.10093107604357915,-0.2478906136120469
521,-0.6750023396546645,-2.1564759898338126,-1.152305119647647
522,-2.9467232682326925,0.06979083393877494,0.4053512944212002
523,-0.011525438609864103,-1.2217810723945994,-0.9850069884124104
524,0.8258999786538201,-1.071025619555748,-0.35575536342670533
525,-2.6609917117241646,-0.41884755595468265,-0.646600534335995
526,-1.420509639798503,0.04875022575423377,1.5710730006926286
527,-0.18070680346415835,1.7263191925674528,0.3961664975497695
528,0.19129886518829453,0.9938286482680392,-0.3595305107040754
529,0.6554927143527746,1.5441925142571502,1.2166795472375274
530,0.7227794514215747,1.2342327912444175,0.31083726382307564
531,2.149385414926166,0.41917824251101937,-0.6211569336603078
532,0.9043022027681458,-0.7075636041765262,0.28488927750050824
533,0.5907646393192975,-1.5263746653283397,0.6888871934810454
534,0.07580700088438919,0.6792206505685398,0.45524006813754675
535,0.7447698796538131,0.4397330718194894,-0.4548235680195
536,0.17534227193542767,-1.7348563254553147,-0.21072661079211724
537,-0.029702626798181475,-0.5767119511911333,0.736764208831015
538,0.19475956016230367,0.22269079199262864,0.4070652291849952
539,-1.5354606045545651,-1.0844325309613139,1.8626721055784616
540,-1.6498700877672823,-0.11968543903438078,0.2314469470143865
541,0.05088337506786228,-0.5863442961046615,-2.8143515780429
542,-0.2951285938387352,-0.513625705319333,-0.8341635537188985
543,-0.4101885283919526,-1.0011873944525234,0.8268429276744258
544,-1.776744014536784,0.08113471418223211,0.439580883531351
545,-0.8745434099655929,-0.646070398260396,1.5778314209003166
546,-2.151389306385753,0.6573706226589121,-0.6053914097880247
547,0.40570977935073965,1.0974922831055183,-0.016813344371001848
548,-0.17753400883130577,2.0884089673202038,-0.4196851753236632
549,1.0671521429985042,-0.7603499731507644,-0.7887636443609216
550,-0.3954314134584964,0.6377045284515148,1.0771438945784428
551,0.4064147326069031,0.6259132581681803,0.9595125275279995
552,0.41844158334928366,1.662466334597392,-1.7729334266492451
553,3.045339527818294,-1.38654162786596,-0.5516628611155214
554,-0.931006381688234,-0.5213312882415814,1.6468779196174603
555,0.10937801407417558,0.24624663090888627,-0.8945363307058556
556,-1.9898518473030513,-0.4500758186207243,-2.383964123608065
557,1.2698795891384589,-1.6535881571090152,-2.219817702158908
558,-0.2926639387040544,-2.354620481504822,-2.9536392335975235
559,-1.9829638824913787,-2.0618685216623653,-1.9891992083687706
560,-1.6891241949133733,-2.056288713965123,-1.267456686349506
561,-1.986091926573945,-1.8777047623559064,0.846855735127953
562,-2.48358720242553,-0.8723396039376603,2.797591345124124
563,-0.30148139740889635,1.6240087130279388,0.08813069236863535
564,1.421864207414524,1.019946718023013,1.2586726912806039
565,-0.1561848732769583,1.811269626109612,1.2878152185697012
566,1.3226946023780621,1.6108081002975085,0.7855758665982577
567,2.378878284725614,1.6677607343430028,1.4522280900636018
568,0.9321207643489527,0.9795855338788526,-0.06696376107908864
569,1.3438794416280486,-0.037167150317273745,0.08679633555079946
570,0.2542767137626721,1.339162831401031,-0.6111333974509352
571,2.184519161570509,-0.7058477184653642,-0.6049640860290562
572,0.3845519097368579,2.4366810878559555,1.2998409207906583
573,0.7394766478602681,3.207655981711183,1.282658574552529
574,3.886866461768047,2.418471813875481,0.365806047809348
575,3.1916774586088685,1.1791887930680687,-0.8174323657512392
576,2.279345368845972,-0.5500745434757734,0.33774752887046094
577,0.285350909686813,-1.7802518073437605,0.06243349053657632
578,-1.02607637042995,-0.06341548908919947,-1.2220002612017444
579,0.7271975416534248,-1.0579430409188106,0.08576978023351933
580,-1.1203478367663697,-0.3570465696952142,-1.1387781902763476
581,-1.6230824654003397,-0.7685339413138044,-0.302840794060027
582,-0.7080349957550442,-0.8165265941606812,0.3122316578525025
583,-2.063054111983133,1.1014521980103569,0.2489414723410661
584,1.88741327695707,0.9952623714911839,1.3958699987940952
585,-0.42081107814267804,1.7105997556254784,0.24611386319754547
586,2.228030253499635,1.5885083127276762,-0.4855619354944751
587,2.220831513486133,-0.36005996092343745,0.22414661037450911
588,0.47796723573322,1.005482614698366,0.6042092533541377
589,0.014357447147754443,0.6334728511029268,1.4275766523944318
590,-0.013429101233355237,0.7292669517522371,0.8997787661835331
591,-1.2420139857098658,-0.4714689538754231,0.9673637401372959
592,-1.4084933649054967,0.4875086158548766,2.116472442046531
593,-0.5664183253237831,0.8131319604521224,0.3381303995921895
594,0.26656587746242744,0.8747947592745438,-0.28491295639390857
595,-0.31581084448715924,-0.4708322384555508,0.7013109830740647
596,0.708872685017344,1.4541606117767976,-0.19379464332324575
597,0.012312581067504214,0.18750208791088538,-1.228763048392118
598,0.5899013156908766,0.26078090481547156,-1.5288227339886284
599,1.3132391360865938,-1.231157939826613,-0.8509891590087086
