,CPI,CPI_MoM,CPI_YoY,CPI_lag1,CPI_lag2,CPI_lag3,CPI_lag6,CPI_lag12,CPI_ma3,CPI_ma12,CPI_std12,PPI,PCE_core,Unemployment,NFP,FedFunds,M2,RetailSales,HousingStarts,T10Y2Y,CredCardDebt,Savings_Rate,WTI_oil,PPI_lag1,PPI_lag3,PPI_MoM,PPI_YoY,FedFunds_lag1,FedFunds_lag3,FedFunds_MoM,FedFunds_YoY,M2_lag1,M2_lag3,M2_MoM,M2_YoY,Unemployment_lag1,Unemployment_lag3,Unemployment_MoM,Unemployment_YoY,NFP_lag1,NFP_lag3,NFP_MoM,NFP_YoY
2010-01-31,217.488,,,,,,,,,,,181.9,89.368,9.8,129802.0,0.11,8477.7,339093.0,614.0,2.81,2543508.02,5.6,78.40263165925678,,,,,,,,,,,,,,,,,,,,
2010-02-28,217.281,-0.09517766497462166,,217.488,,,,,,,,181.0,89.446,9.8,129706.0,0.13,8527.3,339580.0,604.0,2.8,2530024.28,5.3,76.45263190018504,181.9,,-0.4947773501924213,,0.11,,18.181818181818187,,8477.7,,0.5850643452823157,,9.8,,0.0,,129802.0,,-0.07395879878584477,
2010-03-31,217.353,0.03313681361922782,,217.281,217.488,,,,217.37400000000002,,,183.3,89.579,9.9,129866.0,0.16,8523.5,346974.0,636.0,2.82,2536551.95,5.3,81.28999992038892,181.0,,1.27071823204421,,0.13,,23.076923076923084,,8527.3,,-0.04456275726195669,,9.8,,1.0204081632652962,,129706.0,,0.1233558971828641,
2010-04-30,217.403,0.023004053314190642,,217.353,217.281,217.488,,,217.3456666666667,,,184.4,89.625,9.9,130120.0,0.2,8554.8,349869.0,687.0,2.72,2532764.79,6.0,84.57523745582218,183.3,181.9,0.6001091107474155,,0.16,0.11,25.0,,8523.5,8477.7,0.3672200387164759,,9.9,9.8,0.0,,129866.0,129802.0,0.19558621964177458,
2010-05-31,217.29,-0.05197720362644098,,217.403,217.353,217.281,,,217.34866666666667,,,184.8,89.724,9.6,130642.0,0.2,8609.0,346858.0,583.0,2.55,2521687.94,6.4,74.11750144958496,184.4,181.0,0.2169197396963085,,0.2,0.13,0.0,,8554.8,8527.3,0.6335624444756327,,9.9,9.8,-3.0303030303030387,,130120.0,129706.0,0.4011681524746402,
2010-06-30,217.199,-0.041879515854381655,,217.29,217.403,217.353,,,217.29733333333334,,,183.5,89.767,9.4,130510.0,0.18,8628.1,346516.0,536.0,2.36,2518416.41,6.2,75.40454587069425,184.8,183.3,-0.703463203463206,,0.2,0.16,-10.000000000000009,,8609.0,8523.5,0.22186084330353406,,9.6,9.9,-2.083333333333326,,130642.0,129866.0,-0.10103948194302159,
2010-07-31,217.605,0.18692535416828804,,217.199,217.29,217.403,217.488,,217.36466666666664,,,184.1,89.769,9.4,130415.0,0.18,8639.5,347612.0,546.0,2.39,2521104.8,6.1,76.38285754975819,183.5,184.4,0.3269754768392419,,0.18,0.2,0.0,,8628.1,8554.8,0.13212642412581133,,9.4,9.9,0.0,,130510.0,130120.0,-0.07279135698413652,
2010-08-31,217.923,0.14613634796996067,,217.605,217.199,217.29,217.281,,217.57566666666665,,,184.9,89.855,9.5,130415.0,0.19,8687.9,349188.0,599.0,2.0,2520422.13,6.2,76.66681705821644,184.1,184.8,0.4345464421510181,,0.18,0.2,5.555555555555558,,8639.5,8609.0,0.5602176051854757,,9.4,9.6,1.0638297872340496,,130415.0,130642.0,0.0,
2010-09-30,218.275,0.1615249422961318,,217.923,217.605,217.199,217.353,,217.93433333333334,,,184.9,89.906,9.5,130341.0,0.19,8718.7,352179.0,594.0,2.11,2522094.23,6.1,75.54857090541294,184.9,183.5,0.0,,0.19,0.18,0.0,,8687.9,8628.1,0.3545160510595391,,9.5,9.4,0.0,,130415.0,130510.0,-0.056741939194115965,
2010-10-31,219.035,0.348184629481163,,218.275,217.923,217.605,217.403,,218.41099999999997,,,186.6,90.043,9.4,130620.0,0.19,8768.4,356215.0,543.0,2.29,2530106.0,5.9,81.97476232619513,184.9,184.1,0.9194159004867419,,0.19,0.18,0.0,,8718.7,8639.5,0.5700391113353964,,9.5,9.4,-1.0526315789473606,,130341.0,130415.0,0.2140539047575274,
2010-11-30,219.59,0.25338416234848005,,219.035,218.275,217.923,217.29,,218.96666666666667,,,187.7,90.16,9.8,130749.0,0.19,8789.0,359450.0,545.0,2.36,2531232.26,5.8,84.31476157052177,186.6,184.9,0.5894962486602262,,0.19,0.19,0.0,,8768.4,8687.9,0.23493453765794925,,9.4,9.5,4.255319148936176,,130620.0,130415.0,0.09875976113917773,
2010-12-31,220.472,0.4016576346828282,,219.59,219.035,218.275,217.199,,219.69899999999998,218.0761666666667,1.0693199056438,189.7,90.179,9.3,130830.0,0.18,8823.2,361979.0,539.0,2.69,2646811.26,6.2,89.23318169333719,187.7,184.9,1.0655301012253648,,0.19,0.19,-5.263157894736848,,8789.0,8718.7,0.3891227670952402,,9.8,9.5,-5.102040816326525,,130749.0,130341.0,0.06195076061767946,
2011-01-31,221.187,0.3243042200370194,1.7007834915029774,220.472,219.59,219.035,217.605,217.488,220.41633333333334,218.38441666666668,1.3740789614953899,192.7,90.372,9.1,130837.0,0.17,8849.0,364394.0,630.0,2.84,2657360.1,6.6,89.57850036621093,189.7,186.6,1.5814443858724214,5.937328202308945,0.18,0.19,-5.5555555555555465,54.54545454545456,8823.2,8768.4,0.2924109166742239,4.379725633131626,9.3,9.4,-2.1505376344086113,-7.142857142857151,130830.0,130620.0,0.005350454788666248,0.7973682994098619
2011-02-28,221.898,0.321447463006419,2.124898173333145,221.187,220.472,219.59,217.923,217.281,221.18566666666666,218.7691666666667,1.6547554520413574,195.8,90.53,9.0,131057.0,0.16,8913.3,367475.0,517.0,2.73,2663779.92,6.9,89.7431576377467,192.7,187.7,1.6087182148417423,8.176795580110507,0.17,0.19,-5.882352941176472,23.076923076923084,8849.0,8789.0,0.7266357780540078,4.52663797450541,9.1,9.8,-1.098901098901095,-8.163265306122458,130837.0,130749.0,0.1681481538096996,1.041586356837776
2011-03-31,223.046,0.51735482068338,2.619241510354109,221.898,221.187,220.472,218.275,217.353,222.0436666666667,219.24358333333336,1.9932908585978273,199.2,90.667,9.0,131283.0,0.14,8971.5,370775.0,600.0,2.67,2672031.38,6.3,102.98130466627038,195.8,189.7,1.7364657814095796,8.674304418985269,0.16,0.18,-12.49999999999999,-12.49999999999999,8913.3,8823.2,0.6529568173403888,5.256056784184904,9.0,9.3,0.0,-9.090909090909093,131057.0,130830.0,0.17244405106175975,1.0911246977653999
2011-04-30,224.093,0.46940989750992035,3.0772344447868694,223.046,221.898,221.187,219.035,217.403,223.01233333333334,219.8010833333333,2.3375339164611026,203.1,90.875,9.1,131597.0,0.1,9035.1,372820.0,554.0,2.71,2679950.15,6.3,110.03850059509277,199.2,192.7,1.957831325301207,10.1409978308026,0.14,0.17,-28.57142857142857,-50.0,8971.5,8849.0,0.7089115532519674,5.6143919203254455,9.0,9.1,1.1111111111111072,-8.080808080808088,131283.0,130837.0,0.23917795906553962,1.135106055948354
2011-05-31,224.806,0.3181714734507679,3.4589718808964998,224.093,223.046,221.898,219.59,217.29,223.98166666666665,220.42741666666666,2.5961657552605817,204.1,91.091,9.0,131703.0,0.09,9107.8,372505.0,561.0,2.6,2683973.45,6.3,101.3566665649414,203.1,195.8,0.492368291482026,10.443722943722932,0.1,0.16,-10.000000000000009,-55.00000000000001,9035.1,8913.3,0.8046396830140079,5.793936577999759,9.1,9.0,-1.098901098901095,-6.25,131597.0,131057.0,0.08054894868423368,0.8121431086480557
2011-06-30,224.806,0.0,3.5023181506360412,224.806,224.093,223.046,220.472,217.199,224.56833333333336,221.06133333333332,2.6640358424196897,203.9,91.191,9.1,131931.0,0.09,9182.1,375587.0,608.0,2.73,2693088.33,6.5,96.28863664106889,204.1,199.2,-0.09799118079372171,11.11716621253407,0.09,0.14,0.0,-50.0,9107.8,8971.5,0.8157842728211184,6.420880611026769,9.0,9.0,1.1111111111111072,-3.191489361702138,131703.0,131283.0,0.1731167854946314,1.0888054555206583
2011-07-31,225.395,0.26200368317570444,3.5798809769996165,224.806,224.806,224.093,221.187,217.605,225.00233333333335,221.7105,2.6941919854652516,204.6,91.326,9.0,131992.0,0.07,9344.2,375442.0,623.0,2.46,2717525.97,6.7,97.34049987792969,203.9,203.1,0.343305541932315,11.135252580119491,0.09,0.1,-22.22222222222221,-61.11111111111111,9182.1,9035.1,1.7653913592751147,8.156722032525042,9.1,9.1,-1.098901098901095,-4.255319148936176,131931.0,131597.0,0.04623629018198905,1.2092167312042434
2011-08-31,226.106,0.3154462166418792,3.75499603070808,225.395,224.806,224.806,221.898,217.923,225.43566666666666,222.3924166666667,2.6839678042484203,203.2,91.508,9.0,132125.0,0.1,9531.0,375860.0,585.0,2.03,2709151.87,6.7,86.34086973770805,204.6,204.1,-0.6842619745845546,9.897241752298536,0.07,0.09,42.85714285714286,-47.36842105263158,9344.2,9107.8,1.9991010466385406,9.704301384684456,9.0,9.0,0.0,-5.263157894736848,131992.0,131703.0,0.10076368264744229,1.3111988651612227
2011-09-30,226.597,0.21715478580843772,3.812621692818685,226.106,225.395,224.806,223.046,218.275,226.03266666666664,223.08591666666666,2.597106937915589,203.7,91.57,9.0,132344.0,0.08,9551.5,380042.0,650.0,1.67,2720060.44,6.4,85.60999915713356,203.2,203.9,0.24606299212599492,10.167658193618156,0.1,0.09,-20.000000000000007,-57.89473684210527,9531.0,9182.1,0.2150876088553133,9.551882734811379,9.0,9.1,0.0,-5.263157894736848,132125.0,131931.0,0.16575212866603017,1.53673824813374
2011-10-31,226.75,0.0675207527019328,3.5222681306640524,226.597,226.106,225.395,224.093,219.035,226.48433333333332,223.72883333333334,2.454126166769705,201.1,91.614,8.8,132553.0,0.07,9584.4,382207.0,610.0,1.92,2727962.54,6.3,86.42809513636998,203.7,204.6,-1.2763868433971481,7.770632368703101,0.08,0.07,-12.49999999999999,-63.1578947368421,9551.5,9344.2,0.3444485159399102,9.306144792664561,9.0,9.0,-2.2222222222222143,-6.382978723404253,132344.0,131992.0,0.15792177960467502,1.4798652580003013
2011-11-30,227.169,0.18478500551268873,3.451432214581729,226.75,226.597,226.106,224.806,219.59,226.83866666666668,224.36041666666665,2.2596886936973677,201.4,91.808,8.6,132690.0,0.08,9636.5,383422.0,711.0,1.83,2746799.26,6.4,97.16285705566406,201.1,203.2,0.1491795126802753,7.298881193393725,0.07,0.1,14.28571428571428,-57.89473684210527,9584.4,9531.0,0.5435916697967613,9.642735237228361,8.8,9.0,-2.272727272727282,-12.244897959183687,132553.0,132125.0,0.10335488446131524,1.4845237822086688
2011-12-31,227.223,0.023770849015480877,3.062066838419386,227.169,226.75,226.597,224.806,220.472,227.04733333333334,224.923,2.0325693994635934,199.8,91.96,8.5,132888.0,0.07,9683.9,383985.0,694.0,1.64,2756224.85,7.2,98.57571338471912,201.4,203.7,-0.7944389275074459,5.324196099103862,0.08,0.08,-12.49999999999999,-61.11111111111111,9636.5,9551.5,0.49187983188916373,9.754964185329573,8.6,9.0,-1.1627906976744096,-8.602150537634412,132690.0,132344.0,0.1492199864345567,1.573033707865168
2012-01-31,227.842,0.27241960540966836,3.0087663379855023,227.223,227.169,226.75,225.395,221.187,227.41133333333335,225.4775833333333,1.817011405294162,200.7,92.235,8.3,133246.0,0.08,9757.6,387531.0,723.0,1.61,2770124.65,7.4,100.31849899291993,199.8,201.1,0.45045045045044585,4.1515308770109005,0.07,0.07,14.28571428571428,-52.94117647058824,9683.9,9584.4,0.7610570121542093,10.267826873093,8.5,8.8,-2.35294117647058,-8.791208791208781,132888.0,132553.0,0.2693997953163496,1.8412222842162373
2012-02-29,228.329,0.21374461249461518,2.8981784423473878,227.842,227.223,227.169,226.106,221.898,227.798,226.0135,1.600781485286373,201.6,92.364,8.3,133509.0,0.1,9809.8,392310.0,704.0,1.68,2777643.62,7.3,102.26249961853027,200.7,201.4,0.4484304932735439,2.962206332992845,0.08,0.08,25.0,-37.5,9757.6,9636.5,0.5349676149872806,10.058003208688149,8.3,8.6,0.0,-7.777777777777772,133246.0,132690.0,0.19737928343064315,1.8709416513425392
2012-03-31,228.807,0.20934703870292282,2.5828752813320977,228.329,227.842,227.223,226.597,223.046,228.32600000000002,226.4935833333333,1.4899463357223712,204.2,92.521,8.2,133748.0,0.13,9853.9,393698.0,695.0,1.9,2791565.95,7.6,106.20499940352006,201.6,199.8,1.289682539682535,2.5100401606425793,0.1,0.07,30.000000000000004,-7.142857142857151,9809.8,9683.9,0.4495504495504621,9.835590480967493,8.3,8.5,-1.2048192771084487,-8.888888888888902,133509.0,132888.0,0.17901414885888034,1.8776231499889606
2012-04-30,229.187,0.16607883500068255,2.2731633741348567,228.807,228.329,227.842,226.75,224.093,228.77433333333337,226.91808333333336,1.4693421817156167,203.7,92.661,8.2,133825.0,0.14,9907.7,392073.0,753.0,1.68,2802317.58,7.9,103.34600028991699,204.2,200.7,-0.24485798237022793,0.2954209748892156,0.13,0.08,7.692307692307709,40.000000000000014,9853.9,9757.6,0.5459767198774168,9.657889785392527,8.2,8.3,0.0,-9.8901098901099,133748.0,133246.0,0.0575709543320313,1.693047713853657
2012-05-31,228.713,-0.2068180132381081,1.7379429374660749,229.187,228.807,228.329,227.169,224.806,228.90233333333333,227.24366666666666,1.3894867157811892,201.9,92.755,8.2,133932.0,0.16,9951.4,391376.0,708.0,1.32,2817982.27,7.9,94.7159097844904,203.7,201.6,-0.8836524300441795,-1.0779029887310054,0.14,0.1,14.28571428571428,77.77777777777779,9907.7,9809.8,0.4410710861249223,9.262390478490978,8.2,8.3,0.0,-8.888888888888902,133825.0,133509.0,0.07995516532786073,1.6924443634541264
2012-06-30,228.524,-0.08263631713106845,1.653870448297634,228.713,229.187,228.807,227.223,224.806,228.808,227.5535,1.197819268503817,199.8,92.85,8.2,134013.0,0.16,10021.6,387901.0,757.0,1.34,2829850.8,7.9,82.40523819696335,201.9,204.2,-1.0401188707280795,-2.0107896027464434,0.16,0.13,0.0,77.77777777777779,9951.4,9853.9,0.7054283819362128,9.142788686683879,8.2,8.2,0.0,-9.8901098901099,133932.0,133748.0,0.060478451751633244,1.5780976419492054
2012-07-31,228.59,0.02888099280600187,1.4175114798464783,228.524,228.713,229.187,227.842,225.395,228.609,227.81975,1.015651257702029,200.1,92.946,8.2,134157.0,0.16,10074.5,389686.0,740.0,1.28,2840049.63,7.0,87.93142881847564,199.8,203.7,0.15015015015014122,-2.1994134897360684,0.16,0.14,0.0,128.57142857142856,10021.6,9907.7,0.5278598227827835,7.815543331692387,8.2,8.2,0.0,-8.888888888888902,134013.0,133825.0,0.10745226209396552,1.6402509242984475
2012-08-31,229.918,0.580952797585188,1.6859349154821235,228.59,228.524,228.713,228.329,226.106,229.01066666666668,228.13741666666667,1.0269899050869313,202.7,93.005,8.1,134339.0,0.13,10145.6,394524.0,754.0,1.35,2857102.48,6.7,94.16087009595788,200.1,201.9,1.2993503248375893,-0.24606299212598381,0.16,0.16,-18.75,30.000000000000004,10074.5,9951.4,0.7057422204575836,6.448431434267121,8.2,8.2,-1.2195121951219523,-10.000000000000009,134157.0,133932.0,0.1356619483142918,1.6756859035004679
2012-09-30,231.015,0.47712662775423187,1.9497168982819613,229.918,228.59,228.524,228.807,226.597,229.841,228.50558333333333,1.2016213636225213,204.4,93.119,7.8,134517.0,0.14,10226.1,397681.0,847.0,1.42,2865789.74,7.2,94.5584218878495,202.7,199.8,0.8386778490379942,0.3436426116838476,0.13,0.16,7.692307692307709,75.00000000000003,10145.6,10021.6,0.7934474057719632,7.062765010731309,8.1,8.2,-3.703703703703698,-13.33333333333333,134339.0,134013.0,0.13250061411802516,1.6419331439279539
2012-10-31,231.638,0.26967945804385884,2.1556780595369363,231.015,229.918,228.59,229.187,226.75,230.857,228.91291666666666,1.369198468801564,203.5,93.345,7.8,134669.0,0.16,10292.4,397494.0,915.0,1.42,2881779.34,7.8,89.9480954124814,204.4,200.1,-0.44031311154598685,1.1934361014420691,0.14,0.16,14.28571428571428,128.57142857142856,10226.1,10074.5,0.6483410097691156,7.38700388130713,7.8,8.2,0.0,-11.363636363636376,134517.0,134157.0,0.11299687028405447,1.5963425950374477
2012-11-30,231.249,-0.16793444944266378,1.7960197033926262,231.638,231.015,229.918,228.713,227.169,231.30066666666667,229.2529166666667,1.4029381155487295,201.8,93.445,7.7,134825.0,0.16,10361.9,399708.0,833.0,1.37,2903346.97,8.7,86.73238009498233,203.5,202.7,-0.8353808353808279,0.19860973187686426,0.16,0.13,0.0,100.0,10292.4,10145.6,0.6752555283510153,7.527629326000107,7.8,8.1,-1.2820512820512775,-10.465116279069765,134669.0,134339.0,0.11583957703702463,1.6090134900896835
2012-12-31,231.221,-0.012108160467716456,1.7595049796895523,231.249,231.638,231.015,228.524,227.223,231.36933333333332,229.58608333333333,1.3508037646545252,201.5,93.514,7.9,135074.0,0.16,10484.1,401093.0,976.0,1.53,2912905.02,10.9,88.24550018310546,201.8,204.4,-0.14866204162538033,0.8508508508508372,0.16,0.14,0.0,128.57142857142856,10361.9,10226.1,1.1793203949082676,8.263199743904837,7.7,7.8,2.5974025974025983,-7.058823529411762,134825.0,134517.0,0.1846838494344416,1.6449942808981932
2013-01-31,231.679,0.1980788942180789,1.684061762098299,231.221,231.249,231.638,228.59,227.842,231.383,229.90583333333336,1.3545536556590685,202.5,93.703,8.0,135257.0,0.14,10508.1,404434.0,888.0,1.75,2931381.51,4.9,94.82857077462333,201.5,203.5,0.496277915632759,0.8968609865470878,0.16,0.16,-12.49999999999999,75.00000000000003,10484.1,10292.4,0.22891807594356273,7.6914405181601975,7.9,7.8,1.2658227848101111,-3.614457831325313,135074.0,134669.0,0.13548129173637236,1.5092385512510686
2013-02-28,232.937,0.5429926752100966,2.0181404902574807,231.679,231.221,231.249,229.918,228.329,231.94566666666665,230.28983333333335,1.5110221605574359,204.3,93.805,7.7,135546.0,0.15,10527.5,409118.0,962.0,1.64,2953480.76,4.7,95.32157897949219,202.5,201.8,0.8888888888888946,1.3392857142857206,0.14,0.16,7.14285714285714,49.99999999999998,10508.1,10361.9,0.18461948401709005,7.316153234520595,8.0,7.7,-3.749999999999998,-7.2289156626506035,135257.0,134825.0,0.21366731481549106,1.52573983776374
2013-03-31,232.282,-0.28119191025899326,1.5187472411246183,232.937,231.679,231.221,231.015,228.807,232.29933333333335,230.5794166666667,1.5338216951206851,204.0,93.891,7.5,135689.0,0.14,10583.8,406223.0,1010.0,1.62,2963147.07,4.8,92.95699920654297,204.3,201.5,-0.1468428781204123,-0.09794319294808007,0.15,0.16,-6.666666666666654,7.692307692307709,10527.5,10484.1,0.5347898361434344,7.407219476552429,7.7,7.9,-2.5974025974025983,-8.536585365853655,135546.0,135074.0,0.10549924011036271,1.4512366540060384
2013-04-30,231.797,-0.2087979266581219,1.138808047576867,232.282,232.937,231.679,231.638,229.187,232.33866666666668,230.79691666666668,1.5031696485835733,203.5,93.937,7.6,135873.0,0.15,10611.3,404231.0,835.0,1.48,2972772.62,5.1,92.06772752241655,204.0,202.5,-0.2450980392156854,-0.09818360333824216,0.14,0.14,7.14285714285714,7.14285714285714,10583.8,10508.1,0.25983106256732835,7.101547281407372,7.5,8.0,1.3333333333333197,-7.317073170731703,135689.0,135257.0,0.1356042125743473,1.5303568092658315
2013-05-31,231.893,0.041415548950163306,1.3903888279197085,231.797,232.282,232.937,231.249,228.713,231.99066666666667,231.0619166666667,1.377438298128122,204.1,94.047,7.5,136096.0,0.11,10646.1,406677.0,930.0,1.86,2988661.4,5.3,94.79954598166726,203.5,204.3,0.29484029484028174,1.08964834076275,0.15,0.15,-26.66666666666666,-31.25,10611.3,10527.5,0.32795227728932286,6.980927306710627,7.6,7.7,-1.3157894736842035,-8.536585365853655,135873.0,135546.0,0.16412385094903836,1.6157453035869018
2013-06-30,232.445,0.23804082055085551,1.7157935271568725,231.893,231.797,232.282,231.221,228.524,232.045,231.38866666666664,1.1701363815870744,204.3,94.209,7.5,136279.0,0.09,10703.3,407921.0,839.0,2.16,3000936.05,5.4,95.80049934387208,204.1,204.0,0.09799118079374391,2.2522522522522515,0.11,0.14,-18.181818181818187,-43.75,10646.1,10583.8,0.5372859544809705,6.802307016843612,7.5,7.5,0.0,-8.536585365853655,136096.0,135689.0,0.1344639078297627,1.690880735451028
2013-07-31,232.9,0.19574523005443378,1.885471805415806,232.445,231.893,231.797,231.679,228.59,232.41266666666664,231.74783333333335,0.8509350828059752,204.4,94.329,7.3,136391.0,0.09,10742.8,410268.0,880.0,2.29,3014697.69,5.2,104.698636488481,204.3,203.5,0.04894762604013003,2.148925537231383,0.09,0.15,0.0,-43.75,10703.3,10611.3,0.3690450608690776,6.633579830264513,7.5,7.6,-2.6666666666666727,-10.97560975609756,136279.0,135873.0,0.08218434241518136,1.6652131457918662
2013-08-31,233.456,0.23872906826962748,1.538809488600279,232.9,232.445,231.893,232.937,229.918,232.93366666666665,232.0426666666667,0.7681985223205111,204.2,94.431,7.2,136646.0,0.08,10801.2,409691.0,917.0,2.39,3030269.0,5.2,106.53909128362483,204.4,204.1,-0.09784735812133905,0.7400098667982302,0.09,0.11,-11.111111111111105,-38.46153846153846,10742.8,10646.1,0.5436199128718844,6.46191452452296,7.3,7.5,-1.3698630136986245,-11.111111111111105,136391.0,136096.0,0.1869624828617633,1.7172972852261825
2013-09-30,233.544,0.037694469193350066,1.0947341081747997,233.456,232.9,232.445,232.282,231.015,233.29999999999998,232.25341666666668,0.8065828547108865,203.9,94.543,7.2,136821.0,0.08,10862.0,410044.0,850.0,2.31,3045861.58,5.3,106.23549957275391,204.2,204.3,-0.14691478942212566,-0.24461839530333096,0.08,0.09,0.0,-42.85714285714286,10801.2,10703.3,0.5629004184720232,6.218401932310447,7.2,7.5,0.0,-7.692307692307687,136646.0,136279.0,0.12806814689050317,1.7127946653582748
2013-10-31,233.669,0.053523104853914205,0.8767991434911471,233.544,233.456,232.9,231.797,231.638,233.55633333333336,232.4226666666667,0.8758230760858319,202.5,94.703,7.2,137041.0,0.09,10986.3,411399.0,925.0,2.26,3063380.14,4.7,100.55260799242103,203.9,204.4,-0.6866110838646411,-0.49140049140049546,0.08,0.09,12.5,-43.75,10862.0,10742.8,1.1443564721045796,6.741867785939126,7.2,7.3,0.0,-7.692307692307687,136821.0,136391.0,0.1607940301561861,1.7613556200758884
2013-11-30,234.1,0.18444894273523804,1.2328701961954458,233.669,233.544,233.456,231.893,231.249,233.771,232.66025,0.9143467737820377,201.2,94.86,6.9,137317.0,0.08,10995.6,412561.0,1100.0,2.47,3075875.88,4.5,93.9314998626709,202.5,204.2,-0.6419753086419844,-0.29732408325074955,0.09,0.08,-11.111111111111105,-50.0,10986.3,10801.2,0.08465088337292759,6.115673766394192,7.2,7.2,-4.1666666666666625,-10.389610389610382,137041.0,136646.0,0.20139958114724354,1.8483218987576544
2013-12-31,234.719,0.2644169158479315,1.5128383667573297,234.1,233.669,233.544,232.445,231.221,234.1626666666667,232.95174999999998,0.9697082152511484,202.0,94.961,6.7,137372.0,0.09,11060.1,414812.0,1002.0,2.66,3090467.79,4.5,97.89428601946149,201.2,203.9,0.3976143141153132,0.2481389578163684,0.08,0.08,12.5,-43.75,10995.6,10862.0,0.5865982756739108,5.4940338226457275,6.9,7.2,-2.898550724637683,-15.189873417721522,137317.0,136821.0,0.04005330731082779,1.701289663443739
2014-01-31,235.288,0.24241752904536895,1.557758795574915,234.719,234.1,233.669,232.9,231.679,234.7023333333333,233.25249999999997,1.0911394794592522,203.8,95.064,6.6,137561.0,0.07,11130.8,411561.0,888.0,2.33,3113002.96,5.2,94.85666729155041,202.0,202.5,0.8910891089108919,0.6419753086419844,0.09,0.09,-22.22222222222221,-50.0,11060.1,10986.3,0.6392347266299447,5.925904778218705,6.7,7.2,-1.4925373134328401,-17.500000000000004,137372.0,137041.0,0.13758262236844843,1.703423852369923
2014-02-28,235.547,0.11007786202441583,1.1204746347724948,235.288,234.719,234.1,233.456,232.937,235.18466666666666,233.47,1.26828280471095,205.7,95.109,6.7,137712.0,0.07,11196.8,416736.0,944.0,2.33,3133891.8,5.3,100.67526245117188,203.8,201.2,0.9322865554465043,0.6852667645619093,0.07,0.08,0.0,-53.33333333333332,11130.8,10995.6,0.592949293851297,6.3576347660888155,6.6,6.9,1.5151515151515138,-12.987012987012992,137561.0,137317.0,0.1097694840834329,1.5979814970563444
2014-03-31,236.028,0.204205530106516,1.6126949139408042,235.547,235.288,234.719,233.544,232.282,235.621,233.78216666666665,1.4031327827610445,207.0,95.25,6.7,137985.0,0.08,11232.6,421230.0,970.0,2.29,3150697.02,5.2,100.50904737200055,205.7,202.0,0.6319883325230924,1.4705882352941124,0.07,0.09,14.28571428571428,-42.85714285714286,11196.8,11060.1,0.31973420977422506,6.130123396133724,6.7,6.7,0.0,-10.666666666666668,137712.0,137372.0,0.1982398048100409,1.6921047395146216
2014-04-30,236.468,0.18641856050976013,2.015125303606169,236.028,235.547,235.288,233.669,231.797,236.01433333333333,234.17141666666666,1.4494897195108947,208.3,95.413,6.2,138298.0,0.09,11277.7,425546.0,1043.0,2.25,3173234.63,5.4,102.03476206461589,207.0,203.8,0.6280193236715137,2.358722358722365,0.08,0.07,12.5,-40.0,11232.6,11130.8,0.40150989085341315,6.28009763176991,6.7,6.6,-7.462686567164178,-18.421052631578938,137985.0,137561.0,0.2268362503170529,1.7847548813965997
2014-05-31,236.918,0.19030059035471947,2.166947687079812,236.468,236.028,235.547,234.1,231.893,236.47133333333332,234.59016666666665,1.4572559414138246,208.0,95.574,6.3,138513.0,0.09,11342.8,426253.0,1007.0,2.11,3192546.34,5.6,101.79476165771484,208.3,205.7,-0.1440230436869916,1.9108280254777066,0.09,0.07,0.0,-18.181818181818187,11277.7,11196.8,0.5772453603128058,6.544180498022745,6.2,6.7,1.6129032258064502,-16.000000000000004,138298.0,137712.0,0.15546139495872247,1.7759522689865914
2014-06-30,237.231,0.1321132206079767,2.0589816945944195,236.918,236.468,236.028,234.719,232.445,236.87233333333333,234.989,1.4716406428935485,208.3,95.682,6.1,138849.0,0.1,11398.1,427305.0,911.0,2.06,3209899.68,5.6,105.14666748046875,208.0,207.0,0.14423076923077982,1.95790504160549,0.09,0.08,11.111111111111116,11.111111111111116,11342.8,11232.6,0.4875339422364844,6.491455906122412,6.3,6.7,-3.1746031746031744,-18.666666666666675,138513.0,137985.0,0.24257650906414074,1.8858371429200327
2014-07-31,237.498,0.11254852864928111,1.9742378703305974,237.231,236.918,236.468,235.288,232.9,237.21566666666664,235.37216666666666,1.4768623886975472,208.0,95.848,6.2,139072.0,0.09,11453.0,428079.0,1085.0,2.05,3231535.62,5.5,102.3918176130815,208.3,208.3,-0.1440230436869916,1.7612524461839474,0.1,0.09,-10.000000000000009,0.0,11398.1,11277.7,0.48165922390572824,6.610939419890549,6.1,6.2,1.6393442622950838,-15.068493150684926,138849.0,138298.0,0.16060612607939895,1.965672221774173
2014-08-31,237.46,-0.01600013473797013,1.7150983482969062,237.498,237.231,236.918,235.547,233.456,237.39633333333333,235.70583333333332,1.4567616535141887,207.0,95.885,6.1,139269.0,0.09,11477.3,431379.0,984.0,1.87,3248721.35,5.3,96.07619040352958,208.0,208.0,-0.48076923076922906,1.3712047012732764,0.09,0.09,0.0,12.5,11453.0,11342.8,0.21217148345411552,6.259489686331143,6.2,6.3,-1.6129032258064613,-15.27777777777779,139072.0,138513.0,0.14165324436263838,1.9195585673931204
2014-09-30,237.477,0.007159100480080838,1.6840509711232077,237.46,237.498,237.231,236.028,233.544,237.47833333333332,236.03358333333333,1.3657554325401788,206.4,96.013,5.9,139563.0,0.09,11519.1,430189.0,1023.0,1.94,3265101.43,5.5,93.03428540910993,207.0,208.3,-0.28985507246376274,1.2260912211868646,0.09,0.1,0.0,12.5,11477.3,11398.1,0.3641971543830058,6.049530473209352,6.1,6.1,-3.2786885245901565,-18.055555555555557,139269.0,138849.0,0.21110225534757276,2.004078321310332
2014-10-31,237.43,-0.019791390324119806,1.6095417021513292,237.477,237.46,237.498,236.468,233.669,237.45566666666664,236.347,1.1946141256023883,203.4,96.096,5.7,139798.0,0.09,11593.1,431903.0,1074.0,1.85,3275438.44,5.4,84.33912924061651,206.4,208.0,-1.4534883720930258,0.4444444444444473,0.09,0.09,0.0,0.0,11519.1,11453.0,0.6424112994938946,5.523242583945476,5.9,6.2,-3.3898305084745783,-20.833333333333336,139563.0,139072.0,0.1683827375450475,2.011806685590445
2014-11-30,236.983,-0.18826601524659647,1.231524989320798,237.43,237.477,237.46,236.918,234.1,237.29666666666665,236.58725,0.9705189918977339,200.9,96.181,5.8,140089.0,0.09,11634.2,433113.0,1001.0,1.71,3283048.38,5.6,75.81000077097039,203.4,207.0,-1.2291052114061007,-0.14910536779323413,0.09,0.09,0.0,12.5,11593.1,11477.3,0.3545212238314166,5.807777656517166,5.7,6.1,1.754385964912264,-15.94202898550725,139798.0,139269.0,0.20815748437030823,2.0186866884653654
2014-12-31,236.252,-0.30846094445592387,0.6531213919623191,236.983,237.43,237.477,237.231,234.719,236.88833333333332,236.715,0.785503428612156,197.0,96.249,5.6,140364.0,0.12,11717.6,430110.0,1073.0,1.5,3309539.83,6.0,59.28954488580877,200.9,206.4,-1.9412643106022975,-2.4752475247524774,0.09,0.09,33.33333333333333,33.33333333333333,11634.2,11519.1,0.7168520396761302,5.9447925425629045,5.8,5.9,-3.4482758620689724,-16.417910447761198,140089.0,139563.0,0.19630377831236778,2.1780275456424913
2015-01-31,234.747,-0.6370316441765556,-0.22993097820542818,236.252,236.983,237.43,237.498,235.288,235.994,236.6699166666667,0.8841779395493281,192.0,96.214,5.7,140568.0,0.11,11805.2,428208.0,1085.0,1.21,3319930.47,6.3,47.325500106811525,197.0,203.4,-2.538071065989844,-5.789990186457317,0.12,0.09,-8.333333333333325,57.14285714285714,11717.6,11593.1,0.7475933638287691,6.058863693535077,5.6,5.7,1.7857142857143016,-13.636363636363624,140364.0,139798.0,0.14533641104557127,2.1859393287341655
2015-02-28,235.342,0.25346436802173855,-0.08703146293520536,234.747,236.252,236.983,237.46,235.547,235.447,236.65283333333335,0.9094651608421791,191.1,96.324,5.5,140827.0,0.11,11922.8,427119.0,886.0,1.37,3337844.15,6.4,50.72473646465101,192.0,200.9,-0.46875000000000666,-7.097715119105496,0.11,0.09,0.0,57.14285714285714,11805.2,11634.2,0.9961711788025518,6.483995427264944,5.7,5.8,-3.508771929824561,-17.910447761194035,140568.0,140089.0,0.18425246144215812,2.261967003601728
2015-03-31,235.976,0.26939517808124425,-0.022031284423873476,235.342,234.747,236.252,237.477,236.028,235.35500000000002,236.64849999999998,0.9128306125840315,191.5,96.47,5.4,140923.0,0.11,11920.5,433647.0,960.0,1.38,3360575.76,5.9,47.854090603915125,191.1,197.0,0.20931449502878952,-7.487922705314009,0.11,0.12,0.0,37.5,11922.8,11717.6,-0.019290770624347253,6.1241386678062115,5.5,5.6,-1.8181818181818077,-19.402985074626866,140827.0,140364.0,0.06816874605011236,2.1292169438707154
2015-04-30,236.222,0.10424788961589382,-0.10403098939391064,235.976,235.342,234.747,237.43,236.468,235.84666666666666,236.62800000000001,0.9199869564280847,190.9,96.648,5.4,141196.0,0.12,11954.6,434470.0,1190.0,1.47,3382639.53,5.9,54.62809553600493,191.5,192.0,-0.3133159268929431,-8.353336533845413,0.11,0.11,9.090909090909083,33.33333333333333,11920.5,11805.2,0.2860618262656711,6.002110359381785,5.4,5.7,0.0,-12.903225806451612,140923.0,140568.0,0.19372281316747397,2.095474988792323
2015-05-31,237.001,0.3297745341246827,0.03503321824429584,236.222,235.976,235.342,236.983,236.918,236.3996666666667,236.63491666666667,0.9226735321702405,193.4,96.766,5.6,141538.0,0.12,11982.6,437865.0,1079.0,1.51,3399365.69,5.8,59.37199993133545,190.9,191.1,1.3095861707700385,-7.0192307692307665,0.12,0.11,0.0,33.33333333333333,11954.6,11922.8,0.23421946363741952,5.640582572204411,5.4,5.5,3.703703703703698,-11.111111111111116,141196.0,140827.0,0.24221649338507234,2.183910535473199
2015-06-30,237.657,0.27679208104607333,0.1795718097550525,237.001,236.222,235.976,236.252,237.231,236.96000000000004,236.67041666666668,0.9553108450153152,194.8,96.882,5.3,141709.0,0.13,12023.2,437951.0,1205.0,1.71,3425250.89,5.7,59.82863651622426,193.4,191.5,0.7238883143743546,-6.481036965914544,0.12,0.11,8.333333333333348,30.000000000000004,11982.6,11920.5,0.3388246290454422,5.484247374562434,5.6,5.4,-5.357142857142849,-13.114754098360649,141538.0,140923.0,0.12081561135526275,2.0597915721395132
2015-07-31,238.034,0.15863197801873063,0.22568611104094582,237.657,237.001,236.222,234.747,237.498,237.564,236.71508333333335,1.0085692348634112,193.9,96.978,5.2,141991.0,0.13,12067.0,441942.0,1146.0,1.53,3444143.74,5.6,50.93000013178045,194.8,190.9,-0.462012320328542,-6.7788461538461515,0.13,0.12,0.0,44.444444444444464,12023.2,11954.6,0.3642956949896803,5.361040775342696,5.3,5.4,-1.8867924528301772,-16.129032258064512,141709.0,141196.0,0.19899935783895817,2.09891279337322
2015-08-31,238.033,-0.000420108051790713,0.2413037985344868,238.034,237.657,237.001,235.342,237.46,237.90800000000002,236.76283333333333,1.0593297051627673,191.9,97.056,5.1,142125.0,0.14,12112.0,441849.0,1130.0,1.47,3460249.09,5.6,42.88904771350679,193.9,193.4,-1.0314595152140282,-7.294685990338157,0.13,0.12,7.692307692307709,55.55555555555558,12067.0,11982.6,0.37291787519682096,5.53004626523661,5.2,5.6,-1.9230769230769384,-16.393442622950815,141991.0,141538.0,0.09437217851835378,2.0507076233763355
2015-09-30,237.498,-0.22475875193775918,0.008842961634170088,238.033,238.034,237.657,235.976,237.477,237.855,236.76458333333335,1.0606332978094033,189.1,97.196,5.0,142275.0,0.14,12173.9,439867.0,1224.0,1.42,3487879.79,5.8,45.46523829868862,191.9,194.8,-1.4590932777488352,-8.381782945736438,0.14,0.13,0.0,55.55555555555558,12112.0,12023.2,0.5110634081902266,5.684471877143182,5.1,5.3,-1.9607843137254832,-15.254237288135597,142125.0,141709.0,0.10554089709762238,1.9432084434986452
2015-10-31,237.733,0.09894820166906904,0.12761656067050708,237.498,238.033,238.034,236.222,237.43,237.75466666666668,236.78983333333335,1.0813196342955023,187.5,97.228,5.0,142579.0,0.12,12225.2,438693.0,1058.0,1.41,3502824.92,5.8,46.289545405994765,189.1,193.9,-0.8461131676361644,-7.817109144542778,0.14,0.13,-14.285714285714302,33.33333333333333,12173.9,12067.0,0.4213933086356869,5.452381157757635,5.0,5.2,0.0,-12.28070175438597,142275.0,141991.0,0.21367070813564926,1.98929884547705
2015-11-30,238.017,0.11946174910508756,0.4363182169185187,237.733,237.498,238.033,237.001,236.983,237.7493333333333,236.876,1.1378329482747558,185.7,97.332,5.1,142808.0,0.12,12317.0,440303.0,1172.0,1.27,3510642.87,5.6,42.92300014495849,187.5,191.9,-0.9600000000000053,-7.565953210552523,0.12,0.14,0.0,33.33333333333333,12225.2,12112.0,0.750907960605951,5.868903749290877,5.0,5.1,2.0000000000000018,-12.06896551724138,142579.0,142125.0,0.16061271295211288,1.9409089935683799
2015-12-31,237.761,-0.10755534268560574,0.6387247515364791,238.017,237.733,237.498,237.657,236.252,237.837,237.00175000000002,1.145957093040011,183.5,97.396,5.0,143077.0,0.24,12387.9,442149.0,1146.0,1.21,3400230.33,5.8,37.32727258855646,185.7,189.1,-1.184706515885836,-6.852791878172592,0.12,0.14,100.0,100.0,12317.0,12173.9,0.5756271819436609,5.72045470062128,5.1,5.0,-1.9607843137254832,-10.71428571428571,142808.0,142275.0,0.18836479749033685,1.9328317802285389
2016-01-31,237.652,-0.04584435630738959,1.2375025026943876,237.761,238.017,237.733,238.034,234.747,237.80999999999997,237.24383333333333,0.90859880468587,182.6,97.567,4.8,143210.0,0.34,12518.5,439466.0,1092.0,1.18,3419760.04,6.1,31.7757894616378,183.5,187.5,-0.49046321525886283,-4.895833333333332,0.24,0.12,41.66666666666667,209.09090909090912,12387.9,12225.2,1.0542545548478888,6.042252566665529,5.0,5.0,-4.0000000000000036,-15.789473684210531,143077.0,142579.0,0.0929569392704721,1.8795173866029247
2016-02-29,237.336,-0.13296753235823022,0.8472775790126619,237.652,237.761,238.017,238.033,235.342,237.583,237.41,0.6836571442667024,181.3,97.736,4.9,143406.0,0.38,12603.9,443117.0,1225.0,0.96,3438515.07,5.6,30.616499996185304,182.6,185.7,-0.7119386637458813,-5.128205128205121,0.34,0.12,11.764705882352944,245.45454545454547,12518.5,12317.0,0.6821903582697519,5.712584292280343,4.8,5.1,2.083333333333348,-10.909090909090901,143210.0,142808.0,0.136861950981082,1.831324958992231
2016-03-31,238.08,0.31347962382444194,0.8916160965521946,237.336,237.652,237.761,237.498,235.976,237.68933333333334,237.58533333333335,0.5363937382390463,182.1,97.876,5.0,143662.0,0.36,12661.8,441856.0,1111.0,1.05,3466202.59,5.9,37.960909063165836,181.3,183.5,0.44125758411470706,-4.908616187989557,0.38,0.24,-5.263157894736848,227.27272727272725,12603.9,12387.9,0.45938161997476357,6.218698880080531,4.9,5.0,2.0408163265306145,-7.407407407407418,143406.0,143077.0,0.17851414864091808,1.9436145980429087
2016-04-30,238.992,0.38306451612901693,1.1726257503534843,238.08,237.336,237.652,237.733,236.222,238.136,237.81616666666665,0.4904103723731331,183.2,98.117,5.1,143854.0,0.37,12743.2,444254.0,1163.0,1.06,3486177.34,5.5,41.12476185389927,182.1,182.6,0.6040637012630468,-4.033525405971716,0.36,0.34,2.77777777777779,208.33333333333334,12661.8,12518.5,0.6428785796648295,6.596623893731279,5.0,4.8,2.0000000000000018,-5.55555555555557,143662.0,143210.0,0.13364703261822264,1.882489588940195
2016-05-31,239.557,0.23640958693178504,1.0784764621246223,238.992,238.08,237.336,238.017,237.001,238.87633333333335,238.02916666666667,0.637259877532692,185.3,98.284,4.8,143900.0,0.37,12802.0,445490.0,1148.0,0.97,3503680.59,5.3,46.796666644868395,183.2,181.3,1.1462882096070048,-4.188210961737326,0.37,0.38,0.0,208.33333333333334,12743.2,12603.9,0.4614225626216273,6.838248794084745,5.1,4.9,-5.882352941176472,-14.28571428571428,143854.0,143406.0,0.03197686543301437,1.6688097895971366
2016-06-30,240.222,0.2775957287827202,1.0792865347959424,239.557,238.992,238.08,237.761,237.657,239.59033333333332,238.24291666666667,0.883631089037161,187.6,98.386,4.9,144147.0,0.38,12852.5,450237.0,1203.0,0.91,3524010.3,4.9,48.85318166559393,185.3,182.1,1.2412304371289817,-3.696098562628347,0.37,0.36,2.7027027027026973,192.3076923076923,12802.0,12661.8,0.39446961412279435,6.897498170204264,4.8,5.0,2.083333333333348,-7.547169811320742,143900.0,143662.0,0.17164697706741894,1.7204270723807147
2016-07-31,240.101,-0.05037007434789409,0.8683633430518256,240.222,239.557,238.992,237.652,238.034,239.96,238.41516666666666,1.0287516559864331,187.7,98.529,4.8,144520.0,0.39,12911.9,449789.0,1239.0,0.79,3542768.11,5.1,44.799499702453616,187.6,183.2,0.05330490405117683,-3.1975244971634953,0.38,0.37,2.6315789473684292,200.0,12852.5,12743.2,0.4621668936004575,7.001740283417579,4.9,5.1,-2.0408163265306256,-7.692307692307699,144147.0,143854.0,0.2587636232457058,1.7810988020367402
2016-08-31,240.545,0.18492217858316895,1.0553158595656864,240.101,240.222,239.557,237.336,238.033,240.2893333333333,238.6245,1.1872781323827353,186.6,98.703,4.9,144661.0,0.4,12989.7,449946.0,1171.0,0.78,3565415.37,5.1,44.79913081293521,187.7,185.3,-0.586041555673944,-2.7618551328817187,0.39,0.37,2.564102564102577,185.71428571428572,12911.9,12802.0,0.6025449391646509,7.246532364597091,4.8,4.8,2.083333333333348,-3.9215686274509665,144520.0,143900.0,0.09756435095489291,1.7843447669305235
2016-09-30,241.176,0.26232097944252075,1.5486446201652182,240.545,240.101,240.222,238.08,237.498,240.60733333333334,238.931,1.3355205318178336,186.9,98.834,5.0,144967.0,0.4,13054.9,453056.0,1068.0,0.83,3586384.17,5.1,45.225714365641274,186.6,187.6,0.1607717041800738,-1.1634056054997344,0.4,0.38,0.0,185.71428571428572,12989.7,12852.5,0.5019361494106755,7.236793467992997,4.9,4.9,2.0408163265306145,0.0,144661.0,144147.0,0.21152902302625787,1.8921103496749359
2016-10-31,241.741,0.23426874979268764,1.685924966243646,241.176,240.545,240.101,238.992,237.733,241.154,239.265,1.4997572530845629,186.7,98.961,4.9,145065.0,0.4,13122.8,453847.0,1313.0,0.98,3601496.03,5.3,49.86949996948242,186.9,187.7,-0.10700909577314732,-0.4266666666666752,0.4,0.39,0.0,233.33333333333334,13054.9,12911.9,0.5201112226060678,7.342211170369395,5.0,4.8,-1.9999999999999907,-1.9999999999999907,144967.0,144520.0,0.06760159208647476,1.743594779034785
2016-11-30,242.026,0.11789477167711837,1.6843334719788938,241.741,241.176,240.545,239.557,238.017,241.64766666666665,239.5990833333333,1.6367447437088585,186.3,99.005,4.7,145183.0,0.41,13208.7,453892.0,1140.0,1.26,3618234.46,5.4,45.881999778747556,186.7,186.6,-0.2142474558114449,0.3231017770597866,0.4,0.4,2.499999999999991,241.66666666666666,13122.8,12989.7,0.6545859115432817,7.239587561906324,4.9,4.9,-4.081632653061229,-7.843137254901955,145065.0,144661.0,0.08134284631027278,1.663072096801299
2016-12-31,242.637,0.2524522158776188,2.0507989115119862,242.026,241.741,241.176,240.222,237.761,242.13466666666667,240.00541666666666,1.7408820365405382,188.2,99.12,4.7,145408.0,0.54,13234.9,459305.0,1252.0,1.25,3636437.75,5.0,52.16571499052502,186.3,186.9,1.0198604401502775,2.5613079019073615,0.41,0.4,31.70731707317074,125.00000000000004,13208.7,13054.9,0.19835411509079304,6.837317059388592,4.7,5.0,0.0,-5.999999999999995,145183.0,144967.0,0.15497682235523502,1.6291926724770533
2017-01-31,243.618,0.4043076694815628,2.5103933482571117,242.637,242.026,241.741,240.101,237.652,242.7603333333333,240.50258333333332,1.8557886075894217,190.7,99.385,4.7,145628.0,0.65,13315.7,464412.0,1190.0,1.26,3653343.88,5.3,52.608499717712405,188.2,186.7,1.3283740701381497,4.435925520262862,0.54,0.4,20.370370370370374,91.17647058823528,13234.9,13122.8,0.6105070684327085,6.368175100850748,4.7,4.9,0.0,-2.083333333333326,145408.0,145065.0,0.15129841549295087,1.6884295789400205
2017-02-28,244.006,0.15926573570097524,2.8103616813294208,243.618,242.637,242.026,240.545,237.336,243.42033333333333,241.05841666666663,1.8196586821970577,191.6,99.561,4.6,145846.0,0.66,13394.8,464284.0,1271.0,1.14,3670001.71,5.6,53.46210560045744,190.7,186.3,0.47194546407971494,5.681191395477092,0.65,0.41,1.538461538461533,73.6842105263158,13315.7,13208.7,0.5940356120969881,6.275041852125129,4.7,4.7,-2.1276595744680993,-6.122448979591855,145628.0,145183.0,0.14969648693932136,1.701462979233792
2017-03-31,243.892,-0.04672016261895173,2.44119623655914,244.006,243.618,242.637,241.176,238.08,243.83866666666665,241.54274999999998,1.7258994558827634,191.5,99.519,4.4,145970.0,0.79,13463.6,463674.0,1190.0,1.13,3685313.86,5.6,49.673913209334664,191.6,188.2,-0.052192066805845094,5.161998901702369,0.66,0.54,19.696969696969703,119.44444444444446,13394.8,13234.9,0.513632155761945,6.332432987410952,4.6,4.7,-4.347826086956507,-11.99999999999999,145846.0,145408.0,0.08502118673121561,1.6065487045982874
2017-04-30,244.193,0.12341528217407749,2.176223471915395,243.892,244.006,243.618,241.741,238.992,244.03033333333335,241.97616666666667,1.6795377520628603,193.0,99.723,4.4,146175.0,0.9,13521.7,465276.0,1146.0,1.01,3699276.18,5.7,51.11736899928043,191.5,190.7,0.7832898172323688,5.349344978165949,0.79,0.65,13.924050632911399,143.24324324324326,13463.6,13315.7,0.4315339136635066,6.1091405612405,4.4,4.7,0.0,-13.725490196078416,145970.0,145628.0,0.1404398164006393,1.613441405869831
2017-05-31,244.004,-0.07739779600562935,1.8563431667619756,244.193,243.892,244.006,242.026,239.557,244.02966666666669,242.34675000000001,1.5851892416416846,192.8,99.803,4.4,146380.0,0.91,13568.9,462754.0,1157.0,0.93,3713355.62,6.3,48.53954575278542,193.0,191.6,-0.10362694300517505,4.04749055585536,0.9,0.66,1.1111111111111072,145.94594594594597,13521.7,13394.8,0.34906853428191553,5.990470239025147,4.4,4.6,0.0,-8.333333333333325,146175.0,145846.0,0.14024285958611493,1.7234190410006844
2017-06-30,244.163,0.0651628661825221,1.640565809959127,244.004,244.193,243.892,242.637,240.222,244.12,242.67516666666668,1.5115009297398638,193.6,99.937,4.3,146583.0,1.04,13580.5,465130.0,1249.0,0.93,3729019.93,6.0,45.19590950012207,192.8,191.5,0.4149377593360981,3.1982942430703654,0.91,0.79,14.28571428571428,173.6842105263158,13568.9,13463.6,0.08548961227512475,5.664267652207733,4.4,4.4,-2.272727272727282,-12.244897959183687,146380.0,145970.0,0.13868014756113212,1.6899415180336774
2017-07-31,244.243,0.03276499715354486,1.7251073506566073,244.163,244.004,244.193,243.618,240.101,244.13666666666666,243.02033333333335,1.332566650785747,193.5,100.01,4.3,146772.0,1.15,13643.1,465089.0,1206.0,0.96,3744877.31,6.0,46.67500038146973,193.6,193.0,-0.05165289256198191,3.090037293553549,1.04,0.9,10.576923076923062,194.87179487179483,13580.5,13521.7,0.46095504583778535,5.662993052920173,4.3,4.4,0.0,-10.416666666666663,146583.0,146175.0,0.12893718916928698,1.5582618322723452
2017-08-31,245.183,0.38486261632881824,1.92812155729698,244.243,244.163,244.004,244.006,240.545,244.52966666666666,243.40683333333334,1.2169386952009091,193.8,100.118,4.4,146919.0,1.16,13697.7,466020.0,1159.0,0.79,3758495.85,6.1,48.05782566899838,193.5,192.8,0.15503875968991832,3.8585209003215493,1.15,0.91,0.8695652173912993,189.99999999999994,13643.1,13568.9,0.4002023000637678,5.450472297281683,4.3,4.4,2.3255813953488413,-10.204081632653061,146772.0,146380.0,0.10015534298095652,1.5608906339649176
2017-09-30,246.435,0.5106389920997767,2.1805652303711787,245.183,244.243,244.163,243.892,241.176,245.287,243.84508333333335,1.285540456442376,194.8,100.24,4.3,147008.0,1.15,13745.1,475724.0,1181.0,0.86,3773286.65,5.9,49.876999855041504,193.8,193.6,0.5159958720330149,4.226859283039053,1.16,1.04,-0.8620689655172376,187.49999999999994,13697.7,13580.5,0.3460434963534098,5.2869037679338815,4.4,4.3,-2.272727272727282,-14.000000000000002,146919.0,146583.0,0.06057759717938982,1.407906627025457
2017-10-31,246.626,0.07750522450138408,2.020757753132485,246.435,245.183,244.243,244.193,241.741,246.08133333333333,244.25216666666665,1.3313180641294629,194.9,100.486,4.2,147149.0,1.15,13800.1,476107.0,1257.0,0.78,3796951.2,6.0,51.594545884565875,194.8,193.5,0.051334702258731824,4.3920728441349866,1.15,1.15,0.0,187.49999999999994,13745.1,13643.1,0.4001425962706806,5.161246075532677,4.3,4.3,-2.3255813953488302,-14.28571428571429,147008.0,146772.0,0.09591314758381486,1.436597387378069
2017-11-30,247.284,0.2668007428251684,2.172493864295566,246.626,246.435,245.183,244.004,242.026,246.78166666666667,244.69033333333334,1.3957337811622559,195.9,100.535,4.2,147372.0,1.16,13843.5,480949.0,1273.0,0.64,3816268.18,5.6,56.662857418968564,194.9,193.8,0.5130836326321164,5.152979066022545,1.15,1.16,0.8695652173912993,182.92682926829266,13800.1,13697.7,0.3144904747067079,4.805923368688814,4.2,4.4,0.0,-10.63829787234043,147149.0,146919.0,0.15154707133586687,1.507752285047137
2017-12-31,247.805,0.21068892447551058,2.129930719552253,247.284,246.626,246.435,244.163,242.637,247.23833333333332,245.121,1.498122643358756,196.3,100.683,4.1,147523.0,1.3,13881.7,483586.0,1177.0,0.51,3830784.99,5.0,57.94699993133545,195.9,194.8,0.20418580908627693,4.303931987247611,1.16,1.15,12.068965517241391,140.74074074074073,13843.5,13745.1,0.2759417777296269,4.887078859681604,4.2,4.3,-2.3809523809523947,-12.765957446808518,147372.0,147008.0,0.10246179735635685,1.4545279489436513
2018-01-31,248.859,0.42533443635115464,2.151318868063945,247.805,247.284,246.626,244.243,243.618,247.98266666666666,245.55775000000003,1.7610098923367603,197.9,101.007,4.0,147660.0,1.41,13900.3,481414.0,1299.0,0.58,3847835.29,5.7,63.65904780796596,196.3,194.9,0.8150789607743292,3.775563712637653,1.3,1.15,8.461538461538453,116.9230769230769,13881.7,13800.1,0.13398935288904124,4.3903061799229315,4.1,4.2,-2.4390243902438935,-14.893617021276595,147523.0,147149.0,0.09286687499576729,1.3953360617463773
2018-02-28,249.529,0.26922876006090224,2.263468931091861,248.859,247.805,247.284,245.183,244.006,248.731,246.01800000000003,2.021107976963216,199.3,101.198,4.1,148054.0,1.42,13949.3,484031.0,1277.0,0.62,3863797.02,5.8,62.18368429886667,197.9,195.9,0.707427993936327,4.018789144050117,1.41,1.16,0.7092198581560183,115.15151515151514,13900.3,13843.5,0.35251037747385805,4.139666139098752,4.0,4.2,2.499999999999991,-10.869565217391308,147660.0,147372.0,0.26682920222131923,1.5139256476008889
2018-03-31,249.577,0.0192362410782021,2.3309497646499366,249.529,248.859,247.805,246.435,243.892,249.3216666666667,246.49175,2.140241877791734,199.3,101.419,4.0,148280.0,1.51,14012.7,484110.0,1318.0,0.47,3876055.41,5.9,62.771904899960475,199.3,196.3,0.0,4.073107049608371,1.42,1.3,6.338028169014098,91.13924050632912,13949.3,13881.7,0.45450309334520433,4.078403992988511,4.1,4.1,-2.4390243902438935,-9.090909090909093,148054.0,147523.0,0.1526470071730568,1.5825169555388152
2018-04-30,250.227,0.2604406656061986,2.4709963021052994,249.577,249.529,248.859,246.626,244.193,249.77766666666665,246.99458333333337,2.2567219371278737,200.3,101.602,4.0,148420.0,1.69,14035.9,484154.0,1276.0,0.46,3883468.11,6.0,66.32523781912667,199.3,197.9,0.5017561465127995,3.782383419689128,1.51,1.41,11.920529801324498,87.77777777777777,14012.7,13900.3,0.1655640954277171,3.802776278130704,4.0,4.0,0.0,-9.090909090909093,148280.0,147660.0,0.09441596978689848,1.5358303403454787
2018-05-31,250.792,0.2257949781598212,2.781921607842497,250.227,249.577,249.529,247.284,244.004,250.19866666666667,247.56025,2.289457503228667,203.2,101.78,3.8,148742.0,1.7,14092.4,491960.0,1357.0,0.43,3900522.44,6.0,69.98318099975586,200.3,199.3,1.4478282576135593,5.394190871369275,1.69,1.42,0.591715976331364,86.81318681318679,14035.9,13949.3,0.4025392030436281,3.858087243623287,4.0,4.1,-5.000000000000004,-13.636363636363647,148420.0,148054.0,0.21695189327584075,1.6136084164503295
2018-06-30,251.018,0.09011451720948305,2.8075506935940187,250.792,250.227,249.577,247.805,244.163,250.679,248.1315,2.218856810489087,204.2,101.872,4.0,148960.0,1.82,14137.2,490228.0,1192.0,0.33,3902512.72,6.3,67.32285672142392,203.2,199.3,0.49212598425196763,5.475206611570238,1.7,1.51,7.058823529411762,75.0,14092.4,14012.7,0.3179018478044915,4.099259968336955,3.8,4.0,5.263157894736836,-6.976744186046513,148742.0,148280.0,0.14656250420190808,1.621606871192438
2018-07-31,251.214,0.07808204989283585,2.854124785561929,251.018,250.792,250.227,248.859,244.243,251.008,248.71241666666666,2.0110690263606696,204.3,102.006,3.8,149020.0,1.91,14174.6,493142.0,1208.0,0.29,3924685.82,6.5,70.58190518333798,204.2,200.3,0.04897159647405669,5.581395348837215,1.82,1.69,4.9450549450549275,66.08695652173913,14137.2,14035.9,0.2645502645502562,3.8957421700346773,4.0,4.0,-5.000000000000004,-11.627906976744185,148960.0,148420.0,0.04027926960257222,1.531627285858339
2018-08-31,251.663,0.17873207703393845,2.6429238568742575,251.214,251.018,250.792,249.529,245.183,251.29833333333332,249.25241666666668,1.8399195861050084,203.4,102.016,3.8,149277.0,1.91,14223.2,493445.0,1288.0,0.24,3945881.92,6.6,67.84521782916525,204.3,203.2,-0.4405286343612369,4.9535603715170184,1.91,1.7,0.0,64.65517241379311,14174.6,14092.4,0.34286681811126485,3.836410492272435,3.8,3.8,0.0,-13.636363636363647,149020.0,148742.0,0.17246007247349038,1.6049660016743905
2018-09-30,252.182,0.2062281702117419,2.332055105808828,251.663,251.214,251.018,249.577,246.435,251.68633333333332,249.7313333333333,1.7870908983002187,203.6,102.205,3.7,149358.0,1.95,14245.5,491507.0,1250.0,0.24,3957685.36,6.8,70.0847372757761,203.4,204.2,0.0983284169124854,4.517453798767956,1.91,1.82,2.0942408376963373,69.56521739130437,14223.2,14137.2,0.15678609595590753,3.6405700940698837,3.8,4.0,-2.631578947368407,-13.953488372093014,149277.0,148960.0,0.05426154062582178,1.5985524597300849
2018-10-31,252.772,0.2339580144498754,2.492032470218053,252.182,251.663,251.214,250.227,246.626,252.20566666666664,250.2435,1.6945209835337232,204.6,102.366,3.8,149527.0,2.19,14256.6,496416.0,1221.0,0.28,3976272.51,6.7,70.75782610022503,203.6,204.3,0.4911591355599265,4.976911236531545,1.95,1.91,12.307692307692308,90.43478260869566,14245.5,14174.6,0.07791934295040548,3.307947043861992,3.7,3.8,2.7027027027026973,-9.523809523809534,149358.0,149020.0,0.113150952744423,1.6160490387294502
2018-11-30,252.594,-0.07041919199911595,2.147328577667773,252.772,252.182,251.663,250.792,247.284,252.516,250.686,1.5374698814492227,202.3,102.556,3.8,149617.0,2.2,14282.8,498854.0,1181.0,0.21,3991704.17,6.5,56.693332853771395,204.6,203.4,-1.1241446725317572,3.2669729453802976,2.19,1.91,0.4566210045662267,89.65517241379312,14256.6,14223.2,0.1837745324972273,3.173330443890632,3.8,3.8,0.0,-9.523809523809534,149527.0,149277.0,0.06018979849793382,1.5233558613576559
2018-12-31,252.767,0.06848935445813442,2.0023809043401064,252.594,252.772,252.182,251.018,247.805,252.71099999999998,251.0995,1.34774434451857,201.0,102.735,3.9,149809.0,2.27,14386.8,489113.0,1095.0,0.21,4007041.95,8.4,48.777369248239616,202.3,203.6,-0.6426099851705391,2.3942944472745697,2.2,1.95,3.1818181818181746,74.61538461538461,14282.8,14245.5,0.7281485423026313,3.6386033410893415,3.8,3.7,2.6315789473684292,-4.8780487804877986,149617.0,149358.0,0.12832766330028722,1.5495888776665412
2019-01-31,252.561,-0.08149798035343991,1.4875893578291333,252.767,252.594,252.772,251.214,248.859,252.64066666666668,251.408,1.2043345201245836,199.1,102.87,4.0,150060.0,2.4,14459.7,490440.0,1226.0,0.18,4027115.1,8.4,51.550476255871004,201.0,204.6,-0.9452736318408039,0.6063668519454168,2.27,2.19,5.726872246696035,70.2127659574468,14386.8,14256.6,0.5067144882809238,4.02437357467107,3.9,3.8,2.564102564102577,0.0,149809.0,149527.0,0.1675466761009048,1.6253555465258085
2019-02-28,253.319,0.3001255142321968,1.5188615351321877,252.561,252.767,252.594,251.663,249.529,252.88233333333332,251.72383333333332,1.1630254302960576,199.2,102.963,3.8,150067.0,2.4,14506.3,491751.0,1121.0,0.21,4039700.24,8.5,54.980525970458984,199.1,202.3,0.050226017076848706,-0.05017561465129328,2.4,2.2,0.0,69.01408450704226,14459.7,14282.8,0.3222750126212759,3.993031908411182,4.0,3.8,-5.000000000000004,-7.317073170731703,150060.0,149617.0,0.004664800746367881,1.3596390506166678
2019-03-31,254.277,0.37817929172307974,1.8831863513063984,253.319,252.561,252.767,252.182,249.577,253.38566666666668,252.1155,1.1657164398695412,200.8,103.058,3.8,150295.0,2.41,14557.5,499292.0,1191.0,0.14,4051968.06,7.9,58.16809517996652,199.2,201.0,0.8032128514056325,0.7526342197691882,2.4,2.27,0.4166666666666874,59.602649006622535,14506.3,14386.8,0.352950097543836,3.8879016891819607,3.8,3.9,0.0,-5.000000000000004,150067.0,149809.0,0.15193213697881625,1.358915565147023
2019-04-30,255.233,0.3759679404743643,2.000583470209061,254.277,253.319,252.561,252.772,250.227,254.27633333333333,252.53266666666664,1.3146683185804773,202.1,103.265,3.7,150591.0,2.42,14594.7,499343.0,1272.0,0.24,4068537.58,7.6,63.87095260620117,200.8,199.1,0.6474103585657254,0.8986520219670391,2.41,2.4,0.4149377593360981,43.19526627218935,14557.5,14459.7,0.2555383822771873,3.981219586916418,3.8,4.0,-2.631578947368407,-7.499999999999996,150295.0,150060.0,0.19694600618782587,1.4627408705026212
2019-05-31,255.296,0.02468332856644384,1.7959105553606136,255.233,254.277,253.319,252.594,250.792,254.93533333333335,252.908,1.4118804353191172,201.7,103.371,3.6,150618.0,2.39,14704.4,504741.0,1293.0,0.19,4083364.56,7.3,60.865454413674094,202.1,199.2,-0.19792182088075316,-0.7381889763779514,2.42,2.4,-1.2396694214875992,40.58823529411766,14594.7,14506.3,0.7516427196173847,4.342766313757762,3.7,3.8,-2.7027027027027084,-5.263157894736836,150591.0,150067.0,0.017929358328183653,1.2612443022145703
2019-06-30,255.213,-0.03251128102280676,1.671194894390049,255.296,255.233,254.277,252.767,251.018,255.24733333333333,253.25758333333332,1.4206878269049061,200.3,103.56,3.6,150838.0,2.38,14802.8,505251.0,1243.0,0.25,4093992.14,7.1,54.70650024414063,201.7,200.8,-0.6941001487357323,-1.9098922624877446,2.39,2.41,-0.4184100418410108,30.76923076923075,14704.4,14557.5,0.6691874540953657,4.708145884616455,3.6,3.8,0.0,-9.999999999999998,150618.0,150295.0,0.14606487936368318,1.2607411385606948
2019-07-31,255.802,0.23078761661827762,1.826331335037068,255.213,255.296,255.233,252.561,251.214,255.437,253.63991666666664,1.4379774595740913,200.7,103.678,3.7,150937.0,2.4,14886.8,509091.0,1240.0,0.13,4117712.6,6.8,57.546363830566406,200.3,202.1,0.19970044932600128,-1.7621145374449476,2.38,2.42,0.8403361344537785,25.654450261780106,14802.8,14594.7,0.567460210230486,5.024480408618226,3.6,3.7,2.77777777777779,-2.631578947368407,150838.0,150591.0,0.06563332847160375,1.2864045094618248
2019-08-31,256.036,0.09147700174354512,1.7376412106666406,255.802,255.213,255.296,253.319,251.663,255.68366666666665,254.0043333333333,1.445525782502551,199.2,103.797,3.6,151169.0,2.13,14974.4,512561.0,1375.0,0.0,4134319.33,6.9,54.844090548428625,200.7,201.7,-0.7473841554558991,-2.064896755162249,2.4,2.39,-11.250000000000004,11.518324607329845,14886.8,14704.4,0.5884407663164781,5.281511896057145,3.7,3.6,-2.7027027027027084,-5.263157894736836,150937.0,150618.0,0.15370651331350071,1.267442405728958
2019-09-30,256.43,0.1538846099767177,1.6844977040391562,256.036,255.802,255.213,254.277,252.182,256.08933333333334,254.35833333333335,1.478456217775725,198.4,103.873,3.5,151365.0,2.04,15047.0,509282.0,1311.0,0.05,4146326.69,7.0,56.967000007629395,199.2,200.3,-0.40160642570280514,-2.5540275049115824,2.13,2.38,-4.225352112676051,4.615384615384621,14974.4,14802.8,0.48482743882893864,5.626338141869369,3.6,3.6,-2.777777777777779,-5.405405405405405,151169.0,150838.0,0.12965621258327342,1.3437512553730047
2019-10-31,257.155,0.2827282299262768,1.7339736996186295,256.43,256.036,255.802,255.233,252.772,256.5403333333333,254.72358333333332,1.5882569324055626,198.6,104.028,3.6,151460.0,1.83,15184.1,510648.0,1325.0,0.17,4163620.6,7.1,54.00565255206564,198.4,200.7,0.10080645161290036,-2.9325513196480912,2.04,2.4,-10.29411764705882,-16.43835616438356,15047.0,14886.8,0.9111450787532505,6.50575873630459,3.5,3.7,2.857142857142869,-5.263157894736836,151365.0,150937.0,0.0627621973375625,1.2927431166277703
2019-11-30,257.879,0.281542260504386,2.092290394862917,257.155,256.43,256.036,255.296,252.594,257.1546666666666,255.164,1.6744629532537594,199.0,104.092,3.6,151667.0,1.55,15296.0,514215.0,1353.0,0.17,4164684.83,6.9,57.070000076293944,198.6,199.2,0.20140986908359082,-1.6312407315867583,1.83,2.13,-15.300546448087438,-29.545454545454554,15184.1,14974.4,0.7369551043525879,7.0938471448175555,3.6,3.6,0.0,-5.263157894736836,151460.0,151169.0,0.1366697477881873,1.3701651550291682
2019-12-31,258.63,0.29122185210892493,2.3195274699624457,257.879,257.155,256.43,255.213,252.767,257.888,255.6525833333333,1.7644229269516891,199.0,104.322,3.6,151794.0,1.55,15347.5,515866.0,1548.0,0.34,4192191.39,6.2,59.80476197742281,199.0,198.4,0.0,-0.995024875621886,1.55,2.04,0.0,-31.718061674008812,15296.0,15047.0,0.3366893305439378,6.677648955987436,3.6,3.5,0.0,-7.692307692307687,151667.0,151365.0,0.08373607970091346,1.325020526136611
2020-01-31,259.127,0.19216641534238743,2.599767976845202,258.63,257.879,257.155,255.802,252.561,258.5453333333333,256.19975,1.7364032378876926,199.3,104.507,3.6,152031.0,1.55,15427.1,515119.0,1581.0,0.18,4171798.04,6.8,57.52857190086728,199.0,198.6,0.1507537688442362,0.10045203415369741,1.55,1.83,0.0,-35.416666666666664,15347.5,15184.1,0.5186512461312853,6.690318609653034,3.6,3.6,0.0,-9.999999999999998,151794.0,151460.0,0.15613265346456906,1.3134746101559402
2020-02-29,259.25,0.04746707213065804,2.3413166797595197,259.127,258.63,257.879,256.036,253.319,259.00233333333335,256.694,1.6852290375769272,196.7,104.711,3.5,152293.0,1.58,15493.4,515330.0,1549.0,0.27,4185445.34,7.5,50.54210502222965,199.3,199.0,-1.304565980933281,-1.2550200803212896,1.55,1.55,1.9354838709677358,-34.16666666666666,15427.1,15296.0,0.42976320889862585,6.804629712607624,3.6,3.6,-2.777777777777779,-7.894736842105255,152031.0,151667.0,0.17233327413488375,1.4833374426089785
2020-03-31,258.076,-0.4528447444551498,1.4940399642909163,259.25,259.127,258.63,256.43,254.277,258.81766666666664,257.01058333333333,1.5405223705756692,193.1,104.632,4.4,150895.0,0.65,16033.0,468324.0,1266.0,0.47,4171393.21,12.4,30.445454597473145,196.7,199.0,-1.8301982714794107,-3.834661354581681,1.58,1.55,-58.86075949367089,-73.02904564315354,15493.4,15347.5,3.4827733099255243,10.135668899192861,3.5,3.6,25.714285714285733,15.789473684210531,152293.0,151794.0,-0.9179673392736398,0.39921487740777195
2020-04-30,256.032,-0.7920147553434065,0.3130472940411133,258.076,259.25,259.127,257.155,255.233,257.786,257.07716666666664,1.4724723694485957,185.5,104.293,14.8,130426.0,0.05,17065.3,401028.0,936.0,0.44,4106902.98,31.8,16.699047678992862,193.1,199.3,-3.9357845675815573,-8.213755566551207,0.65,1.55,-92.3076923076923,-97.93388429752066,16033.0,15427.1,6.438595396993696,16.928062926952926,4.4,3.6,236.36363636363632,300.0,150895.0,152031.0,-13.56506179793896,-13.390574469921845
2020-05-31,255.802,-0.08983252093487382,0.1982013035848551,256.032,258.076,259.25,257.879,255.296,256.63666666666666,257.1193333333334,1.4232511650406545,188.6,104.402,13.2,133040.0,0.05,17932.9,478449.0,1039.0,0.49,4090245.93,22.6,28.527499961853028,185.5,196.7,1.6711590296495826,-6.494794248884483,0.05,1.58,0.0,-97.90794979079497,17065.3,15493.4,5.084000867256955,21.956013166127164,14.8,3.5,-10.810810810810823,266.66666666666663,130426.0,152293.0,2.0042016162421517,-11.67058386115869
2020-06-30,257.042,0.4847499237691677,0.7166562831830481,255.802,256.032,258.076,258.63,255.213,256.292,257.27175,1.2924672054928465,191.2,104.565,11.0,137671.0,0.08,18184.3,518038.0,1266.0,0.5,4102329.81,18.3,38.313636086203836,188.6,193.1,1.3785790031813239,-4.543185222166757,0.05,0.65,59.999999999999986,-96.63865546218487,17932.9,16033.0,1.4018926107879803,22.843651201124104,13.2,4.4,-16.666666666666664,205.55555555555554,133040.0,150895.0,3.4809079975947066,-8.72923268672351
2020-07-31,258.352,0.5096443382793581,0.9968647625897997,257.042,255.802,256.032,259.127,255.802,257.06533333333334,257.48425000000003,1.2373022798896034,193.0,104.937,10.2,139255.0,0.09,18335.4,526304.0,1526.0,0.44,4118158.78,17.9,40.76590919494629,191.2,185.5,0.9414225941422716,-3.8365719980069657,0.08,0.05,12.5,-96.25,18184.3,17065.3,0.8309365771572264,23.165488889485996,11.0,14.8,-7.272727272727275,175.67567567567565,137671.0,130426.0,1.1505691104154003,-7.739652967794508
2020-08-31,259.316,0.3731343283582156,1.2810698495523853,258.352,257.042,255.802,259.25,256.036,258.2366666666667,257.75758333333334,1.2505065488792089,194.3,105.243,8.4,140821.0,0.1,18411.2,530735.0,1396.0,0.58,4113990.24,13.9,42.38809512910389,193.0,188.6,0.6735751295336767,-2.459839357429705,0.09,0.05,11.111111111111116,-95.30516431924883,18335.4,17932.9,0.4134079431045823,22.95116999679454,10.2,13.2,-17.647058823529406,133.33333333333334,139255.0,133040.0,1.1245556712505822,-6.845318815365586
2020-09-30,259.997,0.2626139536318739,1.3910228912373812,259.316,258.352,257.042,258.076,256.43,259.22166666666664,258.0548333333333,1.327802410912963,195.5,105.41,7.8,141770.0,0.09,18602.5,541302.0,1473.0,0.56,4129452.39,13.3,39.625714074997674,194.3,191.2,0.6176016469377155,-1.4616935483870996,0.1,0.08,-10.000000000000009,-95.58823529411765,18411.2,18184.3,1.0390414530285774,23.629294876055027,8.4,11.0,-7.142857142857151,122.85714285714286,140821.0,137671.0,0.6739051703936294,-6.338981931093713
2020-10-31,260.319,0.1238475828567287,1.2303863428671624,259.997,259.316,258.352,256.032,257.155,259.87733333333335,258.31850000000003,1.442099511130263,196.5,105.507,6.9,142460.0,0.09,18757.6,539114.0,1543.0,0.74,4134643.38,12.8,39.55454531582919,195.5,193.0,0.5115089514066584,-1.0574018126888185,0.09,0.09,0.0,-95.08196721311475,18602.5,18335.4,0.8337589033732051,23.53448673283236,7.8,10.2,-11.538461538461531,91.66666666666667,141770.0,139255.0,0.4867038160400572,-5.9421629473128235
2020-11-30,260.911,0.2274132890799363,1.1757452138405844,260.319,259.997,259.316,255.802,257.879,260.409,258.57116666666667,1.613521604968224,198.3,105.605,6.7,142733.0,0.09,18997.0,533941.0,1543.0,0.68,4135719.78,12.0,41.346500396728516,196.5,194.3,0.9160305343511421,-0.35175879396984744,0.09,0.1,0.0,-94.19354838709677,18757.6,18411.2,1.2762826800870153,24.195868200836813,6.9,8.4,-2.898550724637683,86.11111111111111,142460.0,140821.0,0.19163273901445788,-5.89053650431538
2020-12-31,262.045,0.4346309661148906,1.3204191315779434,260.911,260.319,259.997,257.042,258.63,261.0916666666667,258.85575,1.9004826241110109,200.5,105.896,6.7,142548.0,0.09,19115.7,538548.0,1614.0,0.8,4149026.48,11.8,47.068181471391156,198.3,195.5,1.1094301563287834,0.7537688442211143,0.09,0.09,0.0,-94.19354838709677,18997.0,18602.5,0.624835500342158,24.552532985828314,6.7,7.8,0.0,86.11111111111111,142733.0,141770.0,-0.12961263337840645,-6.091149847820077
2021-01-31,262.687,0.24499608845809373,1.3738437137002402,262.045,260.911,260.319,258.352,259.127,261.88100000000003,259.1524166666667,2.2008044586364504,204.8,106.281,6.4,142863.0,0.09,19379.0,559230.0,1630.0,1.0,4157826.38,19.5,52.102105592426504,200.5,196.5,2.14463840399004,2.759658805820364,0.09,0.09,0.0,-94.19354838709677,19115.7,18757.6,1.377401821539359,25.61660973222446,6.7,6.9,-4.477611940298509,77.77777777777779,142548.0,142460.0,0.22097819681792252,-6.030349073544217
2021-02-28,263.579,0.33956762230333837,1.6698167791706853,262.687,262.045,260.911,259.316,259.25,262.7703333333333,259.5131666666667,2.545983890306399,210.6,106.501,6.2,143380.0,0.08,19641.8,544891.0,1404.0,1.3,4177322.53,13.0,59.06105262354801,204.8,198.3,2.83203125,7.066598881545505,0.09,0.09,-11.111111111111105,-94.9367088607595,19379.0,18997.0,1.3561071262707003,26.775272051325082,6.4,6.7,-3.125,77.14285714285715,142863.0,142733.0,0.3618851627083197,-5.85253425961797
2021-03-31,264.961,0.524320981565296,2.6678187820641908,263.579,262.687,262.045,259.997,258.076,263.74233333333336,260.0869166666667,2.9382360960385094,215.0,106.933,6.1,144232.0,0.07,19873.2,603581.0,1696.0,1.58,4190733.4,26.2,62.357391357421875,210.6,200.5,2.089268755935425,11.341273951320563,0.08,0.09,-12.49999999999999,-89.23076923076923,19641.8,19115.7,1.1780997668238147,23.95184931079648,6.2,6.7,-1.6129032258064613,38.636363636363626,143380.0,142548.0,0.5942251360022244,-4.415653268829322
2021-04-30,266.614,0.6238653990587206,4.133077115360573,264.961,263.579,262.687,260.319,256.032,265.05133333333333,260.96875,3.187966753705347,217.9,107.558,6.1,144587.0,0.07,20176.9,608961.0,1495.0,1.49,4207768.45,12.4,61.70380982898531,215.0,204.8,1.3488372093023226,17.466307277628033,0.07,0.09,0.0,40.000000000000014,19873.2,19379.0,1.5281887164623642,18.233491353799835,6.1,6.4,0.0,-58.7837837837838,144232.0,142863.0,0.24613123301346906,10.857497738181031
2021-05-31,268.383,0.6635060424433847,4.918257089467626,266.614,264.961,263.579,260.911,255.802,266.6526666666667,262.01716666666664,3.3962562231576414,224.9,108.099,5.8,145065.0,0.06,20460.4,605282.0,1589.0,1.44,4238937.19,10.0,65.15699977874756,217.9,210.6,3.2124827902707764,19.24708377518558,0.07,0.08,-14.285714285714302,19.999999999999996,20176.9,19641.8,1.405072136948693,14.094206737337522,6.1,6.2,-4.91803278688524,-56.060606060606055,144587.0,143380.0,0.33059680330873586,9.038634996993377
2021-06-30,270.654,0.8461787818155431,5.295632620349999,268.383,266.614,264.961,262.045,257.042,268.5503333333333,263.1515,3.829101259375298,228.9,108.603,5.9,145820.0,0.08,20477.8,611950.0,1650.0,1.2,4389849.1,8.8,71.3527287569913,224.9,215.0,1.7785682525566893,19.717573221757334,0.06,0.07,33.33333333333335,0.0,20460.4,19873.2,0.08504232566322045,12.61252838987479,5.8,6.1,1.7241379310344973,-46.36363636363636,145065.0,144232.0,0.5204563471547186,5.919184141903533
2021-07-31,271.903,0.4614747980816958,5.245169381309234,270.654,268.383,266.614,262.687,258.352,270.31333333333333,264.28075,4.259036022495409,231.85,109.058,5.4,146762.0,0.1,20633.3,601817.0,1597.0,1.05,4406029.54,9.5,72.43047659737724,228.9,217.9,1.2887723896898073,20.129533678756474,0.08,0.07,25.0,11.111111111111116,20477.8,20176.9,0.7593589155085123,12.532587235620696,5.9,6.1,-8.47457627118644,-47.058823529411754,145820.0,144587.0,0.6460019201755651,5.390829772719119
2021-08-31,272.676,0.2842925602144719,5.152015301793966,271.903,270.654,268.383,263.579,259.316,271.7443333333333,265.39408333333336,4.57752029851732,233.415,109.409,5.1,147314.0,0.09,20840.9,605533.0,1594.0,1.1,4423797.93,8.7,67.71136318553577,231.85,224.9,0.6750053914168719,20.131240349974266,0.1,0.06,-10.000000000000009,-10.000000000000009,20633.3,20460.4,1.0061405591931694,13.196858433996695,5.4,5.8,-5.55555555555557,-39.28571428571429,146762.0,145065.0,0.3761191589103374,4.61081798879428
2021-09-30,273.91,0.4525517463950024,5.351215590949132,272.676,271.903,270.654,264.961,259.997,272.8296666666667,266.5535,4.840660895900071,235.678,109.641,4.7,147771.0,0.08,20981.0,609671.0,1577.0,1.24,4447544.21,7.6,71.54476202101935,233.415,228.9,0.9695178116230663,20.551406649616368,0.09,0.08,-11.111111111111105,-11.111111111111105,20840.9,20477.8,0.6722358439414711,12.785915871522647,5.1,5.9,-7.843137254901955,-39.74358974358974,147314.0,145820.0,0.3102217033004395,4.232912463849892
2021-10-31,276.55,0.9638202329232071,6.235042390298062,273.91,272.676,271.903,266.614,260.319,274.3786666666667,267.90608333333336,5.194920761638477,240.465,110.188,4.5,148572.0,0.08,21160.6,618573.0,1579.0,1.07,4464094.97,7.0,81.22285752069382,235.678,231.85,2.0311611605665414,22.37404580152671,0.08,0.1,0.0,-11.111111111111105,20981.0,20633.3,0.8560125828130039,12.810807352753017,4.7,5.4,-4.255319148936176,-34.78260869565217,147771.0,146762.0,0.5420549363542193,4.290327109364034
2021-11-30,278.919,0.8566262881938069,6.901970403700863,276.55,273.91,272.676,268.383,260.911,276.4596666666667,269.40675,5.577457519907202,243.287,110.77,4.1,149230.0,0.08,21335.5,624874.0,1705.0,0.91,4489285.61,6.6,78.653809320359,240.465,233.415,1.173559561682569,22.686333837619756,0.08,0.09,0.0,-11.111111111111105,21160.6,20840.9,0.8265361095621149,12.309838395536143,4.5,5.1,-8.888888888888902,-38.805970149253746,148572.0,147314.0,0.4428829119887956,4.551855562483809
2021-12-31,280.845,0.6905230550805275,7.174340285065539,278.919,276.55,273.91,270.654,262.045,278.77133333333336,270.97341666666665,5.949585340147921,241.338,111.418,3.9,149816.0,0.08,21498.5,619938.0,1722.0,0.79,4512720.41,6.6,71.69000070745295,243.287,235.678,-0.8011114445079293,20.36807980049875,0.08,0.08,0.0,-11.111111111111105,21335.5,20981.0,0.7639849077827998,12.465146450300013,4.1,4.7,-4.8780487804877986,-41.7910447761194,149230.0,147771.0,0.39268243650740775,5.098633442770151
2022-01-31,282.543,0.6046039630400957,7.558805726967832,280.845,278.919,276.55,271.903,262.687,280.769,272.62808333333334,6.191700595568059,246.453,111.976,4.0,150006.0,0.08,21650.1,631509.0,1702.0,0.61,4527332.7,4.2,82.97900009155273,241.338,240.465,2.1194341545881734,20.338378906249986,0.08,0.08,0.0,-11.111111111111105,21498.5,21160.6,0.7051654766611515,11.719386965271683,3.9,4.5,2.564102564102577,-37.5,149816.0,148572.0,0.12682223527527015,4.999895004304822
2022-02-28,284.5,0.6926379347568234,7.937278766517819,282.543,280.845,278.919,272.676,263.579,282.6293333333333,274.37149999999997,6.355321285062642,252.66,112.468,3.9,150825.0,0.08,21725.2,638101.0,1735.0,0.39,4558346.19,4.1,91.62894680625514,246.453,243.287,2.5185329454297634,19.97150997150998,0.08,0.08,0.0,0.0,21650.1,21335.5,0.34688061487015975,10.606970847885645,4.0,4.1,-2.500000000000002,-37.096774193548384,150006.0,149230.0,0.5459781608735614,5.192495466592262
2022-03-31,287.674,1.115641476274165,8.572204966013853,284.5,282.543,280.845,273.91,264.961,284.9056666666666,276.26425,6.672195769487774,260.014,112.914,3.7,151315.0,0.2,21787.2,651027.0,1712.0,0.04,4600150.62,3.2,108.26217385996942,252.66,241.338,2.9106308873585007,20.936744186046518,0.08,0.08,150.0,185.71428571428572,21725.2,21498.5,0.28538287334523016,9.631060926272571,3.9,3.9,-5.128205128205121,-39.344262295081954,150825.0,149816.0,0.32487982761477685,4.910838094181602
2022-04-30,288.561,0.30833512934780316,8.231750770777225,287.674,284.5,282.543,276.55,266.614,286.9116666666667,278.09316666666666,6.793336719748686,265.31,113.307,3.7,151623.0,0.33,21769.4,660194.0,1820.0,0.19,4633199.93,2.6,101.64049949645997,260.014,246.453,2.036813402355264,21.757687012391003,0.2,0.08,64.99999999999999,371.42857142857144,21787.2,21650.1,-0.08169934640522847,7.892689164341404,3.7,4.0,0.0,-39.344262295081954,151315.0,150006.0,0.203548888081162,4.8662742846867335
2022-05-31,291.298,0.9484996239963239,8.538171195642065,288.561,287.674,284.5,278.919,268.383,289.17766666666665,280.00275000000005,7.032171824421609,273.251,113.703,3.6,151924.0,0.77,21719.9,659847.0,1531.0,0.32,4662495.89,2.6,109.259522937593,265.31,252.66,2.9931024085032565,21.49888839484213,0.33,0.08,133.33333333333334,1183.3333333333335,21769.4,21725.2,-0.22738339136586516,6.155793630623063,3.7,3.9,-2.7027027027027084,-37.93103448275862,151623.0,150825.0,0.1985186943933348,4.728225278323506
2022-06-30,294.957,1.2561019986405686,8.979361103105798,291.298,288.561,287.674,280.845,270.654,291.6053333333333,282.028,7.573738490816828,280.251,114.376,3.6,152358.0,1.21,21651.5,666113.0,1551.0,0.06,4700193.52,2.2,114.33904811314174,273.251,260.014,2.561747258015523,22.433813892529475,0.77,0.2,57.14285714285714,1412.5,21719.9,21787.2,-0.3149185769731999,5.731572727539103,3.6,3.7,0.0,-38.98305084745763,151924.0,151315.0,0.28566915036465357,4.483609930050747
2022-07-31,294.913,-0.014917428642136077,8.462576727730099,294.957,291.298,288.561,282.543,271.903,293.72266666666667,283.9455,7.689204870821337,272.274,114.628,3.5,153072.0,1.68,21652.9,659550.0,1381.0,-0.22,4722322.76,3.3,99.38449974060059,280.251,265.31,-2.846376997762712,17.43541082596507,1.21,0.33,38.84297520661158,1579.9999999999998,21651.5,21769.4,0.006466064706844854,4.941526561432252,3.6,3.7,-2.777777777777779,-35.18518518518518,152358.0,151623.0,0.4686330878588496,4.299478066529483
2022-08-31,295.097,0.062391281496565476,8.222579178218826,294.913,294.957,291.298,284.5,272.676,294.989,285.81391666666667,7.421254114285276,269.546,115.276,3.6,153362.0,2.33,21638.4,663566.0,1531.0,-0.3,4751733.84,3.2,91.48260862930961,272.274,273.251,-1.001931877446982,15.47929653192812,1.68,0.77,38.69047619047621,2488.888888888889,21652.9,21719.9,-0.06696562585150057,3.826610175184375,3.5,3.6,2.857142857142869,-29.411764705882348,153072.0,151924.0,0.1894533291523004,4.105516108448626
2022-09-30,296.349,0.42426727482827165,8.192106896425821,295.097,294.913,294.957,287.674,273.91,295.453,287.6838333333333,6.961914755339554,267.898,115.788,3.5,153582.0,2.56,21536.7,661854.0,1488.0,-0.39,4778626.2,3.4,83.8019049508231,269.546,280.251,-0.6113984255006422,13.67119544463209,2.33,1.21,9.871244635193133,3100.0,21638.4,21651.5,-0.4699977817213874,2.648586816643639,3.6,3.6,-2.777777777777779,-25.531914893617024,153362.0,152358.0,0.14345144168699253,3.932435998944306
2022-10-31,298.007,0.5594754832984217,7.758813957693,296.349,295.097,294.913,288.561,276.55,296.4843333333333,289.4719166666667,6.587794836712429,265.061,116.204,3.6,153939.0,3.08,21461.7,668671.0,1435.0,-0.41,4810383.4,3.4,87.03095245361328,267.898,272.274,-1.0589851361339164,10.228515584388575,2.56,1.68,20.3125,3750.0,21536.7,21652.9,-0.3482427669977306,1.422927516233008,3.5,3.5,2.857142857142869,-19.999999999999996,153582.0,153072.0,0.2324491151306729,3.61238995234634
2022-11-30,298.786,0.2614032556282231,7.122856456533988,298.007,296.349,295.097,291.298,278.919,297.714,291.1275,6.178305688603253,263.157,116.539,3.6,154242.0,3.78,21406.7,659458.0,1424.0,-0.7,4840742.38,3.8,84.38571457635788,265.061,269.546,-0.7183252157050624,8.16730856971395,3.08,2.33,22.727272727272705,4625.0,21461.7,21638.4,-0.2562704725161513,0.3337161069578931,3.6,3.6,0.0,-12.195121951219502,153939.0,153362.0,0.19683121236333534,3.358574013268112
2022-12-31,298.832,0.01539563433359259,6.404600402357152,298.786,298.007,296.349,294.957,280.845,298.5416666666667,292.62641666666667,5.612928039290347,257.897,116.952,3.5,154342.0,4.1,21290.9,651763.0,1308.0,-0.53,4858438.6,4.2,76.51809510730561,263.157,267.898,-1.9988067959430977,6.861331410718585,3.78,2.56,8.465608465608465,5024.999999999999,21406.7,21536.7,-0.5409521318091914,-0.9656487661929836,3.6,3.5,-2.777777777777779,-10.256410256410254,154242.0,153582.0,0.06483318421701689,3.0210391413467264
2023-01-31,300.42,0.5314022594635093,6.327178517960097,298.832,298.786,298.007,294.913,282.543,299.346,294.1161666666667,5.036114679057226,260.227,117.505,3.5,154776.0,4.33,21279.9,680253.0,1361.0,-0.69,4874098.11,4.9,78.16400032043457,257.897,265.061,0.9034614594198409,5.588895245746639,4.1,3.08,5.609756097560981,5312.5,21290.9,21461.7,-0.05166526544204686,-1.7099228179084491,3.5,3.6,0.0,-12.5,154342.0,153939.0,0.2811937126640851,3.1798728050878022
2023-02-28,301.45,0.3428533386591992,5.957820738137087,300.42,298.832,298.786,295.097,284.5,300.234,295.52866666666665,4.434980133877561,258.669,117.929,3.6,155066.0,4.57,21243.7,672152.0,1399.0,-0.89,4884884.3,5.5,76.86052583393298,260.227,263.157,-0.5987080510477361,2.378294941819048,4.33,3.78,5.542725173210172,5612.5,21279.9,21406.7,-0.1701135813608201,-2.216320217995693,3.5,3.6,2.857142857142869,-7.692307692307687,154776.0,154242.0,0.18736755052461973,2.811868059008793
2023-03-31,301.821,0.12307181953890023,4.917719362889961,301.45,300.42,298.832,296.349,287.674,301.23033333333336,296.70758333333333,4.017903941527636,257.062,118.315,3.5,155134.0,4.65,20947.4,665071.0,1377.0,-0.58,4909583.56,6.0,73.37260934580927,258.669,257.897,-0.6212572824729534,-1.1353234825817071,4.57,4.1,1.7505470459518557,2225.0,21243.7,21290.9,-1.394766448405882,-3.854556803995002,3.6,3.5,-2.777777777777779,-5.405405405405405,155066.0,154342.0,0.043852295151736165,2.5238740376036795
2023-04-30,302.845,0.3392739405144063,4.950079879124369,301.821,301.45,300.42,298.007,288.561,302.03866666666664,297.8979166666667,3.4624927294545,256.908,118.734,3.4,155375.0,4.83,20761.4,670494.0,1354.0,-0.6,4921886.44,5.8,79.43842155054996,257.062,260.227,-0.059907726540675554,-3.166861407410193,4.65,4.33,3.8709677419354716,1363.6363636363637,20947.4,21279.9,-0.8879383598919155,-4.630352696904827,3.5,3.5,-2.857142857142858,-8.108108108108114,155134.0,154776.0,0.15534956875991046,2.474558609181976
2023-05-31,303.334,0.1614687381333635,4.131851231385042,302.845,301.821,301.45,298.786,291.298,302.6666666666667,298.90091666666666,3.101281390838591,253.67,119.083,3.6,155655.0,5.06,20829.6,673902.0,1584.0,-0.76,4927043.14,6.1,71.62090925736861,256.908,258.669,-1.2603733632273184,-7.165939008457423,4.83,4.57,4.761904761904745,557.1428571428571,20761.4,21243.7,0.3284942248595879,-4.099005980690529,3.4,3.6,5.882352941176472,0.0,155375.0,155066.0,0.18020917135961323,2.4558331797477795
2023-06-30,304.014,0.224175331482801,3.070617072997095,303.334,302.845,301.821,298.832,294.957,303.3976666666667,299.65566666666666,3.1558139803857572,253.86,119.39,3.6,155880.0,5.08,20799.4,677117.0,1421.0,-1.06,4950379.77,5.8,70.27428545270648,253.67,257.062,0.07490046122917704,-9.416915550702754,5.06,4.65,0.39525691699606735,319.8347107438017,20829.6,20947.4,-0.14498598148786623,-3.935524097637566,3.6,3.5,0.0,0.0,155655.0,155134.0,0.14455044810639528,2.311660693892015
2023-07-31,304.609,0.1957146710348745,3.287749268428297,304.014,303.334,302.845,300.42,294.913,303.98566666666665,300.46366666666665,3.0712602782864447,253.835,119.556,3.5,156043.0,5.12,20791.4,678424.0,1460.0,-0.91,4959206.3,5.5,76.03449974060058,253.86,256.908,-0.009847947687702252,-6.772222099796521,5.08,4.83,0.7874015748031482,204.7619047619048,20799.4,20761.4,-0.03846264796100174,-3.9786818393841017,3.6,3.4,-2.777777777777779,0.0,155880.0,155375.0,0.10456761611497001,1.940916692798167
2023-08-31,306.082,0.4835707415079771,3.722504803505289,304.609,304.014,303.334,301.45,295.097,304.90166666666664,301.3790833333333,2.9613839350237234,257.68,119.689,3.7,156261.0,5.33,20777.5,684755.0,1317.0,-0.76,4945158.71,5.6,81.3208697775136,253.835,253.67,1.5147635274883386,-4.402217061280811,5.12,5.06,4.1015625,128.75536480686694,20791.4,20829.6,-0.06685456486816843,-3.978575125702466,3.5,3.6,5.714285714285716,2.77777777777779,156043.0,155655.0,0.13970508129168557,1.8902987702299034
2023-09-30,307.276,0.3900915440960384,3.687206638119256,306.082,304.609,304.014,301.821,296.349,305.989,302.2896666666667,2.954037093796525,258.934,120.058,3.7,156417.0,5.33,20747.8,689403.0,1371.0,-0.44,4955057.13,5.3,89.43050003051758,257.68,253.86,0.4866501086619124,-3.346049615898583,5.33,5.08,0.0,108.203125,20777.5,20799.4,-0.14294308747443418,-3.6630495851267875,3.7,3.6,0.0,5.714285714285716,156261.0,155880.0,0.09983297175879535,1.8459194436847959
2023-10-31,307.696,0.13668493471667986,3.2512659098611785,307.276,306.082,304.609,302.845,298.007,307.018,303.09708333333333,3.0008155394035616,255.192,120.241,3.9,156576.0,5.33,20732.9,686148.0,1368.0,-0.19,4965604.43,5.4,85.46681837602095,258.934,253.835,-1.4451559084554422,-3.723293883294776,5.33,5.12,0.0,73.05194805194806,20747.8,20791.4,-0.07181484301949093,-3.3958167339959044,3.7,3.5,5.405405405405395,8.333333333333325,156417.0,156043.0,0.10165135503175105,1.71301619472648
2023-11-30,308.148,0.14689823722116024,3.1333462745911866,307.696,307.276,306.082,303.334,298.786,307.70666666666665,303.87725,2.995090410687563,252.856,120.374,3.7,156703.0,5.33,20746.4,685328.0,1514.0,-0.36,4989125.32,5.6,77.37666720435733,255.192,257.68,-0.9153891971535155,-3.9143933089372474,5.33,5.33,0.0,41.00529100529102,20732.9,20777.5,0.06511390109440462,-3.0845482956270653,3.9,3.7,-5.128205128205121,2.77777777777779,156576.0,156261.0,0.08111077048844617,1.5955446635806059
2023-12-31,308.741,0.1924399963653789,3.3159099427102934,308.148,307.696,307.276,304.014,298.832,308.195,304.70300000000003,2.839580506792551,249.866,120.592,3.8,156857.0,5.33,20777.8,686277.0,1521.0,-0.35,4988225.93,5.6,72.12350006103516,252.856,258.934,-1.1824912202992977,-3.114033897253543,5.33,5.33,0.0,30.000000000000004,20746.4,20747.8,0.15135155978867054,-2.4099497907556833,3.7,3.7,2.7027027027026973,8.571428571428562,156703.0,156417.0,0.09827508088549042,1.6294981275349452
2024-01-31,309.698,0.30996854969052023,3.0883429864855705,308.741,308.148,307.696,304.609,300.42,308.8623333333333,305.47616666666664,2.830481611232617,251.306,121.217,3.7,157032.0,5.33,20843.7,680456.0,1381.0,-0.28,5003237.0,6.4,73.86095210484096,249.866,255.192,0.5763089015712319,-3.428160798072444,5.33,5.33,0.0,23.094688221709013,20777.8,20732.9,0.3171654361867171,-2.0498216626957833,3.8,3.9,-2.631578947368407,5.714285714285716,156857.0,156576.0,0.11156658612621051,1.4575903240812593
2024-02-29,310.967,0.40975401843086345,3.157074141648697,309.698,308.741,308.148,306.082,301.45,309.80199999999996,306.26925,2.931325270405849,254.926,121.537,3.9,157238.0,5.33,20926.9,685280.0,1552.0,-0.39,5013802.76,6.1,76.61000022888183,251.306,252.856,1.440474958815141,-1.447023029431438,5.33,5.33,0.0,16.630196936542664,20843.7,20746.4,0.3991613772986513,-1.4912656458149876,3.7,3.7,5.405405405405395,8.333333333333325,157032.0,156703.0,0.13118345305416224,1.400693898082106
2024-03-31,312.345,0.4431338373525273,3.4868349120836584,310.967,309.698,308.741,307.276,301.821,311.00333333333333,307.14625,3.051342599430909,255.095,122.009,3.9,157466.0,5.33,20973.2,687641.0,1312.0,-0.39,5013894.23,5.9,80.40499992370606,254.926,249.866,0.06629374798960974,-0.7651850526332216,5.33,5.33,0.0,14.623655913978496,20926.9,20777.8,0.22124633844478048,0.12316564346888104,3.9,3.8,0.0,11.428571428571432,157238.0,156857.0,0.14500311629503937,1.5032165740585635
2024-04-30,313.023,0.21706766556210955,3.3607951262196734,312.345,310.967,309.698,307.696,302.845,312.1116666666667,307.99441666666667,3.1596951365711683,256.978,122.304,3.9,157530.0,5.33,20958.8,687602.0,1385.0,-0.35,5017383.19,5.8,84.39409117265181,255.095,251.306,0.7381563731158947,0.027247107914107893,5.33,5.33,0.0,10.351966873706008,20973.2,20843.7,-0.06865905059790789,0.9508029323648692,3.9,3.7,0.0,14.705882352941169,157466.0,157032.0,0.04064369451182159,1.3869670152856006
2024-05-31,313.175,0.04855873210594108,3.244278584003113,313.023,312.345,310.967,308.148,303.334,312.8476666666667,308.8145,3.116946743210559,255.313,122.383,3.9,157608.0,5.33,21019.9,692774.0,1316.0,-0.38,5025680.49,5.8,78.6213642467152,256.978,254.926,-0.647915385752873,0.6476918831552769,5.33,5.33,0.0,5.335968379446654,20958.8,20926.9,0.2915243239116849,0.9136037177862377,3.9,3.9,0.0,8.333333333333325,157530.0,157238.0,0.049514378213677546,1.2546978895634497
2024-06-30,313.044,-0.041829647960411886,2.9702579486470926,313.175,313.023,312.345,308.741,304.014,313.0806666666667,309.567,2.937496181817556,255.914,122.677,4.1,157695.0,5.33,21067.7,692449.0,1327.0,-0.35,5027231.09,5.7,78.69842127749794,255.313,255.095,0.23539733581916522,0.8091073820215788,5.33,5.33,0.0,4.921259842519676,21019.9,20973.2,0.22740355567818504,1.2899410559920055,3.9,3.9,5.128205128205132,13.888888888888884,157608.0,157466.0,0.05520024364245035,1.16435719784449
2024-07-31,313.569,0.16770805381991494,2.9414757935583014,313.044,313.175,313.023,309.698,304.609,313.2626666666667,310.3136666666667,2.6910935368829754,257.321,122.911,4.2,157748.0,5.33,21094.4,698835.0,1265.0,-0.2,5045190.31,5.3,80.48136381669478,255.914,256.978,0.549794071445886,1.3733330706955371,5.33,5.33,0.0,4.1015625,21067.7,20958.8,0.12673428993199565,1.4573333205075256,4.1,3.9,2.4390243902439046,19.999999999999996,157695.0,157530.0,0.033609182282257066,1.0926475394602786
2024-08-31,314.062,0.1572221743858515,2.607144490692037,313.569,313.044,313.175,310.967,306.082,313.55833333333334,310.9786666666667,2.5315846396851303,255.463,123.128,4.2,157757.0,5.33,21185.8,697039.0,1391.0,0.0,5052970.03,5.2,75.4336367520419,257.321,255.313,-0.7220553316674594,-0.8603694504812243,5.33,5.33,0.0,0.0,21094.4,21019.9,0.4332903519417286,1.9651064853808187,4.2,3.9,0.0,13.513513513513509,157748.0,157608.0,0.005705302127445577,0.9573726009688865
2024-09-30,314.732,0.2133336729690294,2.4264830315416708,314.062,313.569,313.044,312.345,307.276,314.12100000000004,311.59999999999997,2.453999296142014,252.682,123.466,4.1,157912.0,5.13,21268.6,703055.0,1357.0,0.15,5056994.97,4.8,69.37249946594238,255.463,255.914,-1.088611658048333,-2.414514895687714,5.33,5.33,-3.752345215759856,-3.752345215759856,21185.8,21067.7,0.39082781863322147,2.5101456539970535,4.2,4.1,-2.3809523809523947,10.81081081081079,157757.0,157695.0,0.0982523754888831,0.9557784639776967
2024-10-31,315.631,0.2856398459641696,2.578844053871343,314.732,314.062,313.569,313.023,307.696,314.80833333333334,312.26125,2.3741785995872946,253.081,123.832,4.1,157945.0,4.83,21331.0,708290.0,1352.0,0.12,5067259.29,5.0,71.5617383873981,252.682,257.321,0.1579059845972397,-0.8272202890372782,5.13,5.33,-5.847953216374268,-9.380863039399623,21268.6,21094.4,0.29339025605823466,2.884786981078369,4.1,4.2,0.0,5.128205128205132,157912.0,157748.0,0.02089771518314354,0.8743357858164824
2024-11-30,316.528,0.28419261732848256,2.719472461284833,315.631,314.732,314.062,313.175,308.148,315.63033333333334,312.95958333333334,2.2850952022496682,253.211,123.962,4.2,158079.0,4.64,21451.6,711853.0,1295.0,0.05,5060645.16,4.9,69.5439998626709,253.081,255.463,0.05136695366305677,0.14039611478471326,4.83,5.33,-3.9337474120082927,-12.945590994371493,21331.0,21185.8,0.565374337818203,3.399143947865646,4.1,4.2,2.4390243902439046,13.513513513513509,157945.0,157757.0,0.08483965937509108,0.8780942292106797
2024-12-31,317.604,0.3399383308901438,2.870690967509981,316.528,315.631,314.732,313.044,308.741,316.5876666666667,313.6981666666666,2.229275415644971,253.423,124.196,4.1,158316.0,4.48,21485.3,717265.0,1514.0,0.33,4948060.37,4.3,69.69761912027995,253.211,252.682,0.08372464071466634,1.4235630297839696,4.64,5.13,-3.44827586206895,-15.947467166979356,21451.6,21268.6,0.15709783885584638,3.4050765721106213,4.2,4.1,-2.3809523809523947,7.8947368421052655,158079.0,157912.0,0.14992503748125774,0.9301465666180064
2025-01-31,318.961,0.42726162139017365,2.9909783078999608,317.604,316.528,315.631,313.569,309.698,317.6976666666667,314.4700833333333,2.3201131421625774,257.36,124.587,4.0,158268.0,4.33,21547.6,711260.0,1358.0,0.36,4957972.0,5.1,75.0980951218378,253.423,253.081,1.5535290798388557,2.4090153040516427,4.48,4.83,-3.3482142857142905,-18.761726078799246,21485.3,21331.0,0.2899656974768794,3.377039585102448,4.1,4.1,-2.4390243902438935,8.108108108108091,158316.0,157945.0,-0.030319108618204194,0.787100718324929
2025-02-28,319.679,0.22510589068882592,2.8015834477613355,318.961,317.604,316.528,314.062,310.967,318.748,315.1960833333333,2.481723794549986,259.498,125.145,4.2,158310.0,4.33,21613.2,711922.0,1490.0,0.25,4956911.64,5.2,71.20894743266858,257.36,253.211,0.8307429281939616,1.7934616320030239,4.33,4.64,0.0,-18.761726078799246,21547.6,21451.6,0.30444225807051417,3.2795110599276533,4.0,4.2,5.000000000000004,7.692307692307709,158268.0,158079.0,0.02653726590340355,0.681769038018798
2025-03-31,319.785,0.03315826188146076,2.381981462805549,319.679,318.961,317.604,314.732,312.345,319.47499999999997,315.8160833333333,2.6296415745529904,258.525,125.267,4.2,158377.0,4.33,21693.5,722572.0,1355.0,0.34,5020902.36,5.1,67.93952469598679,259.498,253.423,-0.37495472026759513,1.3445971108802413,4.33,4.48,0.0,-18.761726078799246,21613.2,21485.3,0.3715322117964881,3.434382926782753,4.2,4.1,0.0,7.692307692307709,158310.0,158316.0,0.04232202640388483,0.578537589066852
2025-04-30,320.302,0.16167112278562268,2.32538823025783,319.785,319.679,318.961,315.631,313.023,319.922,316.42266666666666,2.762936130390574,258.392,125.502,4.2,158485.0,4.33,21775.5,721789.0,1398.0,0.57,5038845.21,5.5,62.962380727132164,258.525,257.36,-0.05144570157624706,0.5502416549276523,4.33,4.33,0.0,-18.761726078799246,21693.5,21547.6,0.37799340816373483,3.8966925587342827,4.2,4.0,0.0,7.692307692307709,158377.0,158268.0,0.06819171975729343,0.6062337332571666
2025-05-31,320.62,0.09928130327003792,2.3772651073680873,320.302,319.785,319.679,316.528,313.175,320.2356666666667,317.0430833333333,2.8029731441776935,258.678,125.79,4.3,158498.0,4.33,21833.8,716101.0,1282.0,0.52,5047974.11,4.9,60.935238247825986,258.392,259.498,0.11068454131706318,1.317990074927633,4.33,4.33,0.0,-18.761726078799246,21775.5,21613.2,0.26773208422308237,3.8720450620602254,4.2,4.2,2.3809523809523725,10.256410256410264,158485.0,158310.0,0.00820266902230582,0.5646921476067268
2025-06-30,321.435,0.2541949971929469,2.680453865910226,320.62,320.302,319.785,317.604,313.044,320.78566666666666,317.7423333333333,2.760963281616772,260.491,126.121,4.1,158478.0,4.33,21938.7,723033.0,1382.0,0.52,5042682.73,4.6,67.32600002288818,258.678,258.525,0.7008713535747058,1.7884914463452528,4.33,4.33,0.0,-18.761726078799246,21833.8,21693.5,0.4804477461550549,4.134290881301705,4.3,4.2,-4.651162790697683,0.0,158498.0,158377.0,-0.012618455753388158,0.496528108056693
2025-07-31,322.169,0.22835098853577485,2.742618052167134,321.435,320.62,320.302,318.961,313.569,321.408,318.459,2.6945641239713978,262.358,126.43,4.3,158542.0,4.33,22019.9,727727.0,1420.0,0.43,5055388.53,4.5,67.21086883544922,260.491,258.392,0.7167234184674465,1.9574772366032889,4.33,4.33,0.0,-18.761726078799246,21938.7,21775.5,0.37012220414154307,4.387420358009719,4.1,4.2,4.878048780487809,2.3809523809523725,158478.0,158485.0,0.04038415426745878,0.503334432132263
2025-08-31,323.291,0.3482644202266627,2.9385917430316155,322.169,321.435,320.62,319.679,314.062,322.29833333333335,319.22808333333336,2.6420408591706477,262.11,126.714,4.3,158472.0,4.33,22086.8,731700.0,1291.0,0.64,5056229.64,4.4,64.01904787336078,262.358,258.678,-0.09452732525785379,2.60194235564446,4.33,4.33,0.0,-18.761726078799246,22019.9,21833.8,0.3038160936243983,4.252848606141857,4.3,4.3,0.0,2.3809523809523725,158542.0,158498.0,-0.04415233818167996,0.45322869983581704
2025-09-30,324.245,0.2950901819104068,3.0225715847133294,323.291,322.169,321.435,319.785,314.732,323.23499999999996,320.0208333333333,2.597156411203319,262.054,126.954,4.4,158548.0,4.22,22169.8,732192.0,1328.0,0.56,5071499.16,4.3,63.53380911690848,262.11,260.491,-0.021365075731583083,3.709009743472036,4.33,4.33,-2.5404157043879994,-17.738791423001953,22086.8,21938.7,0.37579006465400244,4.237232351917863,4.3,4.1,2.3255813953488413,7.317073170731736,158472.0,158478.0,0.047957998889391895,0.4027559653477786
2025-10-31,324.245,0.0,2.729136238202212,324.245,323.291,322.169,320.302,315.631,323.92699999999996,320.7386666666667,2.4603578207392314,260.591,127.245,4.4,158408.0,4.09,22250.4,731051.0,1272.0,0.51,5078804.19,4.0,60.06956531690515,262.054,262.358,-0.5582818808337109,2.967429400073507,4.22,4.33,-3.08056872037914,-15.320910973084889,22169.8,22019.9,0.3635576324549694,4.31015892363229,4.4,4.3,0.0,7.317073170731736,158548.0,158542.0,-0.08830133461159573,0.29314001709455084
2025-11-30,325.063,0.2522783697512576,2.6964439164939513,324.245,324.245,323.291,320.62,316.528,324.5176666666667,321.44991666666664,2.364252580661308,261.579,127.473,4.5,158449.0,3.88,22296.5,734718.0,1324.0,0.55,5081425.71,4.0,59.47947391710783,260.591,262.11,0.379138189730277,3.304753742925848,4.09,4.33,-5.134474327628357,-16.37931034482758,22250.4,22086.8,0.20718728652069363,3.938633948050496,4.4,4.3,2.2727272727272707,7.14285714285714,158408.0,158472.0,0.025882531185295043,0.23406018509732895
2025-12-31,326.031,0.297788428704604,2.653304114557753,325.063,324.245,324.245,321.435,317.604,325.113,322.1521666666667,2.369579588081948,261.02,127.929,4.4,158432.0,3.72,22386.9,734717.0,1387.0,0.71,5106629.68,4.0,57.866363525390625,261.579,262.054,-0.21370217028126026,2.9977547420715567,3.88,4.22,-4.123711340206182,-16.964285714285722,22296.5,22169.8,0.405444800753485,4.19635750955305,4.5,4.4,-2.2222222222222143,7.317073170731736,158449.0,158548.0,-0.010729004285292554,0.07327117916067216
2026-01-31,326.588,0.170842649932057,2.391201432150014,326.031,325.063,324.245,322.169,318.961,325.894,322.78775,2.4570762420208263,262.39,128.394,4.3,158592.0,3.64,22469.1,733955.0,1487.0,0.74,5114679.44,4.5,60.25949974060059,261.02,260.591,0.5248639950961698,1.9544606776499718,3.72,4.09,-2.1505376344086002,-15.935334872979212,22386.9,22250.4,0.36717901987322055,4.276578366036121,4.4,4.4,-2.272727272727282,7.499999999999996,158432.0,158408.0,0.10098969905070199,0.2047160512548274
2026-02-28,327.46,0.26700307420970404,2.4340041103732224,326.588,326.031,325.063,323.291,319.679,326.693,323.4361666666667,2.5854439335142496,267.848,128.394,4.4,158459.0,3.64,22667.3,738366.0,1487.0,0.59,5114679.44,4.5,64.52315722013775,262.39,261.579,2.080109760280502,3.217751196541019,3.64,3.88,0.0,-15.935334872979212,22469.1,22296.5,0.8821003066433519,4.877112135176653,4.3,4.5,2.3255813953488413,4.761904761904767,158592.0,158449.0,-0.0838629943502811,0.09411913334596012
2026-03-31,327.46,0.0,2.400050033616319,327.46,326.588,326.031,324.245,319.785,327.1693333333333,324.07575,2.5491734533897277,267.848,128.394,4.3,158637.0,3.64,22667.3,738366.0,1487.0,0.51,5114679.44,4.5,90.99727249145508,267.848,261.02,0.0,3.606227637559245,3.64,3.72,0.0,-15.935334872979212,22667.3,22386.9,0.0,4.488902205729817,4.4,4.4,-2.272727272727282,2.3809523809523725,158459.0,158432.0,0.11233189657893217,0.1641652512675451
2026-04-30,327.46,0.0,2.2347659396444453,327.46,327.46,326.588,324.245,320.302,327.46,324.67225,2.420055413530414,267.848,128.394,4.3,158637.0,3.64,22667.3,738366.0,1487.0,0.51,5114679.44,4.5,106.09000015258789,267.848,262.39,0.0,3.6595560234063074,3.64,3.64,0.0,-15.935334872979212,22667.3,22469.1,0.0,4.095428348373176,4.3,4.3,0.0,2.3809523809523725,158637.0,158592.0,0.0,0.09590813010695864
