,IndProd,IndProd_MoM,IndProd_YoY,IndProd_lag1,IndProd_lag2,IndProd_lag3,IndProd_lag6,IndProd_lag12,IndProd_ma3,IndProd_ma12,IndProd_std12,PPI,PCE_core,Unemployment,NFP,FedFunds,M2,RetailSales,HousingStarts,T10Y2Y,CredCardDebt,Savings_Rate,WTI_oil,PPI_lag1,PPI_lag3,PPI_MoM,PPI_YoY,FedFunds_lag1,FedFunds_lag3,FedFunds_MoM,FedFunds_YoY,M2_lag1,M2_lag3,M2_MoM,M2_YoY,Unemployment_lag1,Unemployment_lag3,Unemployment_MoM,Unemployment_YoY,NFP_lag1,NFP_lag3,NFP_MoM,NFP_YoY
2010-01-31,89.3426,,,,,,,,,,,181.9,89.368,9.8,129802.0,0.11,8477.7,339093.0,614.0,2.81,2543508.02,5.6,78.40263165925678,,,,,,,,,,,,,,,,,,,,
2010-02-28,89.6779,0.3752968908449006,,89.3426,,,,,,,,181.0,89.446,9.8,129706.0,0.13,8527.3,339580.0,604.0,2.8,2530024.28,5.3,76.45263190018504,181.9,,-0.4947773501924213,,0.11,,18.181818181818187,,8477.7,,0.5850643452823157,,9.8,,0.0,,129802.0,,-0.07395879878584477,
2010-03-31,90.2928,0.6856761810881018,,89.6779,89.3426,,,,89.7711,,,183.3,89.579,9.9,129866.0,0.16,8523.5,346974.0,636.0,2.82,2536551.95,5.3,81.28999992038892,181.0,,1.27071823204421,,0.13,,23.076923076923084,,8527.3,,-0.04456275726195669,,9.8,,1.0204081632652962,,129706.0,,0.1233558971828641,
2010-04-30,90.5991,0.3392297060230698,,90.2928,89.6779,89.3426,,,90.18993333333333,,,184.4,89.625,9.9,130120.0,0.2,8554.8,349869.0,687.0,2.72,2532764.79,6.0,84.57523745582218,183.3,181.9,0.6001091107474155,,0.16,0.11,25.0,,8523.5,8477.7,0.3672200387164759,,9.9,9.8,0.0,,129866.0,129802.0,0.19558621964177458,
2010-05-31,91.823,1.3508964217083586,,90.5991,90.2928,89.6779,,,90.90496666666667,,,184.8,89.724,9.6,130642.0,0.2,8609.0,346858.0,583.0,2.55,2521687.94,6.4,74.11750144958496,184.4,181.0,0.2169197396963085,,0.2,0.13,0.0,,8554.8,8527.3,0.6335624444756327,,9.9,9.8,-3.0303030303030387,,130120.0,129706.0,0.4011681524746402,
2010-06-30,91.9928,0.18492098929463463,,91.823,90.5991,90.2928,,,91.47163333333333,,,183.5,89.767,9.4,130510.0,0.18,8628.1,346516.0,536.0,2.36,2518416.41,6.2,75.40454587069425,184.8,183.3,-0.703463203463206,,0.2,0.16,-10.000000000000009,,8609.0,8523.5,0.22186084330353406,,9.6,9.9,-2.083333333333326,,130642.0,129866.0,-0.10103948194302159,
2010-07-31,92.3421,0.37970362897965515,,91.9928,91.823,90.5991,89.3426,,92.05263333333333,,,184.1,89.769,9.4,130415.0,0.18,8639.5,347612.0,546.0,2.39,2521104.8,6.1,76.38285754975819,183.5,184.4,0.3269754768392419,,0.18,0.2,0.0,,8628.1,8554.8,0.13212642412581133,,9.4,9.9,0.0,,130510.0,130120.0,-0.07279135698413652,
2010-08-31,92.6805,0.3664634007673584,,92.3421,91.9928,91.823,89.6779,,92.33846666666666,,,184.9,89.855,9.5,130415.0,0.19,8687.9,349188.0,599.0,2.0,2520422.13,6.2,76.66681705821644,184.1,184.8,0.4345464421510181,,0.18,0.2,5.555555555555558,,8639.5,8609.0,0.5602176051854757,,9.4,9.6,1.0638297872340496,,130415.0,130642.0,0.0,
2010-09-30,92.9537,0.2947761395331261,,92.6805,92.3421,91.9928,90.2928,,92.65876666666668,,,184.9,89.906,9.5,130341.0,0.19,8718.7,352179.0,594.0,2.11,2522094.23,6.1,75.54857090541294,184.9,183.5,0.0,,0.19,0.18,0.0,,8687.9,8628.1,0.3545160510595391,,9.5,9.4,0.0,,130415.0,130510.0,-0.056741939194115965,
2010-10-31,92.6903,-0.2833668805007239,,92.9537,92.6805,92.3421,90.5991,,92.77483333333333,,,186.6,90.043,9.4,130620.0,0.19,8768.4,356215.0,543.0,2.29,2530106.0,5.9,81.97476232619513,184.9,184.1,0.9194159004867419,,0.19,0.18,0.0,,8718.7,8639.5,0.5700391113353964,,9.5,9.4,-1.0526315789473606,,130341.0,130415.0,0.2140539047575274,
2010-11-30,92.7709,0.08695624029699811,,92.6903,92.9537,92.6805,91.823,,92.80496666666666,,,187.7,90.16,9.8,130749.0,0.19,8789.0,359450.0,545.0,2.36,2531232.26,5.8,84.31476157052177,186.6,184.9,0.5894962486602262,,0.19,0.19,0.0,,8768.4,8687.9,0.23493453765794925,,9.4,9.5,4.255319148936176,,130620.0,130415.0,0.09875976113917773,
2010-12-31,93.6787,0.9785396067085728,,92.7709,92.6903,92.9537,91.9928,,93.04663333333333,91.73703333333333,1.4113510608525732,189.7,90.179,9.3,130830.0,0.18,8823.2,361979.0,539.0,2.69,2646811.26,6.2,89.23318169333719,187.7,184.9,1.0655301012253648,,0.19,0.19,-5.263157894736848,,8789.0,8718.7,0.3891227670952402,,9.8,9.5,-5.102040816326525,,130749.0,130341.0,0.06195076061767946,
2011-01-31,93.4814,-0.21061351192962485,4.632504538708293,93.6787,92.7709,92.6903,92.3421,89.3426,93.31033333333335,92.08193333333334,1.2718298180419396,192.7,90.372,9.1,130837.0,0.17,8849.0,364394.0,630.0,2.84,2657360.1,6.6,89.57850036621093,189.7,186.6,1.5814443858724214,5.937328202308945,0.18,0.19,-5.5555555555555465,54.54545454545456,8823.2,8768.4,0.2924109166742239,4.379725633131626,9.3,9.4,-2.1505376344086113,-7.142857142857151,130830.0,130620.0,0.005350454788666248,0.7973682994098619
2011-02-28,93.1102,-0.3970843397723911,3.827364378514675,93.4814,93.6787,92.7709,92.6805,89.6779,93.42343333333334,92.36795833333333,1.048344773664504,195.8,90.53,9.0,131057.0,0.16,8913.3,367475.0,517.0,2.73,2663779.92,6.9,89.7431576377467,192.7,187.7,1.6087182148417423,8.176795580110507,0.17,0.19,-5.882352941176472,23.076923076923084,8849.0,8789.0,0.7266357780540078,4.52663797450541,9.1,9.8,-1.098901098901095,-8.163265306122458,130837.0,130749.0,0.1681481538096996,1.041586356837776
2011-03-31,94.0788,1.040272709112422,4.193025357503588,93.1102,93.4814,93.6787,92.9537,90.2928,93.55680000000001,92.68345833333332,0.9300786139386514,199.2,90.667,9.0,131283.0,0.14,8971.5,370775.0,600.0,2.67,2672031.38,6.3,102.98130466627038,195.8,189.7,1.7364657814095796,8.674304418985269,0.16,0.18,-12.49999999999999,-12.49999999999999,8913.3,8823.2,0.6529568173403888,5.256056784184904,9.0,9.3,0.0,-9.090909090909093,131057.0,130830.0,0.17244405106175975,1.0911246977653999
2011-04-30,93.7749,-0.3230270794270296,3.505332834432129,94.0788,93.1102,93.4814,92.6903,90.5991,93.65463333333334,92.94810833333332,0.708502151736419,203.1,90.875,9.1,131597.0,0.1,9035.1,372820.0,554.0,2.71,2679950.15,6.3,110.03850059509277,199.2,192.7,1.957831325301207,10.1409978308026,0.14,0.17,-28.57142857142857,-50.0,8971.5,8849.0,0.7089115532519674,5.6143919203254455,9.0,9.1,1.1111111111111072,-8.080808080808088,131283.0,130837.0,0.23917795906553962,1.135106055948354
2011-05-31,93.888,0.1206079665240889,2.248891889831528,93.7749,94.0788,93.1102,92.7709,91.823,93.9139,93.12019166666666,0.6594697449236621,204.1,91.091,9.0,131703.0,0.09,9107.8,372505.0,561.0,2.6,2683973.45,6.3,101.3566665649414,203.1,195.8,0.492368291482026,10.443722943722932,0.1,0.16,-10.000000000000009,-55.00000000000001,9035.1,8913.3,0.8046396830140079,5.793936577999759,9.1,9.0,-1.098901098901095,-6.25,131597.0,131057.0,0.08054894868423368,0.8121431086480557
2011-06-30,94.172,0.30248807089297003,2.3688810428642126,93.888,93.7749,94.0788,93.6787,91.9928,93.94496666666667,93.30179166666666,0.619636980905789,203.9,91.191,9.1,131931.0,0.09,9182.1,375587.0,608.0,2.73,2693088.33,6.5,96.28863664106889,204.1,199.2,-0.09799118079372171,11.11716621253407,0.09,0.14,0.0,-50.0,9107.8,8971.5,0.8157842728211184,6.420880611026769,9.0,9.0,1.1111111111111072,-3.191489361702138,131703.0,131283.0,0.1731167854946314,1.0888054555206583
2011-07-31,94.636,0.492715456823678,2.484132372991299,94.172,93.888,93.7749,93.4814,92.3421,94.23199999999999,93.49295,0.649759084724328,204.6,91.326,9.0,131992.0,0.07,9344.2,375442.0,623.0,2.46,2717525.97,6.7,97.34049987792969,203.9,203.1,0.343305541932315,11.135252580119491,0.09,0.1,-22.22222222222221,-61.11111111111111,9182.1,9035.1,1.7653913592751147,8.156722032525042,9.1,9.1,-1.098901098901095,-4.255319148936176,131931.0,131597.0,0.04623629018198905,1.2092167312042434
2011-08-31,95.2749,0.6751130647956405,2.7992943499441703,94.636,94.172,93.888,93.1102,92.6805,94.6943,93.70915000000001,0.7745037748602009,203.2,91.508,9.0,132125.0,0.1,9531.0,375860.0,585.0,2.03,2709151.87,6.7,86.34086973770805,204.6,204.1,-0.6842619745845546,9.897241752298536,0.07,0.09,42.85714285714286,-47.36842105263158,9344.2,9107.8,1.9991010466385406,9.704301384684456,9.0,9.0,0.0,-5.263157894736848,131992.0,131703.0,0.10076368264744229,1.3111988651612227
2011-09-30,95.1961,-0.08270803747891797,2.4123837996766095,95.2749,94.636,94.172,94.0788,92.9537,95.03566666666666,93.89601666666665,0.8431382317738648,203.7,91.57,9.0,132344.0,0.08,9551.5,380042.0,650.0,1.67,2720060.44,6.4,85.60999915713356,203.2,203.9,0.24606299212599492,10.167658193618156,0.1,0.09,-20.000000000000007,-57.89473684210527,9531.0,9182.1,0.2150876088553133,9.551882734811379,9.0,9.1,0.0,-5.263157894736848,132125.0,131931.0,0.16575212866603017,1.53673824813374
2011-10-31,95.8568,0.6940410373954542,3.4162150732061747,95.1961,95.2749,94.636,93.7749,92.6903,95.44260000000001,94.15989166666667,0.9231891990252796,201.1,91.614,8.8,132553.0,0.07,9584.4,382207.0,610.0,1.92,2727962.54,6.3,86.42809513636998,203.7,204.6,-1.2763868433971481,7.770632368703101,0.08,0.07,-12.49999999999999,-63.1578947368421,9551.5,9344.2,0.3444485159399102,9.306144792664561,9.0,9.0,-2.2222222222222143,-6.382978723404253,132344.0,131992.0,0.15792177960467502,1.4798652580003013
2011-11-30,95.8485,-0.008658749301049262,3.3174195787687877,95.8568,95.1961,95.2749,93.888,92.7709,95.63380000000001,94.41635833333333,0.9297047287453548,201.4,91.808,8.6,132690.0,0.08,9636.5,383422.0,711.0,1.83,2746799.26,6.4,97.16285705566406,201.1,203.2,0.1491795126802753,7.298881193393725,0.07,0.1,14.28571428571428,-57.89473684210527,9584.4,9531.0,0.5435916697967613,9.642735237228361,8.8,9.0,-2.272727272727282,-12.244897959183687,132553.0,132125.0,0.10335488446131524,1.4845237822086688
2011-12-31,96.3571,0.5306290656609036,2.859134467066693,95.8485,95.8568,95.1961,94.172,93.6787,96.02080000000001,94.63955833333334,1.050211200800979,199.8,91.96,8.5,132888.0,0.07,9683.9,383985.0,694.0,1.64,2756224.85,7.2,98.57571338471912,201.4,203.7,-0.7944389275074459,5.324196099103862,0.08,0.08,-12.49999999999999,-61.11111111111111,9636.5,9551.5,0.49187983188916373,9.754964185329573,8.6,9.0,-1.1627906976744096,-8.602150537634412,132690.0,132344.0,0.1492199864345567,1.573033707865168
2012-01-31,96.9318,0.596427248225595,3.6910016324102957,96.3571,95.8485,95.8568,94.636,93.4814,96.37913333333334,94.92709166666667,1.1698218725774236,200.7,92.235,8.3,133246.0,0.08,9757.6,387531.0,723.0,1.61,2770124.65,7.4,100.31849899291993,199.8,201.1,0.45045045045044585,4.1515308770109005,0.07,0.07,14.28571428571428,-52.94117647058824,9683.9,9584.4,0.7610570121542093,10.267826873093,8.5,8.8,-2.35294117647058,-8.791208791208781,132888.0,132553.0,0.2693997953163496,1.8412222842162373
2012-02-29,97.2435,0.32156629712849494,4.439148449901298,96.9318,96.3571,95.8485,95.2749,93.1102,96.84413333333333,95.27153333333335,1.1944678102388955,201.6,92.364,8.3,133509.0,0.1,9809.8,392310.0,704.0,1.68,2777643.62,7.3,102.26249961853027,200.7,201.4,0.4484304932735439,2.962206332992845,0.08,0.08,25.0,-37.5,9757.6,9636.5,0.5349676149872806,10.058003208688149,8.3,8.6,0.0,-7.777777777777772,133246.0,132690.0,0.19737928343064315,1.8709416513425392
2012-03-31,96.74,-0.5177723960984593,2.8286925428470555,97.2435,96.9318,96.3571,95.1961,94.0788,96.97176666666667,95.49330000000002,1.1999205632798118,204.2,92.521,8.2,133748.0,0.13,9853.9,393698.0,695.0,1.9,2791565.95,7.6,106.20499940352006,201.6,199.8,1.289682539682535,2.5100401606425793,0.1,0.07,30.000000000000004,-7.142857142857151,9809.8,9683.9,0.4495504495504621,9.835590480967493,8.3,8.5,-1.2048192771084487,-8.888888888888902,133509.0,132888.0,0.17901414885888034,1.8776231499889606
2012-04-30,97.4359,0.7193508372958624,3.9040297563633697,96.74,97.2435,96.9318,95.8568,93.7749,97.1398,95.79838333333333,1.1886504592361593,203.7,92.661,8.2,133825.0,0.14,9907.7,392073.0,753.0,1.68,2802317.58,7.9,103.34600028991699,204.2,200.7,-0.24485798237022793,0.2954209748892156,0.13,0.08,7.692307692307709,40.000000000000014,9853.9,9757.6,0.5459767198774168,9.657889785392527,8.2,8.3,0.0,-9.8901098901099,133748.0,133246.0,0.0575709543320313,1.693047713853657
2012-05-31,97.6609,0.23092104655471068,4.0185114178595605,97.4359,96.74,97.2435,95.8485,93.888,97.27893333333333,96.11279166666667,1.1351796697665983,201.9,92.755,8.2,133932.0,0.16,9951.4,391376.0,708.0,1.32,2817982.27,7.9,94.7159097844904,203.7,201.6,-0.8836524300441795,-1.0779029887310054,0.14,0.1,14.28571428571428,77.77777777777779,9907.7,9809.8,0.4410710861249223,9.262390478490978,8.2,8.3,0.0,-8.888888888888902,133825.0,133509.0,0.07995516532786073,1.6924443634541264
2012-06-30,97.6663,0.005529336715115463,3.7105509068513065,97.6609,97.4359,96.74,96.3571,94.172,97.5877,96.40398333333333,1.0359083197704169,199.8,92.85,8.2,134013.0,0.16,10021.6,387901.0,757.0,1.34,2829850.8,7.9,82.40523819696335,201.9,204.2,-1.0401188707280795,-2.0107896027464434,0.16,0.13,0.0,77.77777777777779,9951.4,9853.9,0.7054283819362128,9.142788686683879,8.2,8.2,0.0,-9.8901098901099,133932.0,133748.0,0.060478451751633244,1.5780976419492054
2012-07-31,97.8713,0.2098983989359704,3.418677881567289,97.6663,97.6609,97.4359,96.9318,94.636,97.73283333333332,96.67359166666667,0.9515134265123059,200.1,92.946,8.2,134157.0,0.16,10074.5,389686.0,740.0,1.28,2840049.63,7.0,87.93142881847564,199.8,203.7,0.15015015015014122,-2.1994134897360684,0.16,0.14,0.0,128.57142857142856,10021.6,9907.7,0.5278598227827835,7.815543331692387,8.2,8.2,0.0,-8.888888888888902,134013.0,133825.0,0.10745226209396552,1.6402509242984475
2012-08-31,97.4525,-0.42790889668371523,2.285596731143258,97.8713,97.6663,97.6609,97.2435,95.2749,97.66336666666668,96.85505833333333,0.8641524386338402,202.7,93.005,8.1,134339.0,0.13,10145.6,394524.0,754.0,1.35,2857102.48,6.7,94.16087009595788,200.1,201.9,1.2993503248375893,-0.24606299212598381,0.16,0.16,-18.75,30.000000000000004,10074.5,9951.4,0.7057422204575836,6.448431434267121,8.2,8.2,-1.2195121951219523,-10.000000000000009,134157.0,133932.0,0.1356619483142918,1.6756859035004679
2012-09-30,97.381,-0.07336907724275754,2.2951570495009843,97.4525,97.8713,97.6663,96.74,95.1961,97.56826666666666,97.03713333333333,0.6968115714168595,204.4,93.119,7.8,134517.0,0.14,10226.1,397681.0,847.0,1.42,2865789.74,7.2,94.5584218878495,202.7,199.8,0.8386778490379942,0.3436426116838476,0.13,0.16,7.692307692307709,75.00000000000003,10145.6,10021.6,0.7934474057719632,7.062765010731309,8.1,8.2,-3.703703703703698,-13.33333333333333,134339.0,134013.0,0.13250061411802516,1.6419331439279539
2012-10-31,97.7193,0.3473983631303801,1.9430024786973865,97.381,97.4525,97.8713,97.4359,95.8568,97.5176,97.19234166666666,0.6123055601698941,203.5,93.345,7.8,134669.0,0.16,10292.4,397494.0,915.0,1.42,2881779.34,7.8,89.9480954124814,204.4,200.1,-0.44031311154598685,1.1934361014420691,0.14,0.16,14.28571428571428,128.57142857142856,10226.1,10074.5,0.6483410097691156,7.38700388130713,7.8,8.2,0.0,-11.363636363636376,134517.0,134157.0,0.11299687028405447,1.5963425950374477
2012-11-30,98.0777,0.3667648049054728,2.3257536633332743,97.7193,97.381,97.4525,97.6609,95.8485,97.726,97.37810833333333,0.49432571054504043,201.8,93.445,7.7,134825.0,0.16,10361.9,399708.0,833.0,1.37,2903346.97,8.7,86.73238009498233,203.5,202.7,-0.8353808353808279,0.19860973187686426,0.16,0.13,0.0,100.0,10292.4,10145.6,0.6752555283510153,7.527629326000107,7.8,8.1,-1.2820512820512775,-10.465116279069765,134669.0,134339.0,0.11583957703702463,1.6090134900896835
2012-12-31,98.3101,0.2369549856899411,2.0268355938483085,98.0777,97.7193,97.381,97.6663,96.3571,98.0357,97.54085833333333,0.4468309309270355,201.5,93.514,7.9,135074.0,0.16,10484.1,401093.0,976.0,1.53,2912905.02,10.9,88.24550018310546,201.8,204.4,-0.14866204162538033,0.8508508508508372,0.16,0.14,0.0,128.57142857142856,10361.9,10226.1,1.1793203949082676,8.263199743904837,7.7,7.8,2.5974025974025983,-7.058823529411762,134825.0,134517.0,0.1846838494344416,1.6449942808981932
2013-01-31,98.3342,0.024514266591113554,1.4467904237824847,98.3101,98.0777,97.7193,97.8713,96.9318,98.24066666666666,97.65772499999999,0.4563473380598653,202.5,93.703,8.0,135257.0,0.14,10508.1,404434.0,888.0,1.75,2931381.51,4.9,94.82857077462333,201.5,203.5,0.496277915632759,0.8968609865470878,0.16,0.16,-12.49999999999999,75.00000000000003,10484.1,10292.4,0.22891807594356273,7.6914405181601975,7.9,7.8,1.2658227848101111,-3.614457831325313,135074.0,134669.0,0.13548129173637236,1.5092385512510686
2013-02-28,98.7941,0.46769079323369933,1.5945538776370727,98.3342,98.3101,98.0777,97.4525,97.2435,98.47946666666667,97.78694166666666,0.5402174855946414,204.3,93.805,7.7,135546.0,0.15,10527.5,409118.0,962.0,1.64,2953480.76,4.7,95.32157897949219,202.5,201.8,0.8888888888888946,1.3392857142857206,0.14,0.16,7.14285714285714,49.99999999999998,10508.1,10361.9,0.18461948401709005,7.316153234520595,8.0,7.7,-3.749999999999998,-7.2289156626506035,135257.0,134825.0,0.21366731481549106,1.52573983776374
2013-03-31,99.1921,0.40285806541078273,2.534732272069462,98.7941,98.3342,98.3101,97.381,96.74,98.77346666666665,97.99128333333333,0.5710835901770034,204.0,93.891,7.5,135689.0,0.14,10583.8,406223.0,1010.0,1.62,2963147.07,4.8,92.95699920654297,204.3,201.5,-0.1468428781204123,-0.09794319294808007,0.15,0.16,-6.666666666666654,7.692307692307709,10527.5,10484.1,0.5347898361434344,7.407219476552429,7.7,7.9,-2.5974025974025983,-8.536585365853655,135546.0,135074.0,0.10549924011036271,1.4512366540060384
2013-04-30,99.1065,-0.08629719503872035,1.7145631127746475,99.1921,98.7941,98.3342,97.7193,97.4359,99.03089999999999,98.1305,0.6245131441951223,203.5,93.937,7.6,135873.0,0.15,10611.3,404231.0,835.0,1.48,2972772.62,5.1,92.06772752241655,204.0,202.5,-0.2450980392156854,-0.09818360333824216,0.14,0.14,7.14285714285714,7.14285714285714,10583.8,10508.1,0.25983106256732835,7.101547281407372,7.5,8.0,1.3333333333333197,-7.317073170731703,135689.0,135257.0,0.1356042125743473,1.5303568092658315
2013-05-31,99.1839,0.07809780387764143,1.5594777439077445,99.1065,99.1921,98.7941,98.0777,97.6609,99.16083333333331,98.25741666666669,0.6732564455799103,204.1,94.047,7.5,136096.0,0.11,10646.1,406677.0,930.0,1.86,2988661.4,5.3,94.79954598166726,203.5,204.3,0.29484029484028174,1.08964834076275,0.15,0.15,-26.66666666666666,-31.25,10611.3,10527.5,0.32795227728932286,6.980927306710627,7.6,7.7,-1.3157894736842035,-8.536585365853655,135873.0,135546.0,0.16412385094903836,1.6157453035869018
2013-06-30,99.3897,0.20749335325593865,1.7645800035426706,99.1839,99.1065,99.1921,98.3101,97.6663,99.2267,98.40103333333333,0.7180247100498435,204.3,94.209,7.5,136279.0,0.09,10703.3,407921.0,839.0,2.16,3000936.05,5.4,95.80049934387208,204.1,204.0,0.09799118079374391,2.2522522522522515,0.11,0.14,-18.181818181818187,-43.75,10646.1,10583.8,0.5372859544809705,6.802307016843612,7.5,7.5,0.0,-8.536585365853655,136096.0,135689.0,0.1344639078297627,1.690880735451028
2013-07-31,99.0814,-0.31019310854143445,1.2364196654177428,99.3897,99.1839,99.1065,98.3342,97.8713,99.21833333333335,98.501875,0.7218289411120941,204.4,94.329,7.3,136391.0,0.09,10742.8,410268.0,880.0,2.29,3014697.69,5.2,104.698636488481,204.3,203.5,0.04894762604013003,2.148925537231383,0.09,0.15,0.0,-43.75,10703.3,10611.3,0.3690450608690776,6.633579830264513,7.5,7.6,-2.6666666666666727,-10.97560975609756,136279.0,135873.0,0.08218434241518136,1.6652131457918662
2013-08-31,99.6543,0.5782114503832148,2.2593571227008002,99.0814,99.3897,99.1839,98.7941,97.4525,99.37513333333334,98.68535833333333,0.7105893270674389,204.2,94.431,7.2,136646.0,0.08,10801.2,409691.0,917.0,2.39,3030269.0,5.2,106.53909128362483,204.4,204.1,-0.09784735812133905,0.7400098667982302,0.09,0.11,-11.111111111111105,-38.46153846153846,10742.8,10646.1,0.5436199128718844,6.46191452452296,7.3,7.5,-1.3698630136986245,-11.111111111111105,136391.0,136096.0,0.1869624828617633,1.7172972852261825
2013-09-30,100.161,0.5084577384016464,2.854766330187619,99.6543,99.0814,99.3897,99.1921,97.381,99.63223333333333,98.91702500000001,0.6997690165980757,203.9,94.543,7.2,136821.0,0.08,10862.0,410044.0,850.0,2.31,3045861.58,5.3,106.23549957275391,204.2,204.3,-0.14691478942212566,-0.24461839530333096,0.08,0.09,0.0,-42.85714285714286,10801.2,10703.3,0.5629004184720232,6.218401932310447,7.2,7.5,0.0,-7.692307692307687,136646.0,136279.0,0.12806814689050317,1.7127946653582748
2013-10-31,100.082,-0.07887301444674533,2.4178437626957816,100.161,99.6543,99.0814,99.1065,97.7193,99.96576666666665,99.11391666666667,0.663590034767062,202.5,94.703,7.2,137041.0,0.09,10986.3,411399.0,925.0,2.26,3063380.14,4.7,100.55260799242103,203.9,204.4,-0.6866110838646411,-0.49140049140049546,0.08,0.09,12.5,-43.75,10862.0,10742.8,1.1443564721045796,6.741867785939126,7.2,7.3,0.0,-7.692307692307687,136821.0,136391.0,0.1607940301561861,1.7613556200758884
2013-11-30,100.3158,0.23360844107831458,2.281966236973343,100.082,100.161,99.6543,99.1839,98.0777,100.18626666666667,99.300425,0.660387168980645,201.2,94.86,6.9,137317.0,0.08,10995.6,412561.0,1100.0,2.47,3075875.88,4.5,93.9314998626709,202.5,204.2,-0.6419753086419844,-0.29732408325074955,0.09,0.08,-11.111111111111105,-50.0,10986.3,10801.2,0.08465088337292759,6.115673766394192,7.2,7.2,-4.1666666666666625,-10.389610389610382,137041.0,136646.0,0.20139958114724354,1.8483218987576544
2013-12-31,100.5175,0.20106503661436737,2.245344069429267,100.3158,100.082,100.161,99.3897,98.3101,100.3051,99.484375,0.6668583100491059,202.0,94.961,6.7,137372.0,0.09,11060.1,414812.0,1002.0,2.66,3090467.79,4.5,97.89428601946149,201.2,203.9,0.3976143141153132,0.2481389578163684,0.08,0.08,12.5,-43.75,10995.6,10862.0,0.5865982756739108,5.4940338226457275,6.9,7.2,-2.898550724637683,-15.189873417721522,137317.0,136821.0,0.04005330731082779,1.701289663443739
2014-01-31,100.1599,-0.35575894744697134,1.8566277042981971,100.5175,100.3158,100.082,99.0814,98.3342,100.33106666666667,99.63651666666668,0.5836691557150057,203.8,95.064,6.6,137561.0,0.07,11130.8,411561.0,888.0,2.33,3113002.96,5.2,94.85666729155041,202.0,202.5,0.8910891089108919,0.6419753086419844,0.09,0.09,-22.22222222222221,-50.0,11060.1,10986.3,0.6392347266299447,5.925904778218705,6.7,7.2,-1.4925373134328401,-17.500000000000004,137372.0,137041.0,0.13758262236844843,1.703423852369923
2014-02-28,100.9168,0.7556916490531584,2.148610089064018,100.1599,100.5175,100.3158,99.6543,98.7941,100.5314,99.81340833333333,0.6253245084218857,205.7,95.109,6.7,137712.0,0.07,11196.8,416736.0,944.0,2.33,3133891.8,5.3,100.67526245117188,203.8,201.2,0.9322865554465043,0.6852667645619093,0.07,0.08,0.0,-53.33333333333332,11130.8,10995.6,0.592949293851297,6.3576347660888155,6.6,6.9,1.5151515151515138,-12.987012987012992,137561.0,137317.0,0.1097694840834329,1.5979814970563444
2014-03-31,101.8942,0.9685206031106786,2.724108069090181,100.9168,100.1599,100.5175,100.161,99.1921,100.99029999999999,100.03858333333334,0.8332064404599815,207.0,95.25,6.7,137985.0,0.08,11232.6,421230.0,970.0,2.29,3150697.02,5.2,100.50904737200055,205.7,202.0,0.6319883325230924,1.4705882352941124,0.07,0.09,14.28571428571428,-42.85714285714286,11196.8,11060.1,0.31973420977422506,6.130123396133724,6.7,6.7,0.0,-10.666666666666668,137712.0,137372.0,0.1982398048100409,1.6921047395146216
2014-04-30,101.9928,0.0967670387519659,2.9123215934373725,101.8942,100.9168,100.1599,100.082,99.1065,101.60126666666667,100.27910833333333,0.9483247827407933,208.3,95.413,6.2,138298.0,0.09,11277.7,425546.0,1043.0,2.25,3173234.63,5.4,102.03476206461589,207.0,203.8,0.6280193236715137,2.358722358722365,0.08,0.07,12.5,-40.0,11232.6,11130.8,0.40150989085341315,6.28009763176991,6.7,6.6,-7.462686567164178,-18.421052631578938,137985.0,137561.0,0.2268362503170529,1.7847548813965997
2014-05-31,102.3836,0.3831643017938591,3.226027611336124,101.9928,101.8942,100.9168,100.3158,99.1839,102.0902,100.54575,1.0560969897779124,208.0,95.574,6.3,138513.0,0.09,11342.8,426253.0,1007.0,2.11,3192546.34,5.6,101.79476165771484,208.3,205.7,-0.1440230436869916,1.9108280254777066,0.09,0.07,0.0,-18.181818181818187,11277.7,11196.8,0.5772453603128058,6.544180498022745,6.2,6.7,1.6129032258064502,-16.000000000000004,138298.0,137712.0,0.15546139495872247,1.7759522689865914
2014-06-30,102.735,0.3432190311729588,3.365841732090935,102.3836,101.9928,101.8942,100.5175,99.3897,102.37046666666667,100.824525,1.159644433063933,208.3,95.682,6.1,138849.0,0.1,11398.1,427305.0,911.0,2.06,3209899.68,5.6,105.14666748046875,208.0,207.0,0.14423076923077982,1.95790504160549,0.09,0.08,11.111111111111116,11.111111111111116,11342.8,11232.6,0.4875339422364844,6.491455906122412,6.3,6.7,-3.1746031746031744,-18.666666666666675,138513.0,137985.0,0.24257650906414074,1.8858371429200327
2014-07-31,102.9632,0.22212488441135658,3.9177888079901857,102.735,102.3836,101.9928,100.1599,99.0814,102.69393333333333,101.14800833333334,1.1705583636245345,208.0,95.848,6.2,139072.0,0.09,11453.0,428079.0,1085.0,2.05,3231535.62,5.5,102.3918176130815,208.3,208.3,-0.1440230436869916,1.7612524461839474,0.1,0.09,-10.000000000000009,0.0,11398.1,11277.7,0.48165922390572824,6.610939419890549,6.1,6.2,1.6393442622950838,-15.068493150684926,138849.0,138298.0,0.16060612607939895,1.965672221774173
2014-08-31,102.7688,-0.1888053207359519,3.1253041765382905,102.9632,102.735,102.3836,100.9168,99.6543,102.82233333333333,101.40755,1.154427612203571,207.0,95.885,6.1,139269.0,0.09,11477.3,431379.0,984.0,1.87,3248721.35,5.3,96.07619040352958,208.0,208.0,-0.48076923076922906,1.3712047012732764,0.09,0.09,0.0,12.5,11453.0,11342.8,0.21217148345411552,6.259489686331143,6.2,6.3,-1.6129032258064613,-15.27777777777779,139072.0,138513.0,0.14165324436263838,1.9195585673931204
2014-09-30,103.0641,0.28734401880725624,2.89843352202952,102.7688,102.9632,102.735,101.8942,100.161,102.93203333333332,101.649475,1.17348249250986,206.4,96.013,5.9,139563.0,0.09,11519.1,430189.0,1023.0,1.94,3265101.43,5.5,93.03428540910993,207.0,208.3,-0.28985507246376274,1.2260912211868646,0.09,0.1,0.0,12.5,11477.3,11398.1,0.3641971543830058,6.049530473209352,6.1,6.1,-3.2786885245901565,-18.055555555555557,139269.0,138849.0,0.21110225534757276,2.004078321310332
2014-10-31,103.0764,0.011934320486006733,2.9919466037849007,103.0641,102.7688,102.9632,101.9928,100.082,102.96976666666667,101.89900833333333,1.1273302020568785,203.4,96.096,5.7,139798.0,0.09,11593.1,431903.0,1074.0,1.85,3275438.44,5.4,84.33912924061651,206.4,208.0,-1.4534883720930258,0.4444444444444473,0.09,0.09,0.0,0.0,11519.1,11453.0,0.6424112994938946,5.523242583945476,5.9,6.2,-3.3898305084745783,-20.833333333333336,139563.0,139072.0,0.1683827375450475,2.011806685590445
2014-11-30,103.7126,0.6172120873449094,3.3861066751199598,103.0764,103.0641,102.7688,102.3836,100.3158,103.28436666666668,102.182075,1.1200914119554235,200.9,96.181,5.8,140089.0,0.09,11634.2,433113.0,1001.0,1.71,3283048.38,5.6,75.81000077097039,203.4,207.0,-1.2291052114061007,-0.14910536779323413,0.09,0.09,0.0,12.5,11593.1,11477.3,0.3545212238314166,5.807777656517166,5.7,6.1,1.754385964912264,-15.94202898550725,139798.0,139269.0,0.20815748437030823,2.0186866884653654
2014-12-31,103.7044,-0.00790646459541966,3.170492700276073,103.7126,103.0764,103.0641,102.735,100.5175,103.4978,102.44765000000001,1.066044301910723,197.0,96.249,5.6,140364.0,0.12,11717.6,430110.0,1073.0,1.5,3309539.83,6.0,59.28954488580877,200.9,206.4,-1.9412643106022975,-2.4752475247524774,0.09,0.09,33.33333333333333,33.33333333333333,11634.2,11519.1,0.7168520396761302,5.9447925425629045,5.8,5.9,-3.4482758620689724,-16.417910447761198,140089.0,139563.0,0.19630377831236778,2.1780275456424913
2015-01-31,102.8905,-0.7848268733052777,2.7262407410550527,103.7044,103.7126,103.0764,102.9632,100.1599,103.43583333333333,102.6752,0.7886653294130286,192.0,96.214,5.7,140568.0,0.11,11805.2,428208.0,1085.0,1.21,3319930.47,6.3,47.325500106811525,197.0,203.4,-2.538071065989844,-5.789990186457317,0.12,0.09,-8.333333333333325,57.14285714285714,11717.6,11593.1,0.7475933638287691,6.058863693535077,5.6,5.7,1.7857142857143016,-13.636363636363624,140364.0,139798.0,0.14533641104557127,2.1859393287341655
2015-02-28,102.2335,-0.6385429169845525,1.30473816054415,102.8905,103.7044,103.7126,102.7688,100.9168,102.94279999999999,102.784925,0.5877983917281262,191.1,96.324,5.5,140827.0,0.11,11922.8,427119.0,886.0,1.37,3337844.15,6.4,50.72473646465101,192.0,200.9,-0.46875000000000666,-7.097715119105496,0.11,0.09,0.0,57.14285714285714,11805.2,11634.2,0.9961711788025518,6.483995427264944,5.7,5.8,-3.508771929824561,-17.910447761194035,140568.0,140089.0,0.18425246144215812,2.261967003601728
2015-03-31,101.8914,-0.33462612548724735,-0.0027479483621140055,102.2335,102.8905,103.7044,103.0641,101.8942,102.33846666666666,102.78469166666667,0.5881845481237198,191.5,96.47,5.4,140923.0,0.11,11920.5,433647.0,960.0,1.38,3360575.76,5.9,47.854090603915125,191.1,197.0,0.20931449502878952,-7.487922705314009,0.11,0.12,0.0,37.5,11922.8,11717.6,-0.019290770624347253,6.1241386678062115,5.5,5.6,-1.8181818181818077,-19.402985074626866,140827.0,140364.0,0.06816874605011236,2.1292169438707154
2015-04-30,101.3355,-0.5455808831756226,-0.6444572558062966,101.8914,102.2335,102.8905,103.0764,101.9928,101.82013333333335,102.72991666666667,0.6903643410064858,190.9,96.648,5.4,141196.0,0.12,11954.6,434470.0,1190.0,1.47,3382639.53,5.9,54.62809553600493,191.5,192.0,-0.3133159268929431,-8.353336533845413,0.11,0.11,9.090909090909083,33.33333333333333,11920.5,11805.2,0.2860618262656711,6.002110359381785,5.4,5.7,0.0,-12.903225806451612,140923.0,140568.0,0.19372281316747397,2.095474988792323
2015-05-31,100.8883,-0.44130635364704185,-1.460487812501221,101.3355,101.8914,102.2335,103.7126,102.3836,101.37173333333334,102.60530833333333,0.8701056377436628,193.4,96.766,5.6,141538.0,0.12,11982.6,437865.0,1079.0,1.51,3399365.69,5.8,59.37199993133545,190.9,191.1,1.3095861707700385,-7.0192307692307665,0.12,0.11,0.0,33.33333333333333,11954.6,11922.8,0.23421946363741952,5.640582572204411,5.4,5.5,3.703703703703698,-11.111111111111116,141196.0,140827.0,0.24221649338507234,2.183910535473199
2015-06-30,100.571,-0.3145062410606636,-2.106390227283794,100.8883,101.3355,101.8914,103.7044,102.735,100.9316,102.424975,1.047042204693318,194.8,96.882,5.3,141709.0,0.13,12023.2,437951.0,1205.0,1.71,3425250.89,5.7,59.82863651622426,193.4,191.5,0.7238883143743546,-6.481036965914544,0.12,0.11,8.333333333333348,30.000000000000004,11982.6,11920.5,0.3388246290454422,5.484247374562434,5.6,5.4,-5.357142857142849,-13.114754098360649,141538.0,140923.0,0.12081561135526275,2.0597915721395132
2015-07-31,101.2228,0.6480993526961187,-1.6903126553953207,100.571,100.8883,101.3355,102.8905,102.9632,100.89403333333333,102.27994166666666,1.085541077032176,193.9,96.978,5.2,141991.0,0.13,12067.0,441942.0,1146.0,1.53,3444143.74,5.6,50.93000013178045,194.8,190.9,-0.462012320328542,-6.7788461538461515,0.13,0.12,0.0,44.444444444444464,12023.2,11954.6,0.3642956949896803,5.361040775342696,5.3,5.4,-1.8867924528301772,-16.129032258064512,141709.0,141196.0,0.19899935783895817,2.09891279337322
2015-08-31,101.0367,-0.1838518594625027,-1.6854337113987983,101.2228,100.571,100.8883,102.2335,102.7688,100.94349999999999,102.13560000000001,1.12891931026572,191.9,97.056,5.1,142125.0,0.14,12112.0,441849.0,1130.0,1.47,3460249.09,5.6,42.88904771350679,193.9,193.4,-1.0314595152140282,-7.294685990338157,0.13,0.12,7.692307692307709,55.55555555555558,12067.0,11982.6,0.37291787519682096,5.53004626523661,5.2,5.6,-1.9230769230769384,-16.393442622950815,141991.0,141538.0,0.09437217851835378,2.0507076233763355
2015-09-30,100.7547,-0.27910650288459626,-2.2407414414912674,101.0367,101.2228,100.571,101.8914,103.0641,101.00473333333333,101.94315,1.1528374256589273,189.1,97.196,5.0,142275.0,0.14,12173.9,439867.0,1224.0,1.42,3487879.79,5.8,45.46523829868862,191.9,194.8,-1.4590932777488352,-8.381782945736438,0.14,0.13,0.0,55.55555555555558,12112.0,12023.2,0.5110634081902266,5.684471877143182,5.1,5.3,-1.9607843137254832,-15.254237288135597,142125.0,141709.0,0.10554089709762238,1.9432084434986452
2015-10-31,100.2675,-0.4835506432950498,-2.72506606749946,100.7547,101.0367,101.2228,101.3355,103.0764,100.6863,101.709075,1.1864932870552425,187.5,97.228,5.0,142579.0,0.12,12225.2,438693.0,1058.0,1.41,3502824.92,5.8,46.289545405994765,189.1,193.9,-0.8461131676361644,-7.817109144542778,0.14,0.13,-14.285714285714302,33.33333333333333,12173.9,12067.0,0.4213933086356869,5.452381157757635,5.0,5.2,0.0,-12.28070175438597,142275.0,141991.0,0.21367070813564926,1.98929884547705
2015-11-30,99.5298,-0.7357319171217069,-4.033068306068888,100.2675,100.7547,101.0367,100.8883,103.7126,100.18400000000001,101.36050833333333,1.1584696790148712,185.7,97.332,5.1,142808.0,0.12,12317.0,440303.0,1172.0,1.27,3510642.87,5.6,42.92300014495849,187.5,191.9,-0.9600000000000053,-7.565953210552523,0.12,0.14,0.0,33.33333333333333,12225.2,12112.0,0.750907960605951,5.868903749290877,5.0,5.1,2.0000000000000018,-12.06896551724138,142579.0,142125.0,0.16061271295211288,1.9409089935683799
2015-12-31,99.0417,-0.490405888487655,-4.496144811599123,99.5298,100.2675,100.7547,100.571,103.7044,99.613,100.97194999999999,1.0801466638629893,183.5,97.396,5.0,143077.0,0.24,12387.9,442149.0,1146.0,1.21,3400230.33,5.8,37.32727258855646,185.7,189.1,-1.184706515885836,-6.852791878172592,0.12,0.14,100.0,100.0,12317.0,12173.9,0.5756271819436609,5.72045470062128,5.1,5.0,-1.9607843137254832,-10.71428571428571,142808.0,142275.0,0.18836479749033685,1.9328317802285389
2016-01-31,99.5607,0.5240216999506275,-3.236256019749162,99.0417,99.5298,100.2675,101.2228,102.8905,99.37740000000001,100.69446666666666,0.9639272618099229,182.6,97.567,4.8,143210.0,0.34,12518.5,439466.0,1092.0,1.18,3419760.04,6.1,31.7757894616378,183.5,187.5,-0.49046321525886283,-4.895833333333332,0.24,0.12,41.66666666666667,209.09090909090912,12387.9,12225.2,1.0542545548478888,6.042252566665529,5.0,5.0,-4.0000000000000036,-15.789473684210531,143077.0,142579.0,0.0929569392704721,1.8795173866029247
2016-02-29,99.0445,-0.5184776724149187,-3.1193297695960798,99.5607,99.0417,99.5298,101.0367,102.2335,99.21563333333332,100.42871666666666,0.9403579142908493,181.3,97.736,4.9,143406.0,0.38,12603.9,443117.0,1225.0,0.96,3438515.07,5.6,30.616499996185304,182.6,185.7,-0.7119386637458813,-5.128205128205121,0.34,0.12,11.764705882352944,245.45454545454547,12518.5,12317.0,0.6821903582697519,5.712584292280343,4.8,5.1,2.083333333333348,-10.909090909090901,143210.0,142808.0,0.136861950981082,1.831324958992231
2016-03-31,98.3096,-0.7419897116952456,-3.515311400177057,99.0445,99.5607,99.0417,100.7547,101.8914,98.97160000000001,100.13023333333332,1.0004139319057979,182.1,97.876,5.0,143662.0,0.36,12661.8,441856.0,1111.0,1.05,3466202.59,5.9,37.960909063165836,181.3,183.5,0.44125758411470706,-4.908616187989557,0.38,0.24,-5.263157894736848,227.27272727272725,12603.9,12387.9,0.45938161997476357,6.218698880080531,4.9,5.0,2.0408163265306145,-7.407407407407418,143406.0,143077.0,0.17851414864091808,1.9436145980429087
2016-04-30,98.6421,0.33821722395370735,-2.6579036961380753,98.3096,99.0445,99.5607,100.2675,101.3355,98.66539999999999,99.90578333333333,1.0075374045239358,183.2,98.117,5.1,143854.0,0.37,12743.2,444254.0,1163.0,1.06,3486177.34,5.5,41.12476185389927,182.1,182.6,0.6040637012630468,-4.033525405971716,0.36,0.34,2.77777777777779,208.33333333333334,12661.8,12518.5,0.6428785796648295,6.596623893731279,5.0,4.8,2.0000000000000018,-5.55555555555557,143662.0,143210.0,0.13364703261822264,1.882489588940195
2016-05-31,98.4184,-0.22677943798843359,-2.448153056399993,98.6421,98.3096,99.0445,99.5298,100.8883,98.4567,99.69995833333333,1.040325598033565,185.3,98.284,4.8,143900.0,0.37,12802.0,445490.0,1148.0,0.97,3503680.59,5.3,46.796666644868395,183.2,181.3,1.1462882096070048,-4.188210961737326,0.37,0.38,0.0,208.33333333333334,12743.2,12603.9,0.4614225626216273,6.838248794084745,5.1,4.9,-5.882352941176472,-14.28571428571428,143854.0,143406.0,0.03197686543301437,1.6688097895971366
2016-06-30,98.8833,0.4723710200531528,-1.678117946525337,98.4184,98.6421,98.3096,99.0417,100.571,98.64793333333334,99.55931666666667,1.0258436508845994,187.6,98.386,4.9,144147.0,0.38,12852.5,450237.0,1203.0,0.91,3524010.3,4.9,48.85318166559393,185.3,182.1,1.2412304371289817,-3.696098562628347,0.37,0.36,2.7027027027026973,192.3076923076923,12802.0,12661.8,0.39446961412279435,6.897498170204264,4.8,5.0,2.083333333333348,-7.547169811320742,143900.0,143662.0,0.17164697706741894,1.7204270723807147
2016-07-31,98.9992,0.11720887146766668,-2.196738284260069,98.8833,98.4184,98.6421,99.5607,101.2228,98.76696666666668,99.37401666666666,0.8898635215409796,187.7,98.529,4.8,144520.0,0.39,12911.9,449789.0,1239.0,0.79,3542768.11,5.1,44.799499702453616,187.6,183.2,0.05330490405117683,-3.1975244971634953,0.38,0.37,2.6315789473684292,200.0,12852.5,12743.2,0.4621668936004575,7.001740283417579,4.9,5.1,-2.0408163265306256,-7.692307692307699,144147.0,143854.0,0.2587636232457058,1.7810988020367402
2016-08-31,98.85,-0.15070828855183738,-2.164263084601936,98.9992,98.8833,98.4184,99.0445,101.0367,98.91083333333334,99.19179166666667,0.7275134581174587,186.6,98.703,4.9,144661.0,0.4,12989.7,449946.0,1171.0,0.78,3565415.37,5.1,44.79913081293521,187.7,185.3,-0.586041555673944,-2.7618551328817187,0.39,0.37,2.564102564102577,185.71428571428572,12911.9,12802.0,0.6025449391646509,7.246532364597091,4.8,4.8,2.083333333333348,-3.9215686274509665,144520.0,143900.0,0.09756435095489291,1.7843447669305235
2016-09-30,98.7457,-0.10551340414769461,-1.9939516469206886,98.85,98.9992,98.8833,98.3096,100.7547,98.86496666666666,99.024375,0.5428886862713191,186.9,98.834,5.0,144967.0,0.4,13054.9,453056.0,1068.0,0.83,3586384.17,5.1,45.225714365641274,186.6,187.6,0.1607717041800738,-1.1634056054997344,0.4,0.38,0.0,185.71428571428572,12989.7,12852.5,0.5019361494106755,7.236793467992997,4.9,4.9,2.0408163265306145,0.0,144661.0,144147.0,0.21152902302625787,1.8921103496749359
2016-10-31,98.7611,0.015595615809083085,-1.5023811304759715,98.7457,98.85,98.9992,98.6421,100.2675,98.7856,98.89884166666667,0.378617092391616,186.7,98.961,4.9,145065.0,0.4,13122.8,453847.0,1313.0,0.98,3601496.03,5.3,49.86949996948242,186.9,187.7,-0.10700909577314732,-0.4266666666666752,0.4,0.39,0.0,233.33333333333334,13054.9,12911.9,0.5201112226060678,7.342211170369395,5.0,4.8,-1.9999999999999907,-1.9999999999999907,144967.0,144520.0,0.06760159208647476,1.743594779034785
2016-11-30,98.3491,-0.417168298044468,-1.1862778785850958,98.7611,98.7457,98.85,98.4184,99.5298,98.61863333333334,98.80045000000001,0.35223911945194675,186.3,99.005,4.7,145183.0,0.41,13208.7,453892.0,1140.0,1.26,3618234.46,5.4,45.881999778747556,186.7,186.6,-0.2142474558114449,0.3231017770597866,0.4,0.4,2.499999999999991,241.66666666666666,13122.8,12989.7,0.6545859115432817,7.239587561906324,4.9,4.9,-4.081632653061229,-7.843137254901955,145065.0,144661.0,0.08134284631027278,1.663072096801299
2016-12-31,99.0214,0.6835853098808187,-0.02049641716570516,98.3491,98.7611,98.7457,98.8833,99.0417,98.71053333333333,98.79875833333334,0.3510218031510778,188.2,99.12,4.7,145408.0,0.54,13234.9,459305.0,1252.0,1.25,3636437.75,5.0,52.16571499052502,186.3,186.9,1.0198604401502775,2.5613079019073615,0.41,0.4,31.70731707317074,125.00000000000004,13208.7,13054.9,0.19835411509079304,6.837317059388592,4.7,5.0,0.0,-5.999999999999995,145183.0,144967.0,0.15497682235523502,1.6291926724770533
2017-01-31,98.7611,-0.2628724699913376,-0.8031281419274894,99.0214,98.3491,98.7611,98.9992,99.5607,98.71053333333333,98.732125,0.25636664130162423,190.7,99.385,4.7,145628.0,0.65,13315.7,464412.0,1190.0,1.26,3653343.88,5.3,52.608499717712405,188.2,186.7,1.3283740701381497,4.435925520262862,0.54,0.4,20.370370370370374,91.17647058823528,13234.9,13122.8,0.6105070684327085,6.368175100850748,4.7,4.9,0.0,-2.083333333333326,145408.0,145065.0,0.15129841549295087,1.6884295789400205
2017-02-28,98.3646,-0.4014738596471723,-0.6864591168616152,98.7611,99.0214,98.3491,98.85,99.0445,98.71570000000001,98.67546666666668,0.2561847498586694,191.6,99.561,4.6,145846.0,0.66,13394.8,464284.0,1271.0,1.14,3670001.71,5.6,53.46210560045744,190.7,186.3,0.47194546407971494,5.681191395477092,0.65,0.41,1.538461538461533,73.6842105263158,13315.7,13208.7,0.5940356120969881,6.275041852125129,4.7,4.7,-2.1276595744680993,-6.122448979591855,145628.0,145183.0,0.14969648693932136,1.701462979233792
2017-03-31,99.0137,0.6598918716692825,0.7162067590550603,98.3646,98.7611,99.0214,98.7457,98.3096,98.71313333333335,98.73414166666667,0.2451654708673488,191.5,99.519,4.4,145970.0,0.79,13463.6,463674.0,1190.0,1.13,3685313.86,5.6,49.673913209334664,191.6,188.2,-0.052192066805845094,5.161998901702369,0.66,0.54,19.696969696969703,119.44444444444446,13394.8,13234.9,0.513632155761945,6.332432987410952,4.6,4.7,-4.347826086956507,-11.99999999999999,145846.0,145408.0,0.08502118673121561,1.6065487045982874
2017-04-30,100.0224,1.01874791064267,1.3993011097695573,99.0137,98.3646,98.7611,98.7611,98.6421,99.13356666666668,98.84916666666668,0.44246582268236506,193.0,99.723,4.4,146175.0,0.9,13521.7,465276.0,1146.0,1.01,3699276.18,5.7,51.11736899928043,191.5,190.7,0.7832898172323688,5.349344978165949,0.79,0.65,13.924050632911399,143.24324324324326,13463.6,13315.7,0.4315339136635066,6.1091405612405,4.4,4.7,0.0,-13.725490196078416,145970.0,145628.0,0.1404398164006393,1.613441405869831
2017-05-31,100.1408,0.11837348433949568,1.7500792534729248,100.0224,99.0137,98.3646,98.3491,98.4184,99.72563333333333,98.9927,0.5550651869985628,192.8,99.803,4.4,146380.0,0.91,13568.9,462754.0,1157.0,0.93,3713355.62,6.3,48.53954575278542,193.0,191.6,-0.10362694300517505,4.04749055585536,0.9,0.66,1.1111111111111072,145.94594594594597,13521.7,13394.8,0.34906853428191553,5.990470239025147,4.4,4.6,0.0,-8.333333333333325,146175.0,145846.0,0.14024285958611493,1.7234190410006844
2017-06-30,100.3471,0.20600993800727885,1.4803308546539107,100.1408,100.0224,99.0137,99.0214,98.8833,100.1701,99.11468333333335,0.6764172177168603,193.6,99.937,4.3,146583.0,1.04,13580.5,465130.0,1249.0,0.93,3729019.93,6.0,45.19590950012207,192.8,191.5,0.4149377593360981,3.1982942430703654,0.91,0.79,14.28571428571428,173.6842105263158,13568.9,13463.6,0.08548961227512475,5.664267652207733,4.4,4.4,-2.272727272727282,-12.244897959183687,146380.0,145970.0,0.13868014756113212,1.6899415180336774
2017-07-31,100.1068,-0.23946880378206137,1.1187969195710634,100.3471,100.1408,100.0224,98.7611,98.9992,100.19823333333333,99.20698333333333,0.7324721761182885,193.5,100.01,4.3,146772.0,1.15,13643.1,465089.0,1206.0,0.96,3744877.31,6.0,46.67500038146973,193.6,193.0,-0.05165289256198191,3.090037293553549,1.04,0.9,10.576923076923062,194.87179487179483,13580.5,13521.7,0.46095504583778535,5.662993052920173,4.3,4.4,0.0,-10.416666666666663,146583.0,146175.0,0.12893718916928698,1.5582618322723452
2017-08-31,99.6925,-0.41385799965637515,0.8523014668689877,100.1068,100.3471,100.1408,98.3646,98.85,100.04879999999999,99.27719166666667,0.7355152299988018,193.8,100.118,4.4,146919.0,1.16,13697.7,466020.0,1159.0,0.79,3758495.85,6.1,48.05782566899838,193.5,192.8,0.15503875968991832,3.8585209003215493,1.15,0.91,0.8695652173912993,189.99999999999994,13643.1,13568.9,0.4002023000637678,5.450472297281683,4.3,4.4,2.3255813953488413,-10.204081632653061,146772.0,146380.0,0.10015534298095652,1.5608906339649176
2017-09-30,99.7954,0.10321739348497783,1.0630336308315114,99.6925,100.1068,100.3471,99.0137,98.7457,99.86489999999999,99.36466666666666,0.7289496283047596,194.8,100.24,4.3,147008.0,1.15,13745.1,475724.0,1181.0,0.86,3773286.65,5.9,49.876999855041504,193.8,193.6,0.5159958720330149,4.226859283039053,1.16,1.04,-0.8620689655172376,187.49999999999994,13697.7,13580.5,0.3460434963534098,5.2869037679338815,4.4,4.3,-2.272727272727282,-14.000000000000002,146919.0,146583.0,0.06057759717938982,1.407906627025457
2017-10-31,101.0247,1.231820304342679,2.2919955326540453,99.7954,99.6925,100.1068,100.0224,98.7611,100.17086666666665,99.5533,0.8425864239458026,194.9,100.486,4.2,147149.0,1.15,13800.1,476107.0,1257.0,0.78,3796951.2,6.0,51.594545884565875,194.8,193.5,0.051334702258731824,4.3920728441349866,1.15,1.15,0.0,187.49999999999994,13745.1,13643.1,0.4001425962706806,5.161246075532677,4.3,4.3,-2.3255813953488302,-14.28571428571429,147008.0,146772.0,0.09591314758381486,1.436597387378069
2017-11-30,101.2664,0.23924842142566405,2.9662701539719283,101.0247,99.7954,99.6925,100.1408,98.3491,100.6955,99.79640833333332,0.8834264248400465,195.9,100.535,4.2,147372.0,1.16,13843.5,480949.0,1273.0,0.64,3816268.18,5.6,56.662857418968564,194.9,193.8,0.5130836326321164,5.152979066022545,1.15,1.16,0.8695652173912993,182.92682926829266,13800.1,13697.7,0.3144904747067079,4.805923368688814,4.2,4.4,0.0,-10.63829787234043,147149.0,146919.0,0.15154707133586687,1.507752285047137
2017-12-31,101.4644,0.19552388551384858,2.467143465957866,101.2664,101.0247,99.7954,100.3471,99.0214,101.25183333333332,99.99999166666667,0.9662048027374666,196.3,100.683,4.1,147523.0,1.3,13881.7,483586.0,1177.0,0.51,3830784.99,5.0,57.94699993133545,195.9,194.8,0.20418580908627693,4.303931987247611,1.16,1.15,12.068965517241391,140.74074074074073,13843.5,13745.1,0.2759417777296269,4.887078859681604,4.2,4.3,-2.3809523809523947,-12.765957446808518,147372.0,147008.0,0.10246179735635685,1.4545279489436513
2018-01-31,101.4625,-0.0018725779682204902,2.7352874765469437,101.4644,101.2664,101.0247,100.1068,98.7611,101.39776666666667,100.22510833333335,0.9660141552304937,197.9,101.007,4.0,147660.0,1.41,13900.3,481414.0,1299.0,0.58,3847835.29,5.7,63.65904780796596,196.3,194.9,0.8150789607743292,3.775563712637653,1.3,1.15,8.461538461538453,116.9230769230769,13881.7,13800.1,0.13398935288904124,4.3903061799229315,4.1,4.2,-2.4390243902438935,-14.893617021276595,147523.0,147149.0,0.09286687499576729,1.3953360617463773
2018-02-28,101.7085,0.24245410866083894,3.3994953469032696,101.4625,101.4644,101.2664,99.6925,98.3646,101.54513333333334,100.50376666666666,0.8566409456105912,199.3,101.198,4.1,148054.0,1.42,13949.3,484031.0,1277.0,0.62,3863797.02,5.8,62.18368429886667,197.9,195.9,0.707427993936327,4.018789144050117,1.41,1.16,0.7092198581560183,115.15151515151514,13900.3,13843.5,0.35251037747385805,4.139666139098752,4.0,4.2,2.499999999999991,-10.869565217391308,147660.0,147372.0,0.26682920222131923,1.5139256476008889
2018-03-31,102.2067,0.4898312333777355,3.224806264183644,101.7085,101.4625,101.4644,99.7954,99.0137,101.79256666666667,100.76985,0.8475767591946639,199.3,101.419,4.0,148280.0,1.51,14012.7,484110.0,1318.0,0.47,3876055.41,5.9,62.771904899960475,199.3,196.3,0.0,4.073107049608371,1.42,1.3,6.338028169014098,91.13924050632912,13949.3,13881.7,0.45450309334520433,4.078403992988511,4.1,4.1,-2.4390243902438935,-9.090909090909093,148054.0,147523.0,0.1526470071730568,1.5825169555388152
2018-04-30,103.3329,1.1018847101021745,3.309758614070435,102.2067,101.7085,101.4625,101.0247,100.0224,102.41603333333335,101.045725,1.0870941082661383,200.3,101.602,4.0,148420.0,1.69,14035.9,484154.0,1276.0,0.46,3883468.11,6.0,66.32523781912667,199.3,197.9,0.5017561465127995,3.782383419689128,1.51,1.41,11.920529801324498,87.77777777777777,14012.7,13900.3,0.1655640954277171,3.802776278130704,4.0,4.0,0.0,-9.090909090909093,148280.0,147660.0,0.09441596978689848,1.5358303403454787
2018-05-31,102.4024,-0.9004876472062606,2.2584201444366236,103.3329,102.2067,101.7085,101.2664,100.1408,102.64733333333334,101.23419166666667,1.1117124869139046,203.2,101.78,3.8,148742.0,1.7,14092.4,491960.0,1357.0,0.43,3900522.44,6.0,69.98318099975586,200.3,199.3,1.4478282576135593,5.394190871369275,1.69,1.42,0.591715976331364,86.81318681318679,14035.9,13949.3,0.4025392030436281,3.858087243623287,4.0,4.1,-5.000000000000004,-13.636363636363647,148420.0,148054.0,0.21695189327584075,1.6136084164503295
2018-06-30,103.198,0.7769349155879013,2.8410387544831828,102.4024,103.3329,102.2067,101.4644,100.3471,102.97776666666665,101.47176666666667,1.2055651321593925,204.2,101.872,4.0,148960.0,1.82,14137.2,490228.0,1192.0,0.33,3902512.72,6.3,67.32285672142392,203.2,199.3,0.49212598425196763,5.475206611570238,1.7,1.51,7.058823529411762,75.0,14092.4,14012.7,0.3179018478044915,4.099259968336955,3.8,4.0,5.263157894736836,-6.976744186046513,148742.0,148280.0,0.14656250420190808,1.621606871192438
2018-07-31,103.3646,0.1614372371557593,3.2543243815604805,103.198,102.4024,103.3329,101.4625,100.1068,102.98833333333333,101.74325,1.2366562611257585,204.3,102.006,3.8,149020.0,1.91,14174.6,493142.0,1208.0,0.29,3924685.82,6.5,70.58190518333798,204.2,200.3,0.04897159647405669,5.581395348837215,1.82,1.69,4.9450549450549275,66.08695652173913,14137.2,14035.9,0.2645502645502562,3.8957421700346773,4.0,4.0,-5.000000000000004,-11.627906976744185,148960.0,148420.0,0.04027926960257222,1.531627285858339
2018-08-31,104.0327,0.6463528132455432,4.353587280888749,103.3646,103.198,102.4024,101.7085,99.6925,103.53176666666667,102.10493333333334,1.2168787766122964,203.4,102.016,3.8,149277.0,1.91,14223.2,493445.0,1288.0,0.24,3945881.92,6.6,67.84521782916525,204.3,203.2,-0.4405286343612369,4.9535603715170184,1.91,1.7,0.0,64.65517241379311,14174.6,14092.4,0.34286681811126485,3.836410492272435,3.8,3.8,0.0,-13.636363636363647,149020.0,148742.0,0.17246007247349038,1.6049660016743905
2018-09-30,104.1004,0.06507569254665668,4.313826088176409,104.0327,103.3646,103.198,102.2067,99.7954,103.83256666666666,102.46368333333334,1.1033938461386905,203.6,102.205,3.7,149358.0,1.95,14245.5,491507.0,1250.0,0.24,3957685.36,6.8,70.0847372757761,203.4,204.2,0.0983284169124854,4.517453798767956,1.91,1.82,2.0942408376963373,69.56521739130437,14223.2,14137.2,0.15678609595590753,3.6405700940698837,3.8,4.0,-2.631578947368407,-13.953488372093014,149277.0,148960.0,0.05426154062582178,1.5985524597300849
2018-10-31,103.9856,-0.11027815455079137,2.930867401734427,104.1004,104.0327,103.3646,103.3329,101.0247,104.03956666666666,102.710425,1.083229081895152,204.6,102.366,3.8,149527.0,2.19,14256.6,496416.0,1221.0,0.28,3976272.51,6.7,70.75782610022503,203.6,204.3,0.4911591355599265,4.976911236531545,1.95,1.91,12.307692307692308,90.43478260869566,14245.5,14174.6,0.07791934295040548,3.307947043861992,3.7,3.8,2.7027027027026973,-9.523809523809534,149358.0,149020.0,0.113150952744423,1.6160490387294502
2018-11-30,104.0681,0.0793379083257717,2.7666629800210174,103.9856,104.1004,104.0327,102.4024,101.2664,104.05136666666665,102.9439,1.0449525426369508,202.3,102.556,3.8,149617.0,2.2,14282.8,498854.0,1181.0,0.21,3991704.17,6.5,56.693332853771395,204.6,203.4,-1.1241446725317572,3.2669729453802976,2.19,1.91,0.4566210045662267,89.65517241379312,14256.6,14223.2,0.1837745324972273,3.173330443890632,3.8,3.8,0.0,-9.523809523809534,149527.0,149277.0,0.06018979849793382,1.5233558613576559
2018-12-31,104.0936,0.02450318589461986,2.5912536810940523,104.0681,103.9856,104.1004,103.198,101.4644,104.0491,103.16300000000001,0.9801677082843725,201.0,102.735,3.9,149809.0,2.27,14386.8,489113.0,1095.0,0.21,4007041.95,8.4,48.777369248239616,202.3,203.6,-0.6426099851705391,2.3942944472745697,2.2,1.95,3.1818181818181746,74.61538461538461,14282.8,14245.5,0.7281485423026313,3.6386033410893415,3.8,3.7,2.6315789473684292,-4.8780487804877986,149617.0,149358.0,0.12832766330028722,1.5495888776665412
2019-01-31,103.4021,-0.6643059707801324,1.9116422323518512,104.0936,104.0681,103.9856,103.3646,101.4625,103.8546,103.32463333333332,0.8213060910229051,199.1,102.87,4.0,150060.0,2.4,14459.7,490440.0,1226.0,0.18,4027115.1,8.4,51.550476255871004,201.0,204.6,-0.9452736318408039,0.6063668519454168,2.27,2.19,5.726872246696035,70.2127659574468,14386.8,14256.6,0.5067144882809238,4.02437357467107,3.9,3.8,2.564102564102577,0.0,149809.0,149527.0,0.1675466761009048,1.6253555465258085
2019-02-28,102.8371,-0.5464105661296959,1.1096417703535089,103.4021,104.0936,104.0681,104.0327,101.7085,103.44426666666668,103.41868333333333,0.6701178740724093,199.2,102.963,3.8,150067.0,2.4,14506.3,491751.0,1121.0,0.21,4039700.24,8.5,54.980525970458984,199.1,202.3,0.050226017076848706,-0.05017561465129328,2.4,2.2,0.0,69.01408450704226,14459.7,14282.8,0.3222750126212759,3.993031908411182,4.0,3.8,-5.000000000000004,-7.317073170731703,150060.0,149617.0,0.004664800746367881,1.3596390506166678
2019-03-31,102.8757,0.037535091907470175,0.6545559146318158,102.8371,103.4021,104.0936,104.1004,102.2067,103.0383,103.47443333333332,0.5821799289710886,200.8,103.058,3.8,150295.0,2.41,14557.5,499292.0,1191.0,0.14,4051968.06,7.9,58.16809517996652,199.2,201.0,0.8032128514056325,0.7526342197691882,2.4,2.27,0.4166666666666874,59.602649006622535,14506.3,14386.8,0.352950097543836,3.8879016891819607,3.8,3.9,0.0,-5.000000000000004,150067.0,149809.0,0.15193213697881625,1.358915565147023
2019-04-30,102.274,-0.584880588904857,-1.0247462328067725,102.8757,102.8371,103.4021,103.9856,103.3329,102.66226666666667,103.38619166666666,0.6779539786716944,202.1,103.265,3.7,150591.0,2.42,14594.7,499343.0,1272.0,0.24,4068537.58,7.6,63.87095260620117,200.8,199.1,0.6474103585657254,0.8986520219670391,2.41,2.4,0.4149377593360981,43.19526627218935,14557.5,14459.7,0.2555383822771873,3.981219586916418,3.8,4.0,-2.631578947368407,-7.499999999999996,150295.0,150060.0,0.19694600618782587,1.4627408705026212
2019-05-31,102.392,0.1153763419832865,-0.010156011968476264,102.274,102.8757,102.8371,104.0681,102.4024,102.51389999999999,103.38532500000001,0.679331193996106,201.7,103.371,3.6,150618.0,2.39,14704.4,504741.0,1293.0,0.19,4083364.56,7.3,60.865454413674094,202.1,199.2,-0.19792182088075316,-0.7381889763779514,2.42,2.4,-1.2396694214875992,40.58823529411766,14594.7,14506.3,0.7516427196173847,4.342766313757762,3.7,3.8,-2.7027027027027084,-5.263157894736836,150591.0,150067.0,0.017929358328183653,1.2612443022145703
2019-06-30,102.4375,0.04443706539574155,-0.7369328862962377,102.392,102.274,102.8757,104.0936,103.198,102.36783333333334,103.32195000000002,0.7318398030119285,200.3,103.56,3.6,150838.0,2.38,14802.8,505251.0,1243.0,0.25,4093992.14,7.1,54.70650024414063,201.7,200.8,-0.6941001487357323,-1.9098922624877446,2.39,2.41,-0.4184100418410108,30.76923076923075,14704.4,14557.5,0.6691874540953657,4.708145884616455,3.6,3.8,0.0,-9.999999999999998,150618.0,150295.0,0.14606487936368318,1.2607411385606948
2019-07-31,101.9408,-0.4848810250152602,-1.3774541767684445,102.4375,102.392,102.274,103.4021,103.3646,102.25676666666668,103.2033,0.832755933905223,200.7,103.678,3.7,150937.0,2.4,14886.8,509091.0,1240.0,0.13,4117712.6,6.8,57.546363830566406,200.3,202.1,0.19970044932600128,-1.7621145374449476,2.38,2.42,0.8403361344537785,25.654450261780106,14802.8,14594.7,0.567460210230486,5.024480408618226,3.6,3.7,2.77777777777779,-2.631578947368407,150838.0,150591.0,0.06563332847160375,1.2864045094618248
2019-08-31,102.639,0.6849073187575438,-1.3396749291328724,101.9408,102.4375,102.392,102.8371,104.0327,102.33909999999999,103.08715833333333,0.8032304316245096,199.2,103.797,3.6,151169.0,2.13,14974.4,512561.0,1375.0,0.0,4134319.33,6.9,54.844090548428625,200.7,201.7,-0.7473841554558991,-2.064896755162249,2.4,2.39,-11.250000000000004,11.518324607329845,14886.8,14704.4,0.5884407663164781,5.281511896057145,3.7,3.6,-2.7027027027027084,-5.263157894736836,150937.0,150618.0,0.15370651331350071,1.267442405728958
2019-09-30,102.2917,-0.3383704050117342,-1.7374573008364869,102.639,101.9408,102.4375,102.8757,104.1004,102.2905,102.93643333333334,0.7645824390217382,198.4,103.873,3.5,151365.0,2.04,15047.0,509282.0,1311.0,0.05,4146326.69,7.0,56.967000007629395,199.2,200.3,-0.40160642570280514,-2.5540275049115824,2.13,2.38,-4.225352112676051,4.615384615384621,14974.4,14802.8,0.48482743882893864,5.626338141869369,3.6,3.6,-2.777777777777779,-5.405405405405405,151169.0,150838.0,0.12965621258327342,1.3437512553730047
2019-10-31,101.4281,-0.8442522707120981,-2.4594751580988228,102.2917,102.639,101.9408,102.274,103.9856,102.11959999999999,102.72330833333332,0.8011185889494999,198.6,104.028,3.6,151460.0,1.83,15184.1,510648.0,1325.0,0.17,4163620.6,7.1,54.00565255206564,198.4,200.7,0.10080645161290036,-2.9325513196480912,2.04,2.4,-10.29411764705882,-16.43835616438356,15047.0,14886.8,0.9111450787532505,6.50575873630459,3.5,3.7,2.857142857142869,-5.263157894736836,151365.0,150937.0,0.0627621973375625,1.2927431166277703
2019-11-30,101.9372,0.5019319103877651,-2.047601522464615,101.4281,102.2917,102.639,102.392,104.0681,101.88566666666667,102.54573333333333,0.7065156529607991,199.0,104.092,3.6,151667.0,1.55,15296.0,514215.0,1353.0,0.17,4164684.83,6.9,57.070000076293944,198.6,199.2,0.20140986908359082,-1.6312407315867583,1.83,2.13,-15.300546448087438,-29.545454545454554,15184.1,14974.4,0.7369551043525879,7.0938471448175555,3.6,3.6,0.0,-5.263157894736836,151460.0,151169.0,0.1366697477881873,1.3701651550291682
2019-12-31,101.7003,-0.23239798621111918,-2.2991807373363926,101.9372,101.4281,102.2917,102.4375,104.0936,101.68853333333334,102.34629166666666,0.5504007308039657,199.0,104.322,3.6,151794.0,1.55,15347.5,515866.0,1548.0,0.34,4192191.39,6.2,59.80476197742281,199.0,198.4,0.0,-0.995024875621886,1.55,2.04,0.0,-31.718061674008812,15296.0,15047.0,0.3366893305439378,6.677648955987436,3.6,3.5,0.0,-7.692307692307687,151667.0,151365.0,0.08373607970091346,1.325020526136611
2020-01-31,101.0338,-0.6553569655153413,-2.290379015513233,101.7003,101.9372,101.4281,101.9408,103.4021,101.55709999999999,102.14893333333335,0.5618840066860262,199.3,104.507,3.6,152031.0,1.55,15427.1,515119.0,1581.0,0.18,4171798.04,6.8,57.52857190086728,199.0,198.6,0.1507537688442362,0.10045203415369741,1.55,1.83,0.0,-35.416666666666664,15347.5,15184.1,0.5186512461312853,6.690318609653034,3.6,3.6,0.0,-9.999999999999998,151794.0,151460.0,0.15613265346456906,1.3134746101559402
2020-02-29,101.3735,0.3362241150981271,-1.4232217750208775,101.0338,101.7003,101.9372,102.639,102.8371,101.36919999999999,102.02696666666667,0.5577603824603106,196.7,104.711,3.5,152293.0,1.58,15493.4,515330.0,1549.0,0.27,4185445.34,7.5,50.54210502222965,199.3,199.0,-1.304565980933281,-1.2550200803212896,1.55,1.55,1.9354838709677358,-34.16666666666666,15427.1,15296.0,0.42976320889862585,6.804629712607624,3.6,3.6,-2.777777777777779,-7.894736842105255,152031.0,151667.0,0.17233327413488375,1.4833374426089785
2020-03-31,97.4078,-3.9119691043517424,-5.315054964389065,101.3735,101.0338,101.7003,102.2917,102.8757,99.93836666666668,101.57130833333333,1.3995753027636386,193.1,104.632,4.4,150895.0,0.65,16033.0,468324.0,1266.0,0.47,4171393.21,12.4,30.445454597473145,196.7,199.0,-1.8301982714794107,-3.834661354581681,1.58,1.55,-58.86075949367089,-73.02904564315354,15493.4,15347.5,3.4827733099255243,10.135668899192861,3.5,3.6,25.714285714285733,15.789473684210531,152293.0,151794.0,-0.9179673392736398,0.39921487740777195
2020-04-30,84.5619,-13.187752931490081,-17.318282261376304,97.4078,101.3735,101.0338,101.4281,102.274,94.44773333333335,100.0953,5.083215789420915,185.5,104.293,14.8,130426.0,0.05,17065.3,401028.0,936.0,0.44,4106902.98,31.8,16.699047678992862,193.1,199.3,-3.9357845675815573,-8.213755566551207,0.65,1.55,-92.3076923076923,-97.93388429752066,16033.0,15427.1,6.438595396993696,16.928062926952926,4.4,3.6,236.36363636363632,300.0,150895.0,152031.0,-13.56506179793896,-13.390574469921845
2020-05-31,85.9604,1.6538180906531252,-16.047738104539413,84.5619,97.4078,101.3735,101.9372,102.392,89.31003333333332,98.726,6.440289996435078,188.6,104.402,13.2,133040.0,0.05,17932.9,478449.0,1039.0,0.49,4090245.93,22.6,28.527499961853028,185.5,196.7,1.6711590296495826,-6.494794248884483,0.05,1.58,0.0,-97.90794979079497,17065.3,15493.4,5.084000867256955,21.956013166127164,14.8,3.5,-10.810810810810823,266.66666666666663,130426.0,152293.0,2.0042016162421517,-11.67058386115869
2020-06-30,91.5934,6.553017435935615,-10.586064673581452,85.9604,84.5619,97.4078,101.7003,102.4375,87.3719,97.82232499999999,6.630164512304896,191.2,104.565,11.0,137671.0,0.08,18184.3,518038.0,1266.0,0.5,4102329.81,18.3,38.313636086203836,188.6,193.1,1.3785790031813239,-4.543185222166757,0.05,0.65,59.999999999999986,-96.63865546218487,17932.9,16033.0,1.4018926107879803,22.843651201124104,13.2,4.4,-16.666666666666664,205.55555555555554,133040.0,150895.0,3.4809079975947066,-8.72923268672351
2020-07-31,95.0256,3.7472132271539227,-6.783544959427434,91.5934,85.9604,84.5619,101.0338,101.9408,90.8598,97.24605833333334,6.539563032449397,193.0,104.937,10.2,139255.0,0.09,18335.4,526304.0,1526.0,0.44,4118158.78,17.9,40.76590919494629,191.2,185.5,0.9414225941422716,-3.8365719980069657,0.08,0.05,12.5,-96.25,18184.3,17065.3,0.8309365771572264,23.165488889485996,11.0,14.8,-7.272727272727275,175.67567567567565,137671.0,130426.0,1.1505691104154003,-7.739652967794508
2020-08-31,95.9549,0.9779469953359987,-6.512241935326724,95.0256,91.5934,85.9604,101.3735,102.639,94.1913,96.68905,6.319413823722462,194.3,105.243,8.4,140821.0,0.1,18411.2,530735.0,1396.0,0.58,4113990.24,13.9,42.38809512910389,193.0,188.6,0.6735751295336767,-2.459839357429705,0.09,0.05,11.111111111111116,-95.30516431924883,18335.4,17932.9,0.4134079431045823,22.95116999679454,10.2,13.2,-17.647058823529406,133.33333333333334,139255.0,133040.0,1.1245556712505822,-6.845318815365586
2020-09-30,95.9669,0.0125058751559326,-6.183101854793705,95.9549,95.0256,91.5934,97.4078,102.2917,95.64913333333332,96.16198333333334,6.068421422537756,195.5,105.41,7.8,141770.0,0.09,18602.5,541302.0,1473.0,0.56,4129452.39,13.3,39.625714074997674,194.3,191.2,0.6176016469377155,-1.4616935483870996,0.1,0.08,-10.000000000000009,-95.58823529411765,18411.2,18184.3,1.0390414530285774,23.629294876055027,8.4,11.0,-7.142857142857151,122.85714285714286,140821.0,137671.0,0.6739051703936294,-6.338981931093713
2020-10-31,96.7394,0.8049650452395696,-4.622683457542831,95.9669,95.9549,95.0256,84.5619,101.4281,96.2204,95.77125833333334,5.845375461377116,196.5,105.507,6.9,142460.0,0.09,18757.6,539114.0,1543.0,0.74,4134643.38,12.8,39.55454531582919,195.5,193.0,0.5115089514066584,-1.0574018126888185,0.09,0.09,0.0,-95.08196721311475,18602.5,18335.4,0.8337589033732051,23.53448673283236,7.8,10.2,-11.538461538461531,91.66666666666667,141770.0,139255.0,0.4867038160400572,-5.9421629473128235
2020-11-30,97.0816,0.3537338457753503,-4.763324870606622,96.7394,95.9669,95.9549,85.9604,101.9372,96.59596666666665,95.366625,5.539822594488846,198.3,105.605,6.7,142733.0,0.09,18997.0,533941.0,1543.0,0.68,4135719.78,12.0,41.346500396728516,196.5,194.3,0.9160305343511421,-0.35175879396984744,0.09,0.1,0.0,-94.19354838709677,18757.6,18411.2,1.2762826800870153,24.195868200836813,6.9,8.4,-2.898550724637683,86.11111111111111,142460.0,140821.0,0.19163273901445788,-5.89053650431538
2020-12-31,98.363,1.319920561671828,-3.28150457766595,97.0816,96.7394,95.9669,91.5934,101.7003,97.39466666666665,95.08851666666668,5.270161903297634,200.5,105.896,6.7,142548.0,0.09,19115.7,538548.0,1614.0,0.8,4149026.48,11.8,47.068181471391156,198.3,195.5,1.1094301563287834,0.7537688442211143,0.09,0.09,0.0,-94.19354838709677,18997.0,18602.5,0.624835500342158,24.552532985828314,6.7,7.8,0.0,86.11111111111111,142733.0,141770.0,-0.12961263337840645,-6.091149847820077
2021-01-31,98.8822,0.5278407531287055,-2.1295843569181794,98.363,97.0816,96.7394,95.0256,101.0338,98.10893333333333,94.90921666666668,5.0827741959455315,204.8,106.281,6.4,142863.0,0.09,19379.0,559230.0,1630.0,1.0,4157826.38,19.5,52.102105592426504,200.5,196.5,2.14463840399004,2.759658805820364,0.09,0.09,0.0,-94.19354838709677,19115.7,18757.6,1.377401821539359,25.61660973222446,6.7,6.9,-4.477611940298509,77.77777777777779,142548.0,142460.0,0.22097819681792252,-6.030349073544217
2021-02-28,95.6149,-3.3042347358776314,-5.680577271180343,98.8822,98.363,97.0816,95.9549,101.3735,97.62003333333332,94.42933333333333,4.672240095273234,210.6,106.501,6.2,143380.0,0.08,19641.8,544891.0,1404.0,1.3,4177322.53,13.0,59.06105262354801,204.8,198.3,2.83203125,7.066598881545505,0.09,0.09,-11.111111111111105,-94.9367088607595,19379.0,18997.0,1.3561071262707003,26.775272051325082,6.4,6.7,-3.125,77.14285714285715,142863.0,142733.0,0.3618851627083197,-5.85253425961797
2021-03-31,98.3856,2.8977701174189185,1.0038210492383515,95.6149,98.8822,98.363,95.9669,97.4078,97.62756666666667,94.51081666666666,4.736984180953754,215.0,106.933,6.1,144232.0,0.07,19873.2,603581.0,1696.0,1.58,4190733.4,26.2,62.357391357421875,210.6,200.5,2.089268755935425,11.341273951320563,0.08,0.09,-12.49999999999999,-89.23076923076923,19641.8,19115.7,1.1780997668238147,23.95184931079648,6.2,6.7,-1.6129032258064613,38.636363636363626,143380.0,142548.0,0.5942251360022244,-4.415653268829322
2021-04-30,98.5587,0.17594038151924618,16.55213518144698,98.3856,95.6149,98.8822,96.7394,84.5619,97.51973333333335,95.67721666666667,3.666900593102703,217.9,107.558,6.1,144587.0,0.07,20176.9,608961.0,1495.0,1.49,4207768.45,12.4,61.70380982898531,215.0,204.8,1.3488372093023226,17.466307277628033,0.07,0.09,0.0,40.000000000000014,19873.2,19379.0,1.5281887164623642,18.233491353799835,6.1,6.4,0.0,-58.7837837837838,144232.0,142863.0,0.24613123301346906,10.857497738181031
2021-05-31,99.4333,0.8873899513690775,15.673379835366053,98.5587,98.3856,95.6149,97.0816,85.9604,98.79253333333334,96.79995833333332,2.1840914322595624,224.9,108.099,5.8,145065.0,0.06,20460.4,605282.0,1589.0,1.44,4238937.19,10.0,65.15699977874756,217.9,210.6,3.2124827902707764,19.24708377518558,0.07,0.08,-14.285714285714302,19.999999999999996,20176.9,19641.8,1.405072136948693,14.094206737337522,6.1,6.2,-4.91803278688524,-56.060606060606055,144587.0,143380.0,0.33059680330873586,9.038634996993377
2021-06-30,99.7987,0.3674825234604384,8.958396565691418,99.4333,98.5587,98.3856,98.363,91.5934,99.26356666666668,97.48373333333332,1.61657415899025,228.9,108.603,5.9,145820.0,0.08,20477.8,611950.0,1650.0,1.2,4389849.1,8.8,71.3527287569913,224.9,215.0,1.7785682525566893,19.717573221757334,0.06,0.07,33.33333333333335,0.0,20460.4,19873.2,0.08504232566322045,12.61252838987479,5.8,6.1,1.7241379310344973,-46.36363636363636,145065.0,144232.0,0.5204563471547186,5.919184141903533
2021-07-31,100.2519,0.4541141317472075,5.4998863464161385,99.7987,99.4333,98.5587,98.8822,95.0256,99.82796666666667,97.91925833333333,1.5980264825762462,231.85,109.058,5.4,146762.0,0.1,20633.3,601817.0,1597.0,1.05,4406029.54,9.5,72.43047659737724,228.9,217.9,1.2887723896898073,20.129533678756474,0.08,0.07,25.0,11.111111111111116,20477.8,20176.9,0.7593589155085123,12.532587235620696,5.9,6.1,-8.47457627118644,-47.058823529411754,145820.0,144587.0,0.6460019201755651,5.390829772719119
2021-08-31,100.0437,-0.2076768619846625,4.261168528131454,100.2519,99.7987,99.4333,95.6149,95.9549,100.03143333333333,98.25999166666668,1.5768764668617077,233.415,109.409,5.1,147314.0,0.09,20840.9,605533.0,1594.0,1.1,4423797.93,8.7,67.71136318553577,231.85,224.9,0.6750053914168719,20.131240349974266,0.1,0.06,-10.000000000000009,-10.000000000000009,20633.3,20460.4,1.0061405591931694,13.196858433996695,5.4,5.8,-5.55555555555557,-39.28571428571429,146762.0,145065.0,0.3761191589103374,4.61081798879428
2021-09-30,98.8579,-1.1852820317521218,3.0124970172007215,100.0437,100.2519,99.7987,98.3856,95.9669,99.71783333333333,98.50090833333333,1.4063061935169254,235.678,109.641,4.7,147771.0,0.08,20981.0,609671.0,1577.0,1.24,4447544.21,7.6,71.54476202101935,233.415,228.9,0.9695178116230663,20.551406649616368,0.09,0.08,-11.111111111111105,-11.111111111111105,20840.9,20477.8,0.6722358439414711,12.785915871522647,5.1,5.9,-7.843137254901955,-39.74358974358974,147314.0,145820.0,0.3102217033004395,4.232912463849892
2021-10-31,100.1861,1.3435446231408799,3.5628709708763973,98.8579,100.0437,100.2519,98.5587,96.7394,99.6959,98.78813333333333,1.365205583807954,240.465,110.188,4.5,148572.0,0.08,21160.6,618573.0,1579.0,1.07,4464094.97,7.0,81.22285752069382,235.678,231.85,2.0311611605665414,22.37404580152671,0.08,0.1,0.0,-11.111111111111105,20981.0,20633.3,0.8560125828130039,12.810807352753017,4.7,5.4,-4.255319148936176,-34.78260869565217,147771.0,146762.0,0.5420549363542193,4.290327109364034
2021-11-30,100.8654,0.678038170963835,3.897545981936834,100.1861,98.8579,100.0437,99.4333,97.0816,99.9698,99.10345000000001,1.3721693087290574,243.287,110.77,4.1,149230.0,0.08,21335.5,624874.0,1705.0,0.91,4489285.61,6.6,78.653809320359,240.465,233.415,1.173559561682569,22.686333837619756,0.08,0.09,0.0,-11.111111111111105,21160.6,20840.9,0.8265361095621149,12.309838395536143,4.5,5.1,-8.888888888888902,-38.805970149253746,148572.0,147314.0,0.4428829119887956,4.551855562483809
2021-12-31,100.5726,-0.2902878489551397,2.2463731281071153,100.8654,100.1861,98.8579,99.7987,98.363,100.54136666666666,99.28758333333333,1.411466330924378,241.338,111.418,3.9,149816.0,0.08,21498.5,619938.0,1722.0,0.79,4512720.41,6.6,71.69000070745295,243.287,235.678,-0.8011114445079293,20.36807980049875,0.08,0.08,0.0,-11.111111111111105,21335.5,20981.0,0.7639849077827998,12.465146450300013,4.1,4.7,-4.8780487804877986,-41.7910447761194,149230.0,147771.0,0.39268243650740775,5.098633442770151
2022-01-31,100.1856,-0.3847966543571557,1.3181341030033655,100.5726,100.8654,100.1861,100.2519,98.8822,100.54119999999999,99.39620000000001,1.4274941986826126,246.453,111.976,4.0,150006.0,0.08,21650.1,631509.0,1702.0,0.61,4527332.7,4.2,82.97900009155273,241.338,240.465,2.1194341545881734,20.338378906249986,0.08,0.08,0.0,-11.111111111111105,21498.5,21160.6,0.7051654766611515,11.719386965271683,3.9,4.5,2.564102564102577,-37.5,149816.0,148572.0,0.12682223527527015,4.999895004304822
2022-02-28,100.8064,0.6196499297304259,5.429593086433182,100.1856,100.5726,100.8654,100.0437,95.6149,100.52153333333332,99.828825,0.8452863002071861,252.66,112.468,3.9,150825.0,0.08,21725.2,638101.0,1735.0,0.39,4558346.19,4.1,91.62894680625514,246.453,243.287,2.5185329454297634,19.97150997150998,0.08,0.08,0.0,0.0,21650.1,21335.5,0.34688061487015975,10.606970847885645,4.0,4.1,-2.500000000000002,-37.096774193548384,150006.0,149230.0,0.5459781608735614,5.192495466592262
2022-03-31,101.3907,0.5796258967684542,3.0544104015221674,100.8064,100.1856,100.5726,98.8579,98.3856,100.79423333333334,100.07925,0.8237166972160281,260.014,112.914,3.7,151315.0,0.2,21787.2,651027.0,1712.0,0.04,4600150.62,3.2,108.26217385996942,252.66,241.338,2.9106308873585007,20.936744186046518,0.08,0.08,150.0,185.71428571428572,21725.2,21498.5,0.28538287334523016,9.631060926272571,3.9,3.9,-5.128205128205121,-39.344262295081954,150825.0,149816.0,0.32487982761477685,4.910838094181602
2022-04-30,101.44,0.0486237889668395,2.923435475508507,101.3907,100.8064,100.1856,100.1861,98.5587,101.21236666666668,100.31935833333334,0.7574685885574748,265.31,113.307,3.7,151623.0,0.33,21769.4,660194.0,1820.0,0.19,4633199.93,2.6,101.64049949645997,260.014,246.453,2.036813402355264,21.757687012391003,0.2,0.08,64.99999999999999,371.42857142857144,21787.2,21650.1,-0.08169934640522847,7.892689164341404,3.7,4.0,0.0,-39.344262295081954,151315.0,150006.0,0.203548888081162,4.8662742846867335
2022-05-31,101.3335,-0.10498817034699792,1.9110298059100916,101.44,101.3907,100.8064,100.8654,99.4333,101.38806666666666,100.47770833333333,0.7540094386414083,273.251,113.703,3.6,151924.0,0.77,21719.9,659847.0,1531.0,0.32,4662495.89,2.6,109.259522937593,265.31,252.66,2.9931024085032565,21.49888839484213,0.33,0.08,133.33333333333334,1183.3333333333335,21769.4,21725.2,-0.22738339136586516,6.155793630623063,3.7,3.9,-2.7027027027027084,-37.93103448275862,151623.0,150825.0,0.1985186943933348,4.728225278323506
2022-06-30,101.018,-0.31134817212471466,1.2217594016755706,101.3335,101.44,101.3907,100.5726,99.7987,101.26383333333332,100.57931666666667,0.736132664467953,280.251,114.376,3.6,152358.0,1.21,21651.5,666113.0,1551.0,0.06,4700193.52,2.2,114.33904811314174,273.251,260.014,2.561747258015523,22.433813892529475,0.77,0.2,57.14285714285714,1412.5,21719.9,21787.2,-0.3149185769731999,5.731572727539103,3.6,3.7,0.0,-38.98305084745763,151924.0,151315.0,0.28566915036465357,4.483609930050747
2022-07-31,101.223,0.2029341305509913,0.968659945597028,101.018,101.3335,101.44,100.1856,100.2519,101.1915,100.66024166666666,0.7501117849520536,272.274,114.628,3.5,153072.0,1.68,21652.9,659550.0,1381.0,-0.22,4722322.76,3.3,99.38449974060059,280.251,265.31,-2.846376997762712,17.43541082596507,1.21,0.33,38.84297520661158,1579.9999999999998,21651.5,21769.4,0.006466064706844854,4.941526561432252,3.6,3.7,-2.777777777777779,-35.18518518518518,152358.0,151623.0,0.4686330878588496,4.299478066529483
2022-08-31,101.0963,-0.12516918091738383,1.0521402147261716,101.223,101.018,101.3335,100.8064,100.0437,101.11243333333333,100.74795833333332,0.7328051501632395,269.546,115.276,3.6,153362.0,2.33,21638.4,663566.0,1531.0,-0.3,4751733.84,3.2,91.48260862930961,272.274,273.251,-1.001931877446982,15.47929653192812,1.68,0.77,38.69047619047621,2488.888888888889,21652.9,21719.9,-0.06696562585150057,3.826610175184375,3.5,3.6,2.857142857142869,-29.411764705882348,153072.0,151924.0,0.1894533291523004,4.105516108448626
2022-09-30,101.2918,0.19337997533044327,2.462018715752601,101.0963,101.223,101.018,101.3907,98.8579,101.20370000000001,100.95078333333333,0.44074572721728816,267.898,115.788,3.5,153582.0,2.56,21536.7,661854.0,1488.0,-0.39,4778626.2,3.4,83.8019049508231,269.546,280.251,-0.6113984255006422,13.67119544463209,2.33,1.21,9.871244635193133,3100.0,21638.4,21651.5,-0.4699977817213874,2.648586816643639,3.6,3.6,-2.777777777777779,-25.531914893617024,153362.0,152358.0,0.14345144168699253,3.932435998944306
2022-10-31,101.2529,-0.03840389843995373,1.0648183730078253,101.2918,101.0963,101.223,101.44,100.1861,101.21366666666665,101.03968333333334,0.37519935509044666,265.061,116.204,3.6,153939.0,3.08,21461.7,668671.0,1435.0,-0.41,4810383.4,3.4,87.03095245361328,267.898,272.274,-1.0589851361339164,10.228515584388575,2.56,1.68,20.3125,3750.0,21536.7,21652.9,-0.3482427669977306,1.422927516233008,3.5,3.5,2.857142857142869,-19.999999999999996,153582.0,153072.0,0.2324491151306729,3.61238995234634
2022-11-30,100.9552,-0.29401627015126497,0.08902953837490735,101.2529,101.2918,101.0963,101.3335,100.8654,101.16663333333334,101.04716666666666,0.37229153613595356,263.157,116.539,3.6,154242.0,3.78,21406.7,659458.0,1424.0,-0.7,4840742.38,3.8,84.38571457635788,265.061,269.546,-0.7183252157050624,8.16730856971395,3.08,2.33,22.727272727272705,4625.0,21461.7,21638.4,-0.2562704725161513,0.3337161069578931,3.6,3.6,0.0,-12.195121951219502,153939.0,153362.0,0.19683121236333534,3.358574013268112
2022-12-31,99.7664,-1.1775520230755787,-0.8016099812473643,100.9552,101.2529,101.2918,101.018,100.5726,100.65816666666666,100.97998333333332,0.512178714962162,257.897,116.952,3.5,154342.0,4.1,21290.9,651763.0,1308.0,-0.53,4858438.6,4.2,76.51809510730561,263.157,267.898,-1.9988067959430977,6.861331410718585,3.78,2.56,8.465608465608465,5024.999999999999,21406.7,21536.7,-0.5409521318091914,-0.9656487661929836,3.6,3.5,-2.777777777777779,-10.256410256410254,154242.0,153582.0,0.06483318421701689,3.0210391413467264
2023-01-31,100.505,0.7403294095005952,0.3188082918103907,99.7664,100.9552,101.2529,101.223,100.1856,100.40886666666667,101.00659999999999,0.4740215108272568,260.227,117.505,3.5,154776.0,4.33,21279.9,680253.0,1361.0,-0.69,4874098.11,4.9,78.16400032043457,257.897,265.061,0.9034614594198409,5.588895245746639,4.1,3.08,5.609756097560981,5312.5,21290.9,21461.7,-0.05166526544204686,-1.7099228179084491,3.5,3.6,0.0,-12.5,154342.0,153939.0,0.2811937126640851,3.1798728050878022
2023-02-28,100.6416,0.13591363613749685,-0.1634816837026265,100.505,99.7664,100.9552,101.0963,100.8064,100.30433333333333,100.99286666666666,0.4826576074820431,258.669,117.929,3.6,155066.0,4.57,21243.7,672152.0,1399.0,-0.89,4884884.3,5.5,76.86052583393298,260.227,263.157,-0.5987080510477361,2.378294941819048,4.33,3.78,5.542725173210172,5612.5,21279.9,21406.7,-0.1701135813608201,-2.216320217995693,3.5,3.6,2.857142857142869,-7.692307692307687,154776.0,154242.0,0.18736755052461973,2.811868059008793
2023-03-31,101.0205,0.3764844756045216,-0.36512224493961964,100.6416,100.505,99.7664,101.2918,101.3907,100.72236666666667,100.96201666666667,0.46647747647693943,257.062,118.315,3.5,155134.0,4.65,20947.4,665071.0,1377.0,-0.58,4909583.56,6.0,73.37260934580927,258.669,257.897,-0.6212572824729534,-1.1353234825817071,4.57,4.1,1.7505470459518557,2225.0,21243.7,21290.9,-1.394766448405882,-3.854556803995002,3.6,3.5,-2.777777777777779,-5.405405405405405,155066.0,154342.0,0.043852295151736165,2.5238740376036795
2023-04-30,101.253,0.23015130592305422,-0.1843454258675048,101.0205,100.6416,100.505,101.2529,101.44,100.9717,100.94643333333333,0.45195562399454164,256.908,118.734,3.4,155375.0,4.83,20761.4,670494.0,1354.0,-0.6,4921886.44,5.8,79.43842155054996,257.062,260.227,-0.059907726540675554,-3.166861407410193,4.65,4.33,3.8709677419354716,1363.6363636363637,20947.4,21279.9,-0.8879383598919155,-4.630352696904827,3.5,3.5,-2.857142857142858,-8.108108108108114,155134.0,154776.0,0.15534956875991046,2.474558609181976
2023-05-31,100.9286,-0.32038556882264535,-0.39957171123073953,101.253,101.0205,100.6416,100.9552,101.3335,101.06736666666666,100.91269166666666,0.43523642155868275,253.67,119.083,3.6,155655.0,5.06,20829.6,673902.0,1584.0,-0.76,4927043.14,6.1,71.62090925736861,256.908,258.669,-1.2603733632273184,-7.165939008457423,4.83,4.57,4.761904761904745,557.1428571428571,20761.4,21243.7,0.3284942248595879,-4.099005980690529,3.4,3.6,5.882352941176472,0.0,155375.0,155066.0,0.18020917135961323,2.4558331797477795
2023-06-30,100.1196,-0.8015567440745164,-0.8893464531073647,100.9286,101.253,101.0205,99.7664,101.018,100.76706666666666,100.837825,0.4893764587807508,253.86,119.39,3.6,155880.0,5.08,20799.4,677117.0,1421.0,-1.06,4950379.77,5.8,70.27428545270648,253.67,257.062,0.07490046122917704,-9.416915550702754,5.06,4.65,0.39525691699606735,319.8347107438017,20829.6,20947.4,-0.14498598148786623,-3.935524097637566,3.6,3.5,0.0,0.0,155655.0,155134.0,0.14455044810639528,2.311660693892015
2023-07-31,100.9067,0.786159752935478,-0.31247838929887584,100.1196,100.9286,101.253,100.505,101.223,100.65163333333334,100.81146666666666,0.47505304456577746,253.835,119.556,3.5,156043.0,5.12,20791.4,678424.0,1460.0,-0.91,4959206.3,5.5,76.03449974060058,253.86,256.908,-0.009847947687702252,-6.772222099796521,5.08,4.83,0.7874015748031482,204.7619047619048,20799.4,20761.4,-0.03846264796100174,-3.9786818393841017,3.6,3.4,-2.777777777777779,0.0,155880.0,155375.0,0.10456761611497001,1.940916692798167
2023-08-31,100.8393,-0.06679437539827138,-0.25421306219911566,100.9067,100.1196,100.9286,100.6416,101.0963,100.62186666666666,100.79005000000001,0.46676545891492943,257.68,119.689,3.7,156261.0,5.33,20777.5,684755.0,1317.0,-0.76,4945158.71,5.6,81.3208697775136,253.835,253.67,1.5147635274883386,-4.402217061280811,5.12,5.06,4.1015625,128.75536480686694,20791.4,20829.6,-0.06685456486816843,-3.978575125702466,3.5,3.6,5.714285714285716,2.77777777777779,156043.0,155655.0,0.13970508129168557,1.8902987702299034
2023-09-30,101.0211,0.18028685244741993,-0.2672476942852109,100.8393,100.9067,100.1196,101.0205,101.2918,100.92236666666668,100.76749166666666,0.4464093544518614,258.934,120.058,3.7,156417.0,5.33,20747.8,689403.0,1371.0,-0.44,4955057.13,5.3,89.43050003051758,257.68,253.86,0.4866501086619124,-3.346049615898583,5.33,5.08,0.0,108.203125,20777.5,20799.4,-0.14294308747443418,-3.6630495851267875,3.7,3.6,0.0,5.714285714285716,156261.0,155880.0,0.09983297175879535,1.8459194436847959
2023-10-31,100.4689,-0.5466184787138562,-0.7742988102069082,101.0211,100.8393,100.9067,101.253,101.2529,100.77643333333333,100.70215833333333,0.4258049947573611,255.192,120.241,3.9,156576.0,5.33,20732.9,686148.0,1368.0,-0.19,4965604.43,5.4,85.46681837602095,258.934,253.835,-1.4451559084554422,-3.723293883294776,5.33,5.12,0.0,73.05194805194806,20747.8,20791.4,-0.07181484301949093,-3.3958167339959044,3.7,3.5,5.405405405405395,8.333333333333325,156417.0,156043.0,0.10165135503175105,1.71301619472648
2023-11-30,100.8639,0.39315648922202406,-0.09043615385835313,100.4689,101.0211,100.8393,100.9286,100.9552,100.78463333333333,100.69455,0.42166816660376855,252.856,120.374,3.7,156703.0,5.33,20746.4,685328.0,1514.0,-0.36,4989125.32,5.6,77.37666720435733,255.192,257.68,-0.9153891971535155,-3.9143933089372474,5.33,5.33,0.0,41.00529100529102,20732.9,20777.5,0.06511390109440462,-3.0845482956270653,3.9,3.7,-5.128205128205121,2.77777777777779,156576.0,156261.0,0.08111077048844617,1.5955446635806059
2023-12-31,100.6031,-0.25856624619908786,0.8386591076755323,100.8639,100.4689,101.0211,100.1196,99.7664,100.6453,100.76427500000001,0.30813312390127173,249.866,120.592,3.8,156857.0,5.33,20777.8,686277.0,1521.0,-0.35,4988225.93,5.6,72.12350006103516,252.856,258.934,-1.1824912202992977,-3.114033897253543,5.33,5.33,0.0,30.000000000000004,20746.4,20747.8,0.15135155978867054,-2.4099497907556833,3.7,3.7,2.7027027027026973,8.571428571428562,156703.0,156417.0,0.09827508088549042,1.6294981275349452
2024-01-31,99.2223,-1.3725223179007373,-1.2762549126908995,100.6031,100.8639,100.4689,100.9067,100.505,100.22976666666666,100.65738333333333,0.5408545155302057,251.306,121.217,3.7,157032.0,5.33,20843.7,680456.0,1381.0,-0.28,5003237.0,6.4,73.86095210484096,249.866,255.192,0.5763089015712319,-3.428160798072444,5.33,5.33,0.0,23.094688221709013,20777.8,20732.9,0.3171654361867171,-2.0498216626957833,3.8,3.9,-2.631578947368407,5.714285714285716,156857.0,156576.0,0.11156658612621051,1.4575903240812593
2024-02-29,100.285,1.0710293956096573,-0.3543266402759926,99.2223,100.6031,100.8639,100.8393,100.6416,100.03680000000001,100.62766666666668,0.5514924335311817,254.926,121.537,3.9,157238.0,5.33,20926.9,685280.0,1552.0,-0.39,5013802.76,6.1,76.61000022888183,251.306,252.856,1.440474958815141,-1.447023029431438,5.33,5.33,0.0,16.630196936542664,20843.7,20746.4,0.3991613772986513,-1.4912656458149876,3.7,3.7,5.405405405405395,8.333333333333325,157032.0,156703.0,0.13118345305416224,1.400693898082106
2024-03-31,100.4575,0.17200977214937296,-0.557312624665296,100.285,99.2223,100.6031,101.0211,101.0205,99.98826666666668,100.58075000000001,0.5388377669490477,255.095,122.009,3.9,157466.0,5.33,20973.2,687641.0,1312.0,-0.39,5013894.23,5.9,80.40499992370606,254.926,249.866,0.06629374798960974,-0.7651850526332216,5.33,5.33,0.0,14.623655913978496,20926.9,20777.8,0.22124633844478048,0.12316564346888104,3.9,3.8,0.0,11.428571428571432,157238.0,156857.0,0.14500311629503937,1.5032165740585635
2024-04-30,100.2434,-0.2131249533384838,-0.9971062585799939,100.4575,100.285,99.2223,100.4689,101.253,100.32863333333334,100.49661666666667,0.501882952368904,256.978,122.304,3.9,157530.0,5.33,20958.8,687602.0,1385.0,-0.35,5017383.19,5.8,84.39409117265181,255.095,251.306,0.7381563731158947,0.027247107914107893,5.33,5.33,0.0,10.351966873706008,20973.2,20843.7,-0.06865905059790789,0.9508029323648692,3.9,3.7,0.0,14.705882352941169,157466.0,157032.0,0.04064369451182159,1.3869670152856006
2024-05-31,100.863,0.6180955554181189,-0.06499644303002983,100.2434,100.4575,100.285,100.8639,100.9286,100.5213,100.49115,0.497084226446141,255.313,122.383,3.9,157608.0,5.33,21019.9,692774.0,1316.0,-0.38,5025680.49,5.8,78.6213642467152,256.978,254.926,-0.647915385752873,0.6476918831552769,5.33,5.33,0.0,5.335968379446654,20958.8,20926.9,0.2915243239116849,0.9136037177862377,3.9,3.9,0.0,8.333333333333325,157530.0,157238.0,0.049514378213677546,1.2546978895634497
2024-06-30,100.894,0.030734759029571457,0.7734749239909133,100.863,100.2434,100.4575,100.6031,100.1196,100.66680000000001,100.55568333333333,0.4947252788314764,255.914,122.677,4.1,157695.0,5.33,21067.7,692449.0,1327.0,-0.35,5027231.09,5.7,78.69842127749794,255.313,255.095,0.23539733581916522,0.8091073820215788,5.33,5.33,0.0,4.921259842519676,21019.9,20973.2,0.22740355567818504,1.2899410559920055,3.9,3.9,5.128205128205132,13.888888888888884,157608.0,157466.0,0.05520024364245035,1.16435719784449
2024-07-31,99.9757,-0.9101631415148637,-0.9226344732312097,100.894,100.863,100.2434,99.2223,100.9067,100.57756666666667,100.4781,0.5075092475643946,257.321,122.911,4.2,157748.0,5.33,21094.4,698835.0,1265.0,-0.2,5045190.31,5.3,80.48136381669478,255.914,256.978,0.549794071445886,1.3733330706955371,5.33,5.33,0.0,4.1015625,21067.7,20958.8,0.12673428993199565,1.4573333205075256,4.1,3.9,2.4390243902439046,19.999999999999996,157695.0,157530.0,0.033609182282257066,1.0926475394602786
2024-08-31,100.4309,0.45531064048562886,-0.4050008280501727,99.9757,100.894,100.863,100.285,100.8393,100.43353333333334,100.44406666666667,0.4946151108473485,255.463,123.128,4.2,157757.0,5.33,21185.8,697039.0,1391.0,0.0,5052970.03,5.2,75.4336367520419,257.321,255.313,-0.7220553316674594,-0.8603694504812243,5.33,5.33,0.0,0.0,21094.4,21019.9,0.4332903519417286,1.9651064853808187,4.2,3.9,0.0,13.513513513513509,157748.0,157608.0,0.005705302127445577,0.9573726009688865
2024-09-30,99.8084,-0.619829156166074,-1.2004422838397089,100.4309,99.9757,100.894,100.4575,101.0211,100.07166666666667,100.34300833333334,0.4898642102353017,252.682,123.466,4.1,157912.0,5.13,21268.6,703055.0,1357.0,0.15,5056994.97,4.8,69.37249946594238,255.463,255.914,-1.088611658048333,-2.414514895687714,5.33,5.33,-3.752345215759856,-3.752345215759856,21185.8,21067.7,0.39082781863322147,2.5101456539970535,4.2,4.1,-2.3809523809523947,10.81081081081079,157757.0,157695.0,0.0982523754888831,0.9557784639776967
2024-10-31,99.4695,-0.33955057890919793,-0.9947356843759692,99.8084,100.4309,99.9757,100.2434,100.4689,99.90293333333334,100.259725,0.5480188386358353,253.081,123.832,4.1,157945.0,4.83,21331.0,708290.0,1352.0,0.12,5067259.29,5.0,71.5617383873981,252.682,257.321,0.1579059845972397,-0.8272202890372782,5.13,5.33,-5.847953216374268,-9.380863039399623,21268.6,21094.4,0.29339025605823466,2.884786981078369,4.1,4.2,0.0,5.128205128205132,157912.0,157748.0,0.02089771518314354,0.8743357858164824
2024-11-30,99.2925,-0.17794399288223461,-1.5579409481489392,99.4695,99.8084,100.4309,100.863,100.8639,99.52346666666666,100.128775,0.5774783004579357,253.211,123.962,4.2,158079.0,4.64,21451.6,711853.0,1295.0,0.05,5060645.16,4.9,69.5439998626709,253.081,255.463,0.05136695366305677,0.14039611478471326,4.83,5.33,-3.9337474120082927,-12.945590994371493,21331.0,21185.8,0.565374337818203,3.399143947865646,4.1,4.2,2.4390243902439046,13.513513513513509,157945.0,157757.0,0.08483965937509108,0.8780942292106797
2024-12-31,100.3273,1.0421733766397212,-0.2741466217243804,99.2925,99.4695,99.8084,100.894,100.6031,99.69643333333333,100.10579166666666,0.5621696791057389,253.423,124.196,4.1,158316.0,4.48,21485.3,717265.0,1514.0,0.33,4948060.37,4.3,69.69761912027995,253.211,252.682,0.08372464071466634,1.4235630297839696,4.64,5.13,-3.44827586206895,-15.947467166979356,21451.6,21268.6,0.15709783885584638,3.4050765721106213,4.2,4.1,-2.3809523809523947,7.8947368421052655,158079.0,157912.0,0.14992503748125774,0.9301465666180064
2025-01-31,100.0647,-0.261743314132834,0.849002693950851,100.3273,99.2925,99.4695,99.9757,99.2223,99.89483333333334,100.17599166666666,0.4897473141755901,257.36,124.587,4.0,158268.0,4.33,21547.6,711260.0,1358.0,0.36,4957972.0,5.1,75.0980951218378,253.423,253.081,1.5535290798388557,2.4090153040516427,4.48,4.83,-3.3482142857142905,-18.761726078799246,21485.3,21331.0,0.2899656974768794,3.377039585102448,4.1,4.1,-2.4390243902438935,8.108108108108091,158316.0,157945.0,-0.030319108618204194,0.787100718324929
2025-02-28,101.0993,1.033931046612846,0.8119858403550007,100.0647,100.3273,99.2925,100.4309,100.285,100.4971,100.24385,0.5578966318395834,259.498,125.145,4.2,158310.0,4.33,21613.2,711922.0,1490.0,0.25,4956911.64,5.2,71.20894743266858,257.36,253.211,0.8307429281939616,1.7934616320030239,4.33,4.64,0.0,-18.761726078799246,21547.6,21451.6,0.30444225807051417,3.2795110599276533,4.0,4.2,5.000000000000004,7.692307692307709,158268.0,158079.0,0.02653726590340355,0.681769038018798
2025-03-31,101.0404,-0.05825955273676131,0.5802453773984029,101.0993,100.0647,100.3273,99.8084,100.4575,100.7348,100.292425,0.6018355545931889,258.525,125.267,4.2,158377.0,4.33,21693.5,722572.0,1355.0,0.34,5020902.36,5.1,67.93952469598679,259.498,253.423,-0.37495472026759513,1.3445971108802413,4.33,4.48,0.0,-18.761726078799246,21613.2,21485.3,0.3715322117964881,3.434382926782753,4.2,4.1,0.0,7.692307692307709,158310.0,158316.0,0.04232202640388483,0.578537589066852
2025-04-30,101.1279,0.08659902375682815,0.8823523543694645,101.0404,101.0993,100.0647,99.4695,100.2434,101.0892,100.36613333333334,0.6477012770113841,258.392,125.502,4.2,158485.0,4.33,21775.5,721789.0,1398.0,0.57,5038845.21,5.5,62.962380727132164,258.525,257.36,-0.05144570157624706,0.5502416549276523,4.33,4.33,0.0,-18.761726078799246,21693.5,21547.6,0.37799340816373483,3.8966925587342827,4.2,4.0,0.0,7.692307692307709,158377.0,158268.0,0.06819171975729343,0.6062337332571666
2025-05-31,100.9655,-0.16058871982903566,0.10162299356553106,101.1279,101.0404,101.0993,99.2925,100.863,101.0446,100.37467500000001,0.6554786441634075,258.678,125.79,4.3,158498.0,4.33,21833.8,716101.0,1282.0,0.52,5047974.11,4.9,60.935238247825986,258.392,259.498,0.11068454131706318,1.317990074927633,4.33,4.33,0.0,-18.761726078799246,21775.5,21613.2,0.26773208422308237,3.8720450620602254,4.2,4.2,2.3809523809523725,10.256410256410264,158485.0,158310.0,0.00820266902230582,0.5646921476067268
2025-06-30,101.4785,0.5080943490598289,0.5793208714095943,100.9655,101.1279,101.0404,100.3273,100.894,101.19063333333334,100.42338333333333,0.7164582038601665,260.491,126.121,4.1,158478.0,4.33,21938.7,723033.0,1382.0,0.52,5042682.73,4.6,67.32600002288818,258.678,258.525,0.7008713535747058,1.7884914463452528,4.33,4.33,0.0,-18.761726078799246,21833.8,21693.5,0.4804477461550549,4.134290881301705,4.3,4.2,-4.651162790697683,0.0,158498.0,158377.0,-0.012618455753388158,0.496528108056693
2025-07-31,101.894,0.4094463359233913,1.9187662602012212,101.4785,100.9655,101.1279,100.0647,99.9757,101.44599999999998,100.58324166666667,0.8147544364666931,262.358,126.43,4.3,158542.0,4.33,22019.9,727727.0,1420.0,0.43,5055388.53,4.5,67.21086883544922,260.491,258.392,0.7167234184674465,1.9574772366032889,4.33,4.33,0.0,-18.761726078799246,21938.7,21775.5,0.37012220414154307,4.387420358009719,4.1,4.2,4.878048780487809,2.3809523809523725,158478.0,158485.0,0.04038415426745878,0.503334432132263
2025-08-31,101.6247,-0.26429426659076993,1.1886779865559305,101.894,101.4785,100.9655,101.0993,100.4309,101.66573333333334,100.682725,0.8657491229353705,262.11,126.714,4.3,158472.0,4.33,22086.8,731700.0,1291.0,0.64,5056229.64,4.4,64.01904787336078,262.358,258.678,-0.09452732525785379,2.60194235564446,4.33,4.33,0.0,-18.761726078799246,22019.9,21833.8,0.3038160936243983,4.252848606141857,4.3,4.3,0.0,2.3809523809523725,158542.0,158498.0,-0.04415233818167996,0.45322869983581704
2025-09-30,101.668,0.04260775185560561,1.8631698334008018,101.6247,101.894,101.4785,101.0404,99.8084,101.72890000000001,100.83769166666667,0.8614408431735734,262.054,126.954,4.4,158548.0,4.22,22169.8,732192.0,1328.0,0.56,5071499.16,4.3,63.53380911690848,262.11,260.491,-0.021365075731583083,3.709009743472036,4.33,4.33,-2.5404157043879994,-17.738791423001953,22086.8,21938.7,0.37579006465400244,4.237232351917863,4.3,4.1,2.3255813953488413,7.317073170731736,158472.0,158478.0,0.047957998889391895,0.4027559653477786
2025-10-31,101.2075,-0.45294487941143213,1.7472692634425524,101.668,101.6247,101.894,101.1279,99.4695,101.50006666666667,100.982525,0.7493010696337294,260.591,127.245,4.4,158408.0,4.09,22250.4,731051.0,1272.0,0.51,5078804.19,4.0,60.06956531690515,262.054,262.358,-0.5582818808337109,2.967429400073507,4.22,4.33,-3.08056872037914,-15.320910973084889,22169.8,22019.9,0.3635576324549694,4.31015892363229,4.4,4.3,0.0,7.317073170731736,158548.0,158542.0,-0.08830133461159573,0.29314001709455084
2025-11-30,101.3605,0.1511745671022524,2.08273535261978,101.2075,101.668,101.6247,100.9655,99.2925,101.41199999999999,101.15485833333332,0.5314019441887391,261.579,127.473,4.5,158449.0,3.88,22296.5,734718.0,1324.0,0.55,5081425.71,4.0,59.47947391710783,260.591,262.11,0.379138189730277,3.304753742925848,4.09,4.33,-5.134474327628357,-16.37931034482758,22250.4,22086.8,0.20718728652069363,3.938633948050496,4.4,4.3,2.2727272727272707,7.14285714285714,158408.0,158472.0,0.025882531185295043,0.23406018509732895
2025-12-31,101.6781,0.31333704944234153,1.3463932548767987,101.3605,101.2075,101.668,101.4785,100.3273,101.41536666666666,101.267425,0.4808271549675927,261.02,127.929,4.4,158432.0,3.72,22386.9,734717.0,1387.0,0.71,5106629.68,4.0,57.866363525390625,261.579,262.054,-0.21370217028126026,2.9977547420715567,3.88,4.22,-4.123711340206182,-16.964285714285722,22296.5,22169.8,0.405444800753485,4.19635750955305,4.5,4.4,-2.2222222222222143,7.317073170731736,158449.0,158548.0,-0.010729004285292554,0.07327117916067216
2026-01-31,102.3963,0.7063467944424584,2.330092430197661,101.6781,101.3605,101.2075,101.894,100.0647,101.81163333333332,101.461725,0.41756041941652683,262.39,128.394,4.3,158592.0,3.64,22469.1,733955.0,1487.0,0.74,5114679.44,4.5,60.25949974060059,261.02,260.591,0.5248639950961698,1.9544606776499718,3.72,4.09,-2.1505376344086002,-15.935334872979212,22386.9,22250.4,0.36717901987322055,4.276578366036121,4.4,4.4,-2.272727272727282,7.499999999999996,158432.0,158408.0,0.10098969905070199,0.2047160512548274
2026-02-28,102.551,0.15107967768366315,1.435914986552822,102.3963,101.6781,101.3605,101.6247,101.0993,102.20846666666667,101.5827,0.5042972139519136,267.848,128.394,4.4,158459.0,3.64,22667.3,738366.0,1487.0,0.59,5114679.44,4.5,64.52315722013775,262.39,261.579,2.080109760280502,3.217751196541019,3.64,3.88,0.0,-15.935334872979212,22469.1,22296.5,0.8821003066433519,4.877112135176653,4.3,4.5,2.3255813953488413,4.761904761904767,158592.0,158449.0,-0.0838629943502811,0.09411913334596012
2026-03-31,102.551,0.0,1.4950455461379741,102.551,102.3963,101.6781,101.668,101.0404,102.49943333333333,101.70858333333332,0.5436266028562139,267.848,128.394,4.3,158637.0,3.64,22667.3,738366.0,1487.0,0.51,5114679.44,4.5,90.99727249145508,267.848,261.02,0.0,3.606227637559245,3.64,3.72,0.0,-15.935334872979212,22667.3,22386.9,0.0,4.488902205729817,4.4,4.4,-2.272727272727282,2.3809523809523725,158459.0,158432.0,0.11233189657893217,0.1641652512675451
2026-04-30,102.551,0.0,1.407227876777828,102.551,102.551,102.3963,101.2075,101.1279,102.551,101.827175,0.5604003132904288,267.848,128.394,4.3,158637.0,3.64,22667.3,738366.0,1487.0,0.51,5114679.44,4.5,106.09000015258789,267.848,262.39,0.0,3.6595560234063074,3.64,3.64,0.0,-15.935334872979212,22667.3,22469.1,0.0,4.095428348373176,4.3,4.3,0.0,2.3809523809523725,158637.0,158592.0,0.0,0.09590813010695864
