Target,Horizon,Method,expert,pc,diff_pc_minus_expert,pc_wins,Asset
BTC,21,DML,2226.189329,2176.096297,-50.093031999999766,True,Bitcoin
BTC,5,DML,2186.665869,2165.354526,-21.31134299999985,True,Bitcoin
BTC,1,DML,2181.523279,2167.729013,-13.79426599999988,True,Bitcoin
BTC,21,CausalImpact,2162.667169,2153.361135,-9.306033999999727,True,Bitcoin
BTC,1,CausalImpact,2147.622085,2144.528574,-3.093511000000035,True,Bitcoin
ETH,21,DML,121.429503,118.497681,-2.931821999999997,True,Ethereum
ETH,1,CausalImpact,117.905108,116.948762,-0.9563459999999964,True,Ethereum
IndProd,3,DML,2.851437,2.381727,-0.46971000000000007,True,IndProd
Gold,1,CausalImpact,47.704675,47.373313,-0.3313619999999986,True,Gold
IndProd,3,VAR+Granger,1.768284,1.579333,-0.18895099999999987,True,IndProd
UMCSENT,3,IV-2SLS,4.468871,4.311993,-0.15687799999999985,True,UMCSENT
CPI,3,VAR+Granger,0.615532,0.465152,-0.15037999999999996,True,CPI
ETH,5,DML,121.763758,121.614277,-0.14948099999999442,True,Ethereum
UMCSENT,3,DML,5.080522,4.93137,-0.14915199999999995,True,UMCSENT
ETH,21,CausalImpact,115.63662,115.495831,-0.14078899999999805,True,Ethereum
USDJPY,1,VAR+Granger,0.840031,0.701025,-0.13900599999999996,True,USD/JPY
CPI,3,DML,0.639858,0.530181,-0.10967700000000002,True,CPI
CPI,1,VAR+Granger,0.621179,0.51627,-0.10490900000000003,True,CPI
CPI,6,DML,0.69529,0.601012,-0.09427799999999997,True,CPI
CPI,3,CausalImpact,0.665208,0.587648,-0.07756000000000007,True,CPI
CPI,6,VAR+Granger,0.534993,0.464263,-0.07073000000000007,True,CPI
IndProd,6,VAR+Granger,1.87246,1.810157,-0.062303,True,IndProd
ETH,5,CausalImpact,116.698605,116.636312,-0.06229299999999682,True,Ethereum
Gold,21,CausalImpact,47.444788,47.409023,-0.03576500000000493,True,Gold
CPI,6,CausalImpact,0.648271,0.618379,-0.02989200000000003,True,CPI
Gold,5,VAR+Granger,47.095325,47.078983,-0.016342000000001633,True,Gold
USDJPY,1,CausalImpact,0.703243,0.690837,-0.012405999999999917,True,USD/JPY
USDJPY,1,DML,0.728249,0.716776,-0.011473000000000066,True,USD/JPY
IndProd,1,DML,2.209362,2.198584,-0.010778000000000176,True,IndProd
USDJPY,5,VAR+Granger,0.889777,0.880754,-0.009023000000000003,True,USD/JPY
Gold,21,VAR+Granger,47.288138,47.280676,-0.007461999999996749,True,Gold
Gold,5,CausalImpact,47.143942,47.138039,-0.005903000000003544,True,Gold
WTI_oil,21,CausalImpact,1.89893,1.895296,-0.003633999999999915,True,WTI Oil
WTI_oil,5,VAR+Granger,1.872344,1.870841,-0.001503000000000032,True,WTI Oil
Gold,1,VAR+Granger,47.203213,47.201723,-0.0014899999999968827,True,Gold
NatGas,1,IV-2SLS,0.936616,0.93557,-0.0010459999999999914,True,Nat.Gas
GBPUSD,1,VAR+Granger,0.006784,0.006287,-0.000497,True,GBP/USD
EURUSD,1,VAR+Granger,0.006109,0.005638,-0.00047100000000000006,True,EUR/USD
GBPUSD,1,DML,0.007113,0.006709,-0.0004040000000000007,True,GBP/USD
WTI_oil,21,VAR+Granger,1.884744,1.884419,-0.0003249999999999087,True,WTI Oil
EURUSD,1,CausalImpact,0.005112,0.004917,-0.00019499999999999986,True,EUR/USD
NatGas,5,IV-2SLS,0.930477,0.930369,-0.00010799999999999699,True,Nat.Gas
GBPUSD,1,CausalImpact,0.006153,0.006056,-9.699999999999986e-05,True,GBP/USD
EURUSD,5,VAR+Granger,0.005006,0.004936,-6.999999999999975e-05,True,EUR/USD
EURUSD,1,DML,0.00501,0.005001,-8.99999999999946e-06,True,EUR/USD
EURUSD,21,CausalImpact,0.005026,0.005018,-8.000000000000194e-06,True,EUR/USD
USDJPY,21,VAR+Granger,0.90427,0.904263,-6.999999999979245e-06,True,USD/JPY
EURUSD,21,VAR+Granger,0.004933,0.004932,-1.0000000000001327e-06,True,EUR/USD
EURUSD,5,IV-2SLS,0.00499,0.00499,0.0,False,EUR/USD
Gold,21,IV-2SLS,47.400966,47.400966,0.0,False,Gold
GBPUSD,21,IV-2SLS,0.005949,0.005949,0.0,False,GBP/USD
GBPUSD,1,IV-2SLS,0.005601,0.005601,0.0,False,GBP/USD
GBPUSD,5,IV-2SLS,0.00595,0.00595,0.0,False,GBP/USD
IndProd,1,IV-2SLS,1.903343,1.903343,0.0,False,IndProd
IndProd,3,IV-2SLS,1.903822,1.903822,0.0,False,IndProd
EURUSD,21,IV-2SLS,0.005059,0.005059,0.0,False,EUR/USD
EURUSD,1,IV-2SLS,0.00491,0.00491,0.0,False,EUR/USD
Gold,5,IV-2SLS,47.331418,47.331418,0.0,False,Gold
NatGas,5,VAR+Granger,0.204987,0.204987,0.0,False,Nat.Gas
NatGas,21,VAR+Granger,0.219264,0.219264,0.0,False,Nat.Gas
NatGas,1,VAR+Granger,0.200619,0.200619,0.0,False,Nat.Gas
Gold,1,IV-2SLS,47.333335,47.333335,0.0,False,Gold
BTC,1,IV-2SLS,2138.402773,2138.402773,0.0,False,Bitcoin
IndProd,6,IV-2SLS,2.51313,2.51313,0.0,False,IndProd
ETH,5,VAR+Granger,115.008719,115.008719,0.0,False,Ethereum
BTC,21,IV-2SLS,2148.175319,2148.175319,0.0,False,Bitcoin
BTC,5,IV-2SLS,2147.733853,2147.733853,0.0,False,Bitcoin
ETH,1,VAR+Granger,115.366974,115.366974,0.0,False,Ethereum
ETH,5,IV-2SLS,115.007858,115.007858,0.0,False,Ethereum
ETH,1,IV-2SLS,115.446358,115.446358,0.0,False,Ethereum
BTC,5,VAR+Granger,2159.873374,2159.873374,0.0,False,Bitcoin
UMCSENT,3,VAR+Granger,4.270402,4.270402,0.0,False,UMCSENT
BTC,1,VAR+Granger,2151.026701,2151.026701,0.0,False,Bitcoin
UMCSENT,6,VAR+Granger,4.198725,4.198725,0.0,False,UMCSENT
UMCSENT,1,VAR+Granger,4.132788,4.132788,0.0,False,UMCSENT
BTC,21,VAR+Granger,2136.8588,2136.8588,0.0,False,Bitcoin
CPI,3,IV-2SLS,0.68528,0.68528,0.0,False,CPI
CPI,1,IV-2SLS,0.667539,0.667539,0.0,False,CPI
USDJPY,21,IV-2SLS,0.905925,0.905925,0.0,False,USD/JPY
USDJPY,5,IV-2SLS,0.908074,0.908074,0.0,False,USD/JPY
CPI,6,IV-2SLS,0.769244,0.769244,0.0,False,CPI
ETH,21,VAR+Granger,114.406478,114.406478,0.0,False,Ethereum
USDJPY,1,IV-2SLS,0.809237,0.809237,0.0,False,USD/JPY
GBPUSD,21,VAR+Granger,0.005854,0.005854,0.0,False,GBP/USD
ETH,21,IV-2SLS,114.674379,114.674379,0.0,False,Ethereum
GBPUSD,5,VAR+Granger,0.005858,0.00586,1.999999999999398e-06,False,GBP/USD
EURUSD,5,CausalImpact,0.004958,0.004966,8.000000000000194e-06,False,EUR/USD
GBPUSD,21,CausalImpact,0.00594,0.005967,2.7000000000000114e-05,False,GBP/USD
GBPUSD,5,CausalImpact,0.005938,0.005981,4.30000000000005e-05,False,GBP/USD
EURUSD,21,DML,0.005423,0.005471,4.80000000000003e-05,False,EUR/USD
EURUSD,5,DML,0.005544,0.005607,6.299999999999969e-05,False,EUR/USD
GBPUSD,5,DML,0.00652,0.006639,0.00011900000000000018,False,GBP/USD
UMCSENT,1,DML,5.012784,5.013025,0.0002409999999999357,False,UMCSENT
GBPUSD,21,DML,0.006356,0.006638,0.00028200000000000013,False,GBP/USD
NatGas,21,IV-2SLS,0.937211,0.938648,0.0014370000000000216,False,Nat.Gas
USDJPY,5,CausalImpact,0.910687,0.912399,0.0017119999999999358,False,USD/JPY
WTI_oil,5,IV-2SLS,1.88039,1.882288,0.0018979999999999553,False,WTI Oil
USDJPY,21,CausalImpact,0.91086,0.913637,0.0027770000000000294,False,USD/JPY
WTI_oil,5,CausalImpact,1.876376,1.880884,0.0045079999999999565,False,WTI Oil
WTI_oil,1,VAR+Granger,1.906326,1.912742,0.006415999999999977,False,WTI Oil
WTI_oil,1,IV-2SLS,1.875277,1.889413,0.014135999999999926,False,WTI Oil
IndProd,1,VAR+Granger,1.050642,1.067122,0.016479999999999828,False,IndProd
WTI_oil,21,IV-2SLS,1.884774,1.902648,0.017873999999999945,False,WTI Oil
NatGas,5,CausalImpact,1.005549,1.024447,0.01889800000000008,False,Nat.Gas
USDJPY,21,DML,0.92281,0.944271,0.021460999999999952,False,USD/JPY
NatGas,1,CausalImpact,1.015069,1.036607,0.021538000000000057,False,Nat.Gas
CPI,1,CausalImpact,0.547465,0.569836,0.02237100000000003,False,CPI
NatGas,21,CausalImpact,1.044602,1.069199,0.02459699999999998,False,Nat.Gas
WTI_oil,21,DML,1.973018,1.999056,0.026038000000000006,False,WTI Oil
UMCSENT,6,DML,5.364788,5.392488,0.02770000000000028,False,UMCSENT
CPI,1,DML,0.589283,0.620894,0.031610999999999945,False,CPI
WTI_oil,5,DML,1.911008,1.943485,0.03247699999999987,False,WTI Oil
USDJPY,5,DML,0.91727,0.950616,0.03334599999999999,False,USD/JPY
UMCSENT,6,CausalImpact,4.375786,4.411794,0.036008000000000706,False,UMCSENT
UMCSENT,3,CausalImpact,4.152997,4.195965,0.04296800000000012,False,UMCSENT
WTI_oil,1,CausalImpact,1.898476,1.959955,0.06147899999999984,False,WTI Oil
NatGas,21,DML,1.383049,1.467771,0.08472199999999996,False,Nat.Gas
NatGas,1,DML,1.283129,1.370592,0.08746300000000007,False,Nat.Gas
Gold,5,DML,47.249404,47.344453,0.09504900000000305,False,Gold
UMCSENT,1,CausalImpact,4.39461,4.49926,0.10464999999999947,False,UMCSENT
IndProd,1,CausalImpact,1.373001,1.480785,0.1077840000000001,False,IndProd
NatGas,5,DML,1.261828,1.374283,0.11245499999999997,False,Nat.Gas
Gold,21,DML,47.649992,47.857234,0.20724200000000081,False,Gold
UMCSENT,6,IV-2SLS,4.188492,4.43045,0.24195800000000034,False,UMCSENT
IndProd,6,CausalImpact,2.7644,3.051434,0.2870339999999998,False,IndProd
Gold,1,DML,47.917013,48.214966,0.2979529999999997,False,Gold
UMCSENT,1,IV-2SLS,4.565559,4.915078,0.3495189999999999,False,UMCSENT
IndProd,3,CausalImpact,1.569381,1.935312,0.365931,False,IndProd
WTI_oil,1,DML,2.012362,2.453088,0.4407260000000002,False,WTI Oil
IndProd,6,DML,4.161621,4.850535,0.6889139999999996,False,IndProd
ETH,1,DML,123.613457,125.242769,1.6293119999999988,False,Ethereum
BTC,5,CausalImpact,2147.196565,2151.771817,4.575251999999637,False,Bitcoin
