Asset,Target,Group,Freq,Horizon,ControlSet,Method,Type,RMSE,MAE,MAPE,R2
WTI Oil,WTI_oil,A,D,1,Heuristic-Z,CausalImpact,Causal,1.92252,1.283995,177.3249,-0.0404
WTI Oil,WTI_oil,A,D,1,Heuristic-Z,DML,Causal,2.115923,1.347491,169.4639,-0.2602
WTI Oil,WTI_oil,A,D,1,Heuristic-Z,VAR+Granger,Causal,1.928917,1.293924,160.8745,-0.0478
WTI Oil,WTI_oil,A,D,1,Heuristic-Z,IV-2SLS,Causal,1.903518,1.280988,169.1259,-0.0199
WTI Oil,WTI_oil,A,D,5,Heuristic-Z,CausalImpact,Causal,1.884938,1.260316,178.8515,0.0011
WTI Oil,WTI_oil,A,D,5,Heuristic-Z,DML,Causal,1.955719,1.313117,170.0707,-0.0753
WTI Oil,WTI_oil,A,D,5,Heuristic-Z,VAR+Granger,Causal,1.875442,1.254999,190.55,0.0095
WTI Oil,WTI_oil,A,D,5,Heuristic-Z,IV-2SLS,Causal,1.884579,1.259213,175.6322,0.0015
WTI Oil,WTI_oil,A,D,21,Heuristic-Z,CausalImpact,Causal,1.898941,1.263927,174.777,-0.0108
WTI Oil,WTI_oil,A,D,21,Heuristic-Z,DML,Causal,1.916529,1.278831,168.3046,-0.0296
WTI Oil,WTI_oil,A,D,21,Heuristic-Z,VAR+Granger,Causal,1.884422,1.254076,199.2362,-0.0
WTI Oil,WTI_oil,A,D,21,Heuristic-Z,IV-2SLS,Causal,1.88527,1.257496,174.6938,0.0037
WTI Oil,WTI_oil,A,D,1,Expert-DAG,CausalImpact,Causal,1.898476,1.266064,173.4597,-0.0145
WTI Oil,WTI_oil,A,D,1,Expert-DAG,DML,Causal,2.012362,1.322263,175.6999,-0.1399
WTI Oil,WTI_oil,A,D,1,Expert-DAG,VAR+Granger,Causal,1.906326,1.27141,154.8305,-0.0234
WTI Oil,WTI_oil,A,D,1,Expert-DAG,IV-2SLS,Causal,1.875277,1.246525,171.1061,0.0101
WTI Oil,WTI_oil,A,D,5,Expert-DAG,CausalImpact,Causal,1.876376,1.264051,181.2685,0.0102
WTI Oil,WTI_oil,A,D,5,Expert-DAG,DML,Causal,1.911008,1.278019,172.3973,-0.0267
WTI Oil,WTI_oil,A,D,5,Expert-DAG,VAR+Granger,Causal,1.872344,1.25541,178.9081,0.0128
WTI Oil,WTI_oil,A,D,5,Expert-DAG,IV-2SLS,Causal,1.88039,1.256336,178.54,0.0059
WTI Oil,WTI_oil,A,D,21,Expert-DAG,CausalImpact,Causal,1.89893,1.270658,171.9445,-0.0108
WTI Oil,WTI_oil,A,D,21,Expert-DAG,DML,Causal,1.973018,1.321794,169.5036,-0.0912
WTI Oil,WTI_oil,A,D,21,Expert-DAG,VAR+Granger,Causal,1.884744,1.254772,189.7997,-0.0004
WTI Oil,WTI_oil,A,D,21,Expert-DAG,IV-2SLS,Causal,1.884774,1.257868,173.8017,0.0042
WTI Oil,WTI_oil,A,D,1,PC-DAG,CausalImpact,Causal,1.959955,1.285513,172.3027,-0.0813
WTI Oil,WTI_oil,A,D,1,PC-DAG,DML,Causal,2.453088,1.422741,171.7246,-0.6938
WTI Oil,WTI_oil,A,D,1,PC-DAG,VAR+Granger,Causal,1.912742,1.277852,156.6133,-0.0303
WTI Oil,WTI_oil,A,D,1,PC-DAG,IV-2SLS,Causal,1.889413,1.262138,161.7672,-0.0048
WTI Oil,WTI_oil,A,D,5,PC-DAG,CausalImpact,Causal,1.880884,1.271056,182.3673,0.0054
WTI Oil,WTI_oil,A,D,5,PC-DAG,DML,Causal,1.943485,1.318174,170.214,-0.0619
WTI Oil,WTI_oil,A,D,5,PC-DAG,VAR+Granger,Causal,1.870841,1.251312,183.3116,0.0143
WTI Oil,WTI_oil,A,D,5,PC-DAG,IV-2SLS,Causal,1.882288,1.259329,177.0186,0.0039
WTI Oil,WTI_oil,A,D,21,PC-DAG,CausalImpact,Causal,1.895296,1.267585,178.2671,-0.007
WTI Oil,WTI_oil,A,D,21,PC-DAG,DML,Causal,1.999056,1.3158,171.962,-0.1202
WTI Oil,WTI_oil,A,D,21,PC-DAG,VAR+Granger,Causal,1.884419,1.254057,199.4945,-0.0
WTI Oil,WTI_oil,A,D,21,PC-DAG,IV-2SLS,Causal,1.902648,1.27415,169.0187,-0.0148
Nat.Gas,NatGas,A,D,1,Heuristic-Z,CausalImpact,Causal,1.036283,0.820796,26.1837,-0.9161
Nat.Gas,NatGas,A,D,1,Heuristic-Z,DML,Causal,1.305056,1.069904,32.2233,-2.0389
Nat.Gas,NatGas,A,D,1,Heuristic-Z,VAR+Granger,Causal,0.200619,0.111468,3.6605,0.9281
Nat.Gas,NatGas,A,D,1,Heuristic-Z,IV-2SLS,Causal,0.911646,0.7596,25.0651,-0.4829
Nat.Gas,NatGas,A,D,5,Heuristic-Z,CausalImpact,Causal,1.019032,0.810694,25.9341,-0.8523
Nat.Gas,NatGas,A,D,5,Heuristic-Z,DML,Causal,1.218331,0.987307,30.22,-1.6477
Nat.Gas,NatGas,A,D,5,Heuristic-Z,VAR+Granger,Causal,0.204987,0.120483,3.9994,0.925
Nat.Gas,NatGas,A,D,5,Heuristic-Z,IV-2SLS,Causal,0.913019,0.761175,25.1149,-0.487
Nat.Gas,NatGas,A,D,21,Heuristic-Z,CausalImpact,Causal,1.02138,0.840565,26.9835,-0.8554
Nat.Gas,NatGas,A,D,21,Heuristic-Z,DML,Causal,1.255701,1.02941,31.4792,-1.8043
Nat.Gas,NatGas,A,D,21,Heuristic-Z,VAR+Granger,Causal,0.219264,0.145311,5.053,0.9142
Nat.Gas,NatGas,A,D,21,Heuristic-Z,IV-2SLS,Causal,0.908588,0.757377,25.0137,-0.4682
Nat.Gas,NatGas,A,D,1,Expert-DAG,CausalImpact,Causal,1.015069,0.850437,27.4388,-0.8385
Nat.Gas,NatGas,A,D,1,Expert-DAG,DML,Causal,1.283129,1.03699,31.2132,-1.9377
Nat.Gas,NatGas,A,D,1,Expert-DAG,VAR+Granger,Causal,0.200619,0.111468,3.6605,0.9281
Nat.Gas,NatGas,A,D,1,Expert-DAG,IV-2SLS,Causal,0.936616,0.780969,25.6758,-0.5653
Nat.Gas,NatGas,A,D,5,Expert-DAG,CausalImpact,Causal,1.005549,0.84788,27.3878,-0.8036
Nat.Gas,NatGas,A,D,5,Expert-DAG,DML,Causal,1.261828,1.0314,31.1574,-1.8401
Nat.Gas,NatGas,A,D,5,Expert-DAG,VAR+Granger,Causal,0.204987,0.120483,3.9994,0.925
Nat.Gas,NatGas,A,D,5,Expert-DAG,IV-2SLS,Causal,0.930477,0.781306,25.6996,-0.5444
Nat.Gas,NatGas,A,D,21,Expert-DAG,CausalImpact,Causal,1.044602,0.881575,28.2658,-0.9407
Nat.Gas,NatGas,A,D,21,Expert-DAG,DML,Causal,1.383049,1.126614,33.2494,-2.402
Nat.Gas,NatGas,A,D,21,Expert-DAG,VAR+Granger,Causal,0.219264,0.145311,5.053,0.9142
Nat.Gas,NatGas,A,D,21,Expert-DAG,IV-2SLS,Causal,0.937211,0.783992,25.779,-0.5622
Nat.Gas,NatGas,A,D,1,PC-DAG,CausalImpact,Causal,1.036607,0.868132,27.871,-0.9173
Nat.Gas,NatGas,A,D,1,PC-DAG,DML,Causal,1.370592,1.104781,32.5789,-2.3518
Nat.Gas,NatGas,A,D,1,PC-DAG,VAR+Granger,Causal,0.200619,0.111468,3.6605,0.9281
Nat.Gas,NatGas,A,D,1,PC-DAG,IV-2SLS,Causal,0.93557,0.780089,25.6472,-0.5618
Nat.Gas,NatGas,A,D,5,PC-DAG,CausalImpact,Causal,1.024447,0.860441,27.6788,-0.8721
Nat.Gas,NatGas,A,D,5,PC-DAG,DML,Causal,1.374283,1.107524,32.5971,-2.3689
Nat.Gas,NatGas,A,D,5,PC-DAG,VAR+Granger,Causal,0.204987,0.120483,3.9994,0.925
Nat.Gas,NatGas,A,D,5,PC-DAG,IV-2SLS,Causal,0.930369,0.781238,25.6948,-0.544
Nat.Gas,NatGas,A,D,21,PC-DAG,CausalImpact,Causal,1.069199,0.899957,28.6959,-1.0332
Nat.Gas,NatGas,A,D,21,PC-DAG,DML,Causal,1.467771,1.183825,34.3015,-2.8316
Nat.Gas,NatGas,A,D,21,PC-DAG,VAR+Granger,Causal,0.219264,0.145311,5.053,0.9142
Nat.Gas,NatGas,A,D,21,PC-DAG,IV-2SLS,Causal,0.938648,0.784675,25.7902,-0.567
Gold,Gold,A,D,1,Heuristic-Z,CausalImpact,Causal,47.430133,26.769775,179.181,-0.0106
Gold,Gold,A,D,1,Heuristic-Z,DML,Causal,47.684912,27.25823,168.1012,-0.0214
Gold,Gold,A,D,1,Heuristic-Z,VAR+Granger,Causal,47.253002,26.889167,169.9191,-0.004
Gold,Gold,A,D,1,Heuristic-Z,IV-2SLS,Causal,47.333335,26.766473,177.0235,-0.0064
Gold,Gold,A,D,5,Heuristic-Z,CausalImpact,Causal,47.251173,26.698061,185.884,-0.0018
Gold,Gold,A,D,5,Heuristic-Z,DML,Causal,47.336221,26.899587,176.7107,-0.0055
Gold,Gold,A,D,5,Heuristic-Z,VAR+Granger,Causal,47.26841,26.702416,188.1159,-0.0047
Gold,Gold,A,D,5,Heuristic-Z,IV-2SLS,Causal,47.331418,26.75236,185.3524,-0.0052
Gold,Gold,A,D,21,Heuristic-Z,CausalImpact,Causal,47.435236,26.799482,180.9848,-0.0061
Gold,Gold,A,D,21,Heuristic-Z,DML,Causal,47.465046,26.850213,169.8454,-0.0074
Gold,Gold,A,D,21,Heuristic-Z,VAR+Granger,Causal,47.280735,26.687542,194.4181,-0.0052
Gold,Gold,A,D,21,Heuristic-Z,IV-2SLS,Causal,47.400966,26.759538,180.6053,-0.0046
Gold,Gold,A,D,1,Expert-DAG,CausalImpact,Causal,47.704675,26.826343,179.0267,-0.0223
Gold,Gold,A,D,1,Expert-DAG,DML,Causal,47.917013,27.278503,169.3423,-0.0314
Gold,Gold,A,D,1,Expert-DAG,VAR+Granger,Causal,47.203213,26.915783,168.3212,-0.0019
Gold,Gold,A,D,1,Expert-DAG,IV-2SLS,Causal,47.333335,26.766473,177.0235,-0.0064
Gold,Gold,A,D,5,Expert-DAG,CausalImpact,Causal,47.143942,26.660482,186.337,0.0027
Gold,Gold,A,D,5,Expert-DAG,DML,Causal,47.249404,26.776792,177.9968,-0.0018
Gold,Gold,A,D,5,Expert-DAG,VAR+Granger,Causal,47.095325,26.766944,180.0929,0.0026
Gold,Gold,A,D,5,Expert-DAG,IV-2SLS,Causal,47.331418,26.75236,185.3524,-0.0052
Gold,Gold,A,D,21,Expert-DAG,CausalImpact,Causal,47.444788,26.820603,180.4478,-0.0065
Gold,Gold,A,D,21,Expert-DAG,DML,Causal,47.649992,27.076698,169.465,-0.0152
Gold,Gold,A,D,21,Expert-DAG,VAR+Granger,Causal,47.288138,26.695951,195.4672,-0.0055
Gold,Gold,A,D,21,Expert-DAG,IV-2SLS,Causal,47.400966,26.759538,180.6053,-0.0046
Gold,Gold,A,D,1,PC-DAG,CausalImpact,Causal,47.373313,26.728099,178.4368,-0.0081
Gold,Gold,A,D,1,PC-DAG,DML,Causal,48.214966,27.394263,167.7223,-0.0443
Gold,Gold,A,D,1,PC-DAG,VAR+Granger,Causal,47.201723,26.928847,168.5385,-0.0019
Gold,Gold,A,D,1,PC-DAG,IV-2SLS,Causal,47.333335,26.766473,177.0235,-0.0064
Gold,Gold,A,D,5,PC-DAG,CausalImpact,Causal,47.138039,26.661926,185.3251,0.0029
Gold,Gold,A,D,5,PC-DAG,DML,Causal,47.344453,26.892115,176.9466,-0.0058
Gold,Gold,A,D,5,PC-DAG,VAR+Granger,Causal,47.078983,26.761393,180.2833,0.0033
Gold,Gold,A,D,5,PC-DAG,IV-2SLS,Causal,47.331418,26.75236,185.3524,-0.0052
Gold,Gold,A,D,21,PC-DAG,CausalImpact,Causal,47.409023,26.810536,179.8196,-0.005
Gold,Gold,A,D,21,PC-DAG,DML,Causal,47.857234,27.100984,166.9592,-0.0241
Gold,Gold,A,D,21,PC-DAG,VAR+Granger,Causal,47.280676,26.686299,194.4057,-0.0052
Gold,Gold,A,D,21,PC-DAG,IV-2SLS,Causal,47.400966,26.759538,180.6053,-0.0046
EUR/USD,EURUSD,B,D,1,Heuristic-Z,CausalImpact,Causal,0.004938,0.003672,177.0381,-0.0034
EUR/USD,EURUSD,B,D,1,Heuristic-Z,DML,Causal,0.005001,0.003701,167.3592,-0.0291
EUR/USD,EURUSD,B,D,1,Heuristic-Z,VAR+Granger,Causal,0.004977,0.0037,175.6064,-0.0196
EUR/USD,EURUSD,B,D,1,Heuristic-Z,IV-2SLS,Causal,0.00491,0.003658,173.1681,0.008
EUR/USD,EURUSD,B,D,5,Heuristic-Z,CausalImpact,Causal,0.004952,0.003683,180.9172,-0.0076
EUR/USD,EURUSD,B,D,5,Heuristic-Z,DML,Causal,0.00501,0.00371,166.4259,-0.0317
EUR/USD,EURUSD,B,D,5,Heuristic-Z,VAR+Granger,Causal,0.004931,0.003671,188.5051,-0.0007
EUR/USD,EURUSD,B,D,5,Heuristic-Z,IV-2SLS,Causal,0.00499,0.003704,176.9893,-0.0233
EUR/USD,EURUSD,B,D,21,Heuristic-Z,CausalImpact,Causal,0.004967,0.003693,181.3517,-0.0114
EUR/USD,EURUSD,B,D,21,Heuristic-Z,DML,Causal,0.005334,0.003974,165.8007,-0.1664
EUR/USD,EURUSD,B,D,21,Heuristic-Z,VAR+Granger,Causal,0.004931,0.00367,187.8106,-0.0011
EUR/USD,EURUSD,B,D,21,Heuristic-Z,IV-2SLS,Causal,0.005059,0.003743,175.3852,-0.0492
EUR/USD,EURUSD,B,D,1,Expert-DAG,CausalImpact,Causal,0.005112,0.003782,133.3949,-0.0753
EUR/USD,EURUSD,B,D,1,Expert-DAG,DML,Causal,0.00501,0.003747,131.0862,-0.0327
EUR/USD,EURUSD,B,D,1,Expert-DAG,VAR+Granger,Causal,0.006109,0.004313,134.9769,-0.5363
EUR/USD,EURUSD,B,D,1,Expert-DAG,IV-2SLS,Causal,0.00491,0.003658,173.1681,0.008
EUR/USD,EURUSD,B,D,5,Expert-DAG,CausalImpact,Causal,0.004958,0.003661,171.729,-0.0103
EUR/USD,EURUSD,B,D,5,Expert-DAG,DML,Causal,0.005544,0.004067,153.0863,-0.2631
EUR/USD,EURUSD,B,D,5,Expert-DAG,VAR+Granger,Causal,0.005006,0.003748,176.2494,-0.0316
EUR/USD,EURUSD,B,D,5,Expert-DAG,IV-2SLS,Causal,0.00499,0.003704,176.9893,-0.0233
EUR/USD,EURUSD,B,D,21,Expert-DAG,CausalImpact,Causal,0.005026,0.003721,170.5156,-0.0356
EUR/USD,EURUSD,B,D,21,Expert-DAG,DML,Causal,0.005423,0.004045,154.096,-0.2054
EUR/USD,EURUSD,B,D,21,Expert-DAG,VAR+Granger,Causal,0.004933,0.00367,189.375,-0.0016
EUR/USD,EURUSD,B,D,21,Expert-DAG,IV-2SLS,Causal,0.005059,0.003743,175.3852,-0.0492
EUR/USD,EURUSD,B,D,1,PC-DAG,CausalImpact,Causal,0.004917,0.003661,129.6279,0.0053
EUR/USD,EURUSD,B,D,1,PC-DAG,DML,Causal,0.005001,0.003701,128.268,-0.0289
EUR/USD,EURUSD,B,D,1,PC-DAG,VAR+Granger,Causal,0.005638,0.003983,127.2663,-0.3086
EUR/USD,EURUSD,B,D,1,PC-DAG,IV-2SLS,Causal,0.00491,0.003658,173.1681,0.008
EUR/USD,EURUSD,B,D,5,PC-DAG,CausalImpact,Causal,0.004966,0.00367,170.5444,-0.0136
EUR/USD,EURUSD,B,D,5,PC-DAG,DML,Causal,0.005607,0.004124,149.9648,-0.292
EUR/USD,EURUSD,B,D,5,PC-DAG,VAR+Granger,Causal,0.004936,0.003674,187.5563,-0.0031
EUR/USD,EURUSD,B,D,5,PC-DAG,IV-2SLS,Causal,0.00499,0.003704,176.9893,-0.0233
EUR/USD,EURUSD,B,D,21,PC-DAG,CausalImpact,Causal,0.005018,0.003721,169.8424,-0.0321
EUR/USD,EURUSD,B,D,21,PC-DAG,DML,Causal,0.005471,0.004126,156.2148,-0.2271
EUR/USD,EURUSD,B,D,21,PC-DAG,VAR+Granger,Causal,0.004932,0.00367,187.4571,-0.0011
EUR/USD,EURUSD,B,D,21,PC-DAG,IV-2SLS,Causal,0.005059,0.003743,175.3852,-0.0492
GBP/USD,GBPUSD,B,D,1,Heuristic-Z,CausalImpact,Causal,0.00832,0.005385,170.4932,-1.0246
GBP/USD,GBPUSD,B,D,1,Heuristic-Z,DML,Causal,0.015993,0.006999,166.6237,-6.4803
GBP/USD,GBPUSD,B,D,1,Heuristic-Z,VAR+Granger,Causal,0.005979,0.004645,163.4832,-0.0447
GBP/USD,GBPUSD,B,D,1,Heuristic-Z,IV-2SLS,Causal,0.005601,0.004328,151.0766,0.0826
GBP/USD,GBPUSD,B,D,5,Heuristic-Z,CausalImpact,Causal,0.005915,0.004591,181.2956,-0.0233
GBP/USD,GBPUSD,B,D,5,Heuristic-Z,DML,Causal,0.006143,0.004737,164.9339,-0.1039
GBP/USD,GBPUSD,B,D,5,Heuristic-Z,VAR+Granger,Causal,0.005853,0.004519,189.6725,-0.0013
GBP/USD,GBPUSD,B,D,5,Heuristic-Z,IV-2SLS,Causal,0.00595,0.004612,176.3462,-0.0355
GBP/USD,GBPUSD,B,D,21,Heuristic-Z,CausalImpact,Causal,0.005872,0.004528,177.733,-0.006
GBP/USD,GBPUSD,B,D,21,Heuristic-Z,DML,Causal,0.006429,0.00493,162.0854,-0.2058
GBP/USD,GBPUSD,B,D,21,Heuristic-Z,VAR+Granger,Causal,0.005854,0.004519,189.6314,-0.0013
GBP/USD,GBPUSD,B,D,21,Heuristic-Z,IV-2SLS,Causal,0.005949,0.00459,180.0709,-0.0326
GBP/USD,GBPUSD,B,D,1,Expert-DAG,CausalImpact,Causal,0.006153,0.004528,130.0121,-0.1071
GBP/USD,GBPUSD,B,D,1,Expert-DAG,DML,Causal,0.007113,0.005021,132.358,-0.4798
GBP/USD,GBPUSD,B,D,1,Expert-DAG,VAR+Granger,Causal,0.006784,0.004905,129.1397,-0.345
GBP/USD,GBPUSD,B,D,1,Expert-DAG,IV-2SLS,Causal,0.005601,0.004328,151.0766,0.0826
GBP/USD,GBPUSD,B,D,5,Expert-DAG,CausalImpact,Causal,0.005938,0.004557,175.5256,-0.0312
GBP/USD,GBPUSD,B,D,5,Expert-DAG,DML,Causal,0.00652,0.004952,157.9226,-0.2435
GBP/USD,GBPUSD,B,D,5,Expert-DAG,VAR+Granger,Causal,0.005858,0.004552,175.8299,-0.0028
GBP/USD,GBPUSD,B,D,5,Expert-DAG,IV-2SLS,Causal,0.00595,0.004612,176.3462,-0.0355
GBP/USD,GBPUSD,B,D,21,Expert-DAG,CausalImpact,Causal,0.00594,0.004599,172.16,-0.0294
GBP/USD,GBPUSD,B,D,21,Expert-DAG,DML,Causal,0.006356,0.004936,161.1564,-0.1787
GBP/USD,GBPUSD,B,D,21,Expert-DAG,VAR+Granger,Causal,0.005854,0.00452,189.5383,-0.0015
GBP/USD,GBPUSD,B,D,21,Expert-DAG,IV-2SLS,Causal,0.005949,0.00459,180.0709,-0.0326
GBP/USD,GBPUSD,B,D,1,PC-DAG,CausalImpact,Causal,0.006056,0.004407,126.6236,-0.0727
GBP/USD,GBPUSD,B,D,1,PC-DAG,DML,Causal,0.006709,0.004741,129.9613,-0.3163
GBP/USD,GBPUSD,B,D,1,PC-DAG,VAR+Granger,Causal,0.006287,0.004595,124.5915,-0.1551
GBP/USD,GBPUSD,B,D,1,PC-DAG,IV-2SLS,Causal,0.005601,0.004328,151.0766,0.0826
GBP/USD,GBPUSD,B,D,5,PC-DAG,CausalImpact,Causal,0.005981,0.004612,174.0871,-0.0464
GBP/USD,GBPUSD,B,D,5,PC-DAG,DML,Causal,0.006639,0.00507,159.9948,-0.2893
GBP/USD,GBPUSD,B,D,5,PC-DAG,VAR+Granger,Causal,0.00586,0.004525,189.957,-0.0035
GBP/USD,GBPUSD,B,D,5,PC-DAG,IV-2SLS,Causal,0.00595,0.004612,176.3462,-0.0355
GBP/USD,GBPUSD,B,D,21,PC-DAG,CausalImpact,Causal,0.005967,0.004613,176.6851,-0.0389
GBP/USD,GBPUSD,B,D,21,PC-DAG,DML,Causal,0.006638,0.005134,163.0983,-0.2856
GBP/USD,GBPUSD,B,D,21,PC-DAG,VAR+Granger,Causal,0.005854,0.004519,189.5928,-0.0013
GBP/USD,GBPUSD,B,D,21,PC-DAG,IV-2SLS,Causal,0.005949,0.00459,180.0709,-0.0326
USD/JPY,USDJPY,B,D,1,Heuristic-Z,CausalImpact,Causal,0.814172,0.596382,129.579,0.1896
USD/JPY,USDJPY,B,D,1,Heuristic-Z,DML,Causal,0.862754,0.624579,130.8074,0.09
USD/JPY,USDJPY,B,D,1,Heuristic-Z,VAR+Granger,Causal,0.844391,0.616856,130.1075,0.1273
USD/JPY,USDJPY,B,D,1,Heuristic-Z,IV-2SLS,Causal,0.809237,0.588854,132.0758,0.1994
USD/JPY,USDJPY,B,D,5,Heuristic-Z,CausalImpact,Causal,0.911272,0.681602,180.3582,-0.0141
USD/JPY,USDJPY,B,D,5,Heuristic-Z,DML,Causal,0.928363,0.69922,170.7569,-0.0525
USD/JPY,USDJPY,B,D,5,Heuristic-Z,VAR+Granger,Causal,0.897504,0.669855,174.2038,0.014
USD/JPY,USDJPY,B,D,5,Heuristic-Z,IV-2SLS,Causal,0.908074,0.677678,175.9923,-0.007
USD/JPY,USDJPY,B,D,21,Heuristic-Z,CausalImpact,Causal,0.908868,0.678447,179.6399,-0.0087
USD/JPY,USDJPY,B,D,21,Heuristic-Z,DML,Causal,0.923121,0.688243,169.535,-0.0406
USD/JPY,USDJPY,B,D,21,Heuristic-Z,VAR+Granger,Causal,0.904196,0.673866,189.7003,-0.0007
USD/JPY,USDJPY,B,D,21,Heuristic-Z,IV-2SLS,Causal,0.905925,0.675474,184.5948,-0.0022
USD/JPY,USDJPY,B,D,1,Expert-DAG,CausalImpact,Causal,0.703243,0.515987,115.7363,0.3954
USD/JPY,USDJPY,B,D,1,Expert-DAG,DML,Causal,0.728249,0.534943,117.9871,0.3516
USD/JPY,USDJPY,B,D,1,Expert-DAG,VAR+Granger,Causal,0.840031,0.616486,126.9833,0.1362
USD/JPY,USDJPY,B,D,1,Expert-DAG,IV-2SLS,Causal,0.809237,0.588854,132.0758,0.1994
USD/JPY,USDJPY,B,D,5,Expert-DAG,CausalImpact,Causal,0.910687,0.678162,178.8252,-0.0128
USD/JPY,USDJPY,B,D,5,Expert-DAG,DML,Causal,0.91727,0.685661,168.6011,-0.0275
USD/JPY,USDJPY,B,D,5,Expert-DAG,VAR+Granger,Causal,0.889777,0.665238,170.8461,0.0309
USD/JPY,USDJPY,B,D,5,Expert-DAG,IV-2SLS,Causal,0.908074,0.677678,175.9923,-0.007
USD/JPY,USDJPY,B,D,21,Expert-DAG,CausalImpact,Causal,0.91086,0.680216,180.394,-0.0131
USD/JPY,USDJPY,B,D,21,Expert-DAG,DML,Causal,0.92281,0.691007,171.2119,-0.0399
USD/JPY,USDJPY,B,D,21,Expert-DAG,VAR+Granger,Causal,0.90427,0.673978,190.02,-0.0009
USD/JPY,USDJPY,B,D,21,Expert-DAG,IV-2SLS,Causal,0.905925,0.675474,184.5948,-0.0022
USD/JPY,USDJPY,B,D,1,PC-DAG,CausalImpact,Causal,0.690837,0.506675,114.2363,0.4165
USD/JPY,USDJPY,B,D,1,PC-DAG,DML,Causal,0.716776,0.526202,116.0748,0.3719
USD/JPY,USDJPY,B,D,1,PC-DAG,VAR+Granger,Causal,0.701025,0.516518,114.6973,0.3985
USD/JPY,USDJPY,B,D,1,PC-DAG,IV-2SLS,Causal,0.809237,0.588854,132.0758,0.1994
USD/JPY,USDJPY,B,D,5,PC-DAG,CausalImpact,Causal,0.912399,0.680391,175.65,-0.0166
USD/JPY,USDJPY,B,D,5,PC-DAG,DML,Causal,0.950616,0.708081,167.4764,-0.1036
USD/JPY,USDJPY,B,D,5,PC-DAG,VAR+Granger,Causal,0.880754,0.657351,171.062,0.0505
USD/JPY,USDJPY,B,D,5,PC-DAG,IV-2SLS,Causal,0.908074,0.677678,175.9923,-0.007
USD/JPY,USDJPY,B,D,21,PC-DAG,CausalImpact,Causal,0.913637,0.681399,176.2586,-0.0193
USD/JPY,USDJPY,B,D,21,PC-DAG,DML,Causal,0.944271,0.710838,169.8674,-0.0888
USD/JPY,USDJPY,B,D,21,PC-DAG,VAR+Granger,Causal,0.904263,0.673976,190.0577,-0.0009
USD/JPY,USDJPY,B,D,21,PC-DAG,IV-2SLS,Causal,0.905925,0.675474,184.5948,-0.0022
CPI,CPI,C,ME,1,Heuristic-Z,CausalImpact,Causal,0.528117,0.450026,90.9014,-0.6731
CPI,CPI,C,ME,1,Heuristic-Z,DML,Causal,0.676902,0.544211,110.8831,-1.7486
CPI,CPI,C,ME,1,Heuristic-Z,VAR+Granger,Causal,0.530608,0.463785,79.6066,-0.7038
CPI,CPI,C,ME,1,Heuristic-Z,IV-2SLS,Causal,0.667539,0.535184,95.8522,-1.6731
CPI,CPI,C,ME,3,Heuristic-Z,CausalImpact,Causal,0.542503,0.436893,79.6033,-0.7655
CPI,CPI,C,ME,3,Heuristic-Z,DML,Causal,0.694451,0.555837,92.5123,-1.8929
CPI,CPI,C,ME,3,Heuristic-Z,VAR+Granger,Causal,0.429007,0.328923,61.4352,-0.1138
CPI,CPI,C,ME,3,Heuristic-Z,IV-2SLS,Causal,0.68528,0.559174,107.5838,-1.817
CPI,CPI,C,ME,6,Heuristic-Z,CausalImpact,Causal,0.486241,0.395435,76.1628,-0.3879
CPI,CPI,C,ME,6,Heuristic-Z,DML,Causal,0.863676,0.698635,118.2814,-3.3788
CPI,CPI,C,ME,6,Heuristic-Z,VAR+Granger,Causal,0.439885,0.347606,63.4202,-0.171
CPI,CPI,C,ME,6,Heuristic-Z,IV-2SLS,Causal,0.769244,0.626619,120.5229,-2.4736
CPI,CPI,C,ME,1,Expert-DAG,CausalImpact,Causal,0.547465,0.460153,92.07,-0.7979
CPI,CPI,C,ME,1,Expert-DAG,DML,Causal,0.589283,0.482877,90.4775,-1.0831
CPI,CPI,C,ME,1,Expert-DAG,VAR+Granger,Causal,0.621179,0.490461,75.0698,-1.3351
CPI,CPI,C,ME,1,Expert-DAG,IV-2SLS,Causal,0.667539,0.535184,95.8522,-1.6731
CPI,CPI,C,ME,3,Expert-DAG,CausalImpact,Causal,0.665208,0.536126,110.5868,-1.6544
CPI,CPI,C,ME,3,Expert-DAG,DML,Causal,0.639858,0.514892,107.7803,-1.456
CPI,CPI,C,ME,3,Expert-DAG,VAR+Granger,Causal,0.615532,0.52851,94.1392,-1.2929
CPI,CPI,C,ME,3,Expert-DAG,IV-2SLS,Causal,0.68528,0.559174,107.5838,-1.817
CPI,CPI,C,ME,6,Expert-DAG,CausalImpact,Causal,0.648271,0.542787,119.4732,-1.467
CPI,CPI,C,ME,6,Expert-DAG,DML,Causal,0.69529,0.527823,98.5316,-1.8378
CPI,CPI,C,ME,6,Expert-DAG,VAR+Granger,Causal,0.534993,0.424755,81.3498,-0.7321
CPI,CPI,C,ME,6,Expert-DAG,IV-2SLS,Causal,0.769244,0.626619,120.5229,-2.4736
CPI,CPI,C,ME,1,PC-DAG,CausalImpact,Causal,0.569836,0.469023,94.8373,-0.9478
CPI,CPI,C,ME,1,PC-DAG,DML,Causal,0.620894,0.487319,94.5984,-1.3125
CPI,CPI,C,ME,1,PC-DAG,VAR+Granger,Causal,0.51627,0.414291,74.3856,-0.613
CPI,CPI,C,ME,1,PC-DAG,IV-2SLS,Causal,0.667539,0.535184,95.8522,-1.6731
CPI,CPI,C,ME,3,PC-DAG,CausalImpact,Causal,0.587648,0.476955,96.191,-1.0715
CPI,CPI,C,ME,3,PC-DAG,DML,Causal,0.530181,0.412274,75.4881,-0.6862
CPI,CPI,C,ME,3,PC-DAG,VAR+Granger,Causal,0.465152,0.364908,68.7762,-0.3094
CPI,CPI,C,ME,3,PC-DAG,IV-2SLS,Causal,0.68528,0.559174,107.5838,-1.817
CPI,CPI,C,ME,6,PC-DAG,CausalImpact,Causal,0.618379,0.534252,116.2213,-1.2447
CPI,CPI,C,ME,6,PC-DAG,DML,Causal,0.601012,0.490879,105.0498,-1.1204
CPI,CPI,C,ME,6,PC-DAG,VAR+Granger,Causal,0.464263,0.377437,70.7043,-0.3044
CPI,CPI,C,ME,6,PC-DAG,IV-2SLS,Causal,0.769244,0.626619,120.5229,-2.4736
IndProd,IndProd,C,ME,1,Heuristic-Z,CausalImpact,Causal,1.315399,1.143106,1.1321,-1.3481
IndProd,IndProd,C,ME,1,Heuristic-Z,DML,Causal,1.996513,1.775131,1.7525,-4.4093
IndProd,IndProd,C,ME,1,Heuristic-Z,VAR+Granger,Causal,0.97782,0.744306,0.7382,-0.3274
IndProd,IndProd,C,ME,1,Heuristic-Z,IV-2SLS,Causal,1.903343,1.647692,1.6443,-3.9162
IndProd,IndProd,C,ME,3,Heuristic-Z,CausalImpact,Causal,1.531957,1.154802,1.1502,-2.1848
IndProd,IndProd,C,ME,3,Heuristic-Z,DML,Causal,1.937401,1.635894,1.6268,-4.0937
IndProd,IndProd,C,ME,3,Heuristic-Z,VAR+Granger,Causal,1.618194,1.269907,1.2669,-2.6353
IndProd,IndProd,C,ME,3,Heuristic-Z,IV-2SLS,Causal,1.903822,1.551232,1.5461,-3.9187
IndProd,IndProd,C,ME,6,Heuristic-Z,CausalImpact,Causal,2.803856,1.78721,1.8003,-9.3726
IndProd,IndProd,C,ME,6,Heuristic-Z,DML,Causal,4.25716,2.442695,2.4955,-22.9121
IndProd,IndProd,C,ME,6,Heuristic-Z,VAR+Granger,Causal,2.543289,1.999794,2.0143,-7.9798
IndProd,IndProd,C,ME,6,Heuristic-Z,IV-2SLS,Causal,2.51313,2.008835,1.993,-7.3331
IndProd,IndProd,C,ME,1,Expert-DAG,CausalImpact,Causal,1.373001,1.201663,1.1892,-1.5582
IndProd,IndProd,C,ME,1,Expert-DAG,DML,Causal,2.209362,1.866493,1.8471,-5.6241
IndProd,IndProd,C,ME,1,Expert-DAG,VAR+Granger,Causal,1.050642,0.802825,0.7967,-0.5324
IndProd,IndProd,C,ME,1,Expert-DAG,IV-2SLS,Causal,1.903343,1.647692,1.6443,-3.9162
IndProd,IndProd,C,ME,3,Expert-DAG,CausalImpact,Causal,1.569381,1.239973,1.2329,-2.3423
IndProd,IndProd,C,ME,3,Expert-DAG,DML,Causal,2.851437,2.125409,2.1323,-10.0337
IndProd,IndProd,C,ME,3,Expert-DAG,VAR+Granger,Causal,1.768284,1.459503,1.4436,-3.3409
IndProd,IndProd,C,ME,3,Expert-DAG,IV-2SLS,Causal,1.903822,1.551232,1.5461,-3.9187
IndProd,IndProd,C,ME,6,Expert-DAG,CausalImpact,Causal,2.7644,1.84714,1.8565,-9.0828
IndProd,IndProd,C,ME,6,Expert-DAG,DML,Causal,4.161621,2.554096,2.6002,-21.8509
IndProd,IndProd,C,ME,6,Expert-DAG,VAR+Granger,Causal,1.87246,1.465181,1.4585,-3.8674
IndProd,IndProd,C,ME,6,Expert-DAG,IV-2SLS,Causal,2.51313,2.008835,1.993,-7.3331
IndProd,IndProd,C,ME,1,PC-DAG,CausalImpact,Causal,1.480785,1.131787,1.1246,-1.9756
IndProd,IndProd,C,ME,1,PC-DAG,DML,Causal,2.198584,1.626353,1.6213,-5.5597
IndProd,IndProd,C,ME,1,PC-DAG,VAR+Granger,Causal,1.067122,0.827881,0.8196,-0.5809
IndProd,IndProd,C,ME,1,PC-DAG,IV-2SLS,Causal,1.903343,1.647692,1.6443,-3.9162
IndProd,IndProd,C,ME,3,PC-DAG,CausalImpact,Causal,1.935312,1.412266,1.4097,-4.0827
IndProd,IndProd,C,ME,3,PC-DAG,DML,Causal,2.381727,1.691882,1.694,-6.698
IndProd,IndProd,C,ME,3,PC-DAG,VAR+Granger,Causal,1.579333,1.316659,1.3054,-2.4628
IndProd,IndProd,C,ME,3,PC-DAG,IV-2SLS,Causal,1.903822,1.551232,1.5461,-3.9187
IndProd,IndProd,C,ME,6,PC-DAG,CausalImpact,Causal,3.051434,2.070689,2.0849,-11.2853
IndProd,IndProd,C,ME,6,PC-DAG,DML,Causal,4.850535,3.359519,3.4292,-30.0425
IndProd,IndProd,C,ME,6,PC-DAG,VAR+Granger,Causal,1.810157,1.303893,1.308,-3.5489
IndProd,IndProd,C,ME,6,PC-DAG,IV-2SLS,Causal,2.51313,2.008835,1.993,-7.3331
UMCSENT,UMCSENT,C,ME,1,Heuristic-Z,CausalImpact,Causal,4.457772,3.446569,170.5626,-0.1128
UMCSENT,UMCSENT,C,ME,1,Heuristic-Z,DML,Causal,4.851993,3.729729,153.448,-0.3183
UMCSENT,UMCSENT,C,ME,1,Heuristic-Z,VAR+Granger,Causal,4.429853,3.614577,156.201,-0.1233
UMCSENT,UMCSENT,C,ME,1,Heuristic-Z,IV-2SLS,Causal,4.678286,3.45696,157.7059,-0.2256
UMCSENT,UMCSENT,C,ME,3,Heuristic-Z,CausalImpact,Causal,4.361461,3.234867,153.9512,-0.0652
UMCSENT,UMCSENT,C,ME,3,Heuristic-Z,DML,Causal,4.499679,3.344801,136.9801,-0.1338
UMCSENT,UMCSENT,C,ME,3,Heuristic-Z,VAR+Granger,Causal,4.673167,3.615619,171.4958,-0.2501
UMCSENT,UMCSENT,C,ME,3,Heuristic-Z,IV-2SLS,Causal,4.511452,3.293234,152.9362,-0.1398
UMCSENT,UMCSENT,C,ME,6,Heuristic-Z,CausalImpact,Causal,4.332567,3.206614,159.068,-0.0562
UMCSENT,UMCSENT,C,ME,6,Heuristic-Z,DML,Causal,4.726798,3.462418,137.9336,-0.2572
UMCSENT,UMCSENT,C,ME,6,Heuristic-Z,VAR+Granger,Causal,4.441288,3.437909,186.5762,-0.1291
UMCSENT,UMCSENT,C,ME,6,Heuristic-Z,IV-2SLS,Causal,4.396464,3.345097,162.0858,-0.0876
UMCSENT,UMCSENT,C,ME,1,Expert-DAG,CausalImpact,Causal,4.39461,3.427745,177.0522,-0.0815
UMCSENT,UMCSENT,C,ME,1,Expert-DAG,DML,Causal,5.012784,4.010203,153.7656,-0.4071
UMCSENT,UMCSENT,C,ME,1,Expert-DAG,VAR+Granger,Causal,4.132788,3.215447,166.5138,0.0223
UMCSENT,UMCSENT,C,ME,1,Expert-DAG,IV-2SLS,Causal,4.565559,3.382784,158.4653,-0.1673
UMCSENT,UMCSENT,C,ME,3,Expert-DAG,CausalImpact,Causal,4.152997,3.050575,143.7513,0.0342
UMCSENT,UMCSENT,C,ME,3,Expert-DAG,DML,Causal,5.080522,3.891851,147.7407,-0.4454
UMCSENT,UMCSENT,C,ME,3,Expert-DAG,VAR+Granger,Causal,4.270402,3.287723,189.1228,-0.0439
UMCSENT,UMCSENT,C,ME,3,Expert-DAG,IV-2SLS,Causal,4.468871,3.23913,147.394,-0.1183
UMCSENT,UMCSENT,C,ME,6,Expert-DAG,CausalImpact,Causal,4.375786,3.118274,147.831,-0.0774
UMCSENT,UMCSENT,C,ME,6,Expert-DAG,DML,Causal,5.364788,4.065772,128.1636,-0.6195
UMCSENT,UMCSENT,C,ME,6,Expert-DAG,VAR+Granger,Causal,4.198725,3.251896,195.0794,-0.0091
UMCSENT,UMCSENT,C,ME,6,Expert-DAG,IV-2SLS,Causal,4.188492,3.20149,158.1863,0.0129
UMCSENT,UMCSENT,C,ME,1,PC-DAG,CausalImpact,Causal,4.49926,3.508912,177.008,-0.1336
UMCSENT,UMCSENT,C,ME,1,PC-DAG,DML,Causal,5.013025,3.824347,152.9282,-0.4073
UMCSENT,UMCSENT,C,ME,1,PC-DAG,VAR+Granger,Causal,4.132788,3.215447,166.5138,0.0223
UMCSENT,UMCSENT,C,ME,1,PC-DAG,IV-2SLS,Causal,4.915078,3.692859,162.0239,-0.3528
UMCSENT,UMCSENT,C,ME,3,PC-DAG,CausalImpact,Causal,4.195965,3.09176,144.4679,0.0141
UMCSENT,UMCSENT,C,ME,3,PC-DAG,DML,Causal,4.93137,3.69749,141.7126,-0.3618
UMCSENT,UMCSENT,C,ME,3,PC-DAG,VAR+Granger,Causal,4.270402,3.287723,189.1228,-0.0439
UMCSENT,UMCSENT,C,ME,3,PC-DAG,IV-2SLS,Causal,4.311993,3.051957,138.1033,-0.0412
UMCSENT,UMCSENT,C,ME,6,PC-DAG,CausalImpact,Causal,4.411794,3.186943,143.5444,-0.0952
UMCSENT,UMCSENT,C,ME,6,PC-DAG,DML,Causal,5.392488,4.116657,138.2831,-0.6362
UMCSENT,UMCSENT,C,ME,6,PC-DAG,VAR+Granger,Causal,4.198725,3.251896,195.0794,-0.0091
UMCSENT,UMCSENT,C,ME,6,PC-DAG,IV-2SLS,Causal,4.43045,3.288451,155.7502,-0.1045
Bitcoin,BTC,D,D,1,Heuristic-Z,CausalImpact,Causal,2146.824853,1541.848826,174.2468,-0.0135
Bitcoin,BTC,D,D,1,Heuristic-Z,DML,Causal,2246.394325,1595.968098,157.8244,-0.1097
Bitcoin,BTC,D,D,1,Heuristic-Z,VAR+Granger,Causal,2168.36997,1553.464807,168.4422,-0.034
Bitcoin,BTC,D,D,1,Heuristic-Z,IV-2SLS,Causal,2138.402773,1528.903903,174.2228,-0.0056
Bitcoin,BTC,D,D,5,Heuristic-Z,CausalImpact,Causal,2155.46893,1558.064184,173.0557,-0.0195
Bitcoin,BTC,D,D,5,Heuristic-Z,DML,Causal,2240.567049,1646.757941,164.5785,-0.1015
Bitcoin,BTC,D,D,5,Heuristic-Z,VAR+Granger,Causal,2164.699697,1553.376055,173.089,-0.0305
Bitcoin,BTC,D,D,5,Heuristic-Z,IV-2SLS,Causal,2147.733853,1546.009539,174.768,-0.0122
Bitcoin,BTC,D,D,21,Heuristic-Z,CausalImpact,Causal,2151.307753,1555.600876,172.6523,-0.0109
Bitcoin,BTC,D,D,21,Heuristic-Z,DML,Causal,2227.848023,1645.980127,161.7071,-0.0841
Bitcoin,BTC,D,D,21,Heuristic-Z,VAR+Granger,Causal,2136.929583,1535.257264,182.5392,-0.0042
Bitcoin,BTC,D,D,21,Heuristic-Z,IV-2SLS,Causal,2148.175319,1548.711441,172.3713,-0.008
Bitcoin,BTC,D,D,1,Expert-DAG,CausalImpact,Causal,2147.622085,1546.952001,175.0188,-0.0143
Bitcoin,BTC,D,D,1,Expert-DAG,DML,Causal,2181.523279,1596.336134,162.5507,-0.0466
Bitcoin,BTC,D,D,1,Expert-DAG,VAR+Granger,Causal,2151.026701,1545.331679,166.6738,-0.0175
Bitcoin,BTC,D,D,1,Expert-DAG,IV-2SLS,Causal,2138.402773,1528.903903,174.2228,-0.0056
Bitcoin,BTC,D,D,5,Expert-DAG,CausalImpact,Causal,2147.196565,1541.014097,170.3604,-0.0117
Bitcoin,BTC,D,D,5,Expert-DAG,DML,Causal,2186.665869,1588.628648,159.9888,-0.0492
Bitcoin,BTC,D,D,5,Expert-DAG,VAR+Granger,Causal,2159.873374,1553.227254,174.2527,-0.0259
Bitcoin,BTC,D,D,5,Expert-DAG,IV-2SLS,Causal,2147.733853,1546.009539,174.768,-0.0122
Bitcoin,BTC,D,D,21,Expert-DAG,CausalImpact,Causal,2162.667169,1573.903112,171.0381,-0.0216
Bitcoin,BTC,D,D,21,Expert-DAG,DML,Causal,2226.189329,1632.343094,162.9947,-0.0825
Bitcoin,BTC,D,D,21,Expert-DAG,VAR+Granger,Causal,2136.8588,1535.267061,182.57,-0.0042
Bitcoin,BTC,D,D,21,Expert-DAG,IV-2SLS,Causal,2148.175319,1548.711441,172.3713,-0.008
Bitcoin,BTC,D,D,1,PC-DAG,CausalImpact,Causal,2144.528574,1541.162038,178.2367,-0.0114
Bitcoin,BTC,D,D,1,PC-DAG,DML,Causal,2167.729013,1572.032827,169.1966,-0.0334
Bitcoin,BTC,D,D,1,PC-DAG,VAR+Granger,Causal,2151.026701,1545.331679,166.6738,-0.0175
Bitcoin,BTC,D,D,1,PC-DAG,IV-2SLS,Causal,2138.402773,1528.903903,174.2228,-0.0056
Bitcoin,BTC,D,D,5,PC-DAG,CausalImpact,Causal,2151.771817,1549.903936,173.0554,-0.016
Bitcoin,BTC,D,D,5,PC-DAG,DML,Causal,2165.354526,1569.144114,165.9189,-0.0288
Bitcoin,BTC,D,D,5,PC-DAG,VAR+Granger,Causal,2159.873374,1553.227254,174.2527,-0.0259
Bitcoin,BTC,D,D,5,PC-DAG,IV-2SLS,Causal,2147.733853,1546.009539,174.768,-0.0122
Bitcoin,BTC,D,D,21,PC-DAG,CausalImpact,Causal,2153.361135,1562.470081,174.282,-0.0129
Bitcoin,BTC,D,D,21,PC-DAG,DML,Causal,2176.096297,1600.466049,167.0009,-0.0344
Bitcoin,BTC,D,D,21,PC-DAG,VAR+Granger,Causal,2136.8588,1535.267061,182.57,-0.0042
Bitcoin,BTC,D,D,21,PC-DAG,IV-2SLS,Causal,2148.175319,1548.711441,172.3713,-0.008
Ethereum,ETH,D,D,1,Heuristic-Z,CausalImpact,Causal,117.648702,80.873284,164.9044,-0.0591
Ethereum,ETH,D,D,1,Heuristic-Z,DML,Causal,124.913531,85.719915,153.0997,-0.1939
Ethereum,ETH,D,D,1,Heuristic-Z,VAR+Granger,Causal,116.777085,81.657276,160.3412,-0.0434
Ethereum,ETH,D,D,1,Heuristic-Z,IV-2SLS,Causal,115.446358,79.540947,170.2828,-0.0198
Ethereum,ETH,D,D,5,Heuristic-Z,CausalImpact,Causal,116.596281,79.745822,168.7407,-0.0396
Ethereum,ETH,D,D,5,Heuristic-Z,DML,Causal,124.471934,86.048378,156.5091,-0.1847
Ethereum,ETH,D,D,5,Heuristic-Z,VAR+Granger,Causal,115.645807,78.998541,168.5455,-0.0233
Ethereum,ETH,D,D,5,Heuristic-Z,IV-2SLS,Causal,115.007858,78.88086,168.9294,-0.0114
Ethereum,ETH,D,D,21,Heuristic-Z,CausalImpact,Causal,115.946051,79.990133,165.9853,-0.0221
Ethereum,ETH,D,D,21,Heuristic-Z,DML,Causal,120.716739,84.369805,155.715,-0.108
Ethereum,ETH,D,D,21,Heuristic-Z,VAR+Granger,Causal,114.407665,78.326655,184.4775,-0.0015
Ethereum,ETH,D,D,21,Heuristic-Z,IV-2SLS,Causal,114.674379,78.932046,172.2728,0.0002
Ethereum,ETH,D,D,1,Expert-DAG,CausalImpact,Causal,117.905108,80.763064,166.1543,-0.0637
Ethereum,ETH,D,D,1,Expert-DAG,DML,Causal,123.613457,84.816705,159.7337,-0.1692
Ethereum,ETH,D,D,1,Expert-DAG,VAR+Granger,Causal,115.366974,79.884191,163.565,-0.0184
Ethereum,ETH,D,D,1,Expert-DAG,IV-2SLS,Causal,115.446358,79.540947,170.2828,-0.0198
Ethereum,ETH,D,D,5,Expert-DAG,CausalImpact,Causal,116.698605,79.8773,164.5604,-0.0414
Ethereum,ETH,D,D,5,Expert-DAG,DML,Causal,121.763758,85.036512,154.1212,-0.1337
Ethereum,ETH,D,D,5,Expert-DAG,VAR+Granger,Causal,115.008719,78.870886,174.2183,-0.0121
Ethereum,ETH,D,D,5,Expert-DAG,IV-2SLS,Causal,115.007858,78.88086,168.9294,-0.0114
Ethereum,ETH,D,D,21,Expert-DAG,CausalImpact,Causal,115.63662,78.86792,165.277,-0.0167
Ethereum,ETH,D,D,21,Expert-DAG,DML,Causal,121.429503,83.836122,153.9448,-0.1211
Ethereum,ETH,D,D,21,Expert-DAG,VAR+Granger,Causal,114.406478,78.325543,184.5288,-0.0015
Ethereum,ETH,D,D,21,Expert-DAG,IV-2SLS,Causal,114.674379,78.932046,172.2728,0.0002
Ethereum,ETH,D,D,1,PC-DAG,CausalImpact,Causal,116.948762,79.651242,169.4443,-0.0465
Ethereum,ETH,D,D,1,PC-DAG,DML,Causal,125.242769,83.593499,158.31,-0.2002
Ethereum,ETH,D,D,1,PC-DAG,VAR+Granger,Causal,115.366974,79.884191,163.565,-0.0184
Ethereum,ETH,D,D,1,PC-DAG,IV-2SLS,Causal,115.446358,79.540947,170.2828,-0.0198
Ethereum,ETH,D,D,5,PC-DAG,CausalImpact,Causal,116.636312,79.882016,170.0009,-0.0403
Ethereum,ETH,D,D,5,PC-DAG,DML,Causal,121.614277,83.846664,156.4919,-0.131
Ethereum,ETH,D,D,5,PC-DAG,VAR+Granger,Causal,115.008719,78.870886,174.2183,-0.0121
Ethereum,ETH,D,D,5,PC-DAG,IV-2SLS,Causal,115.007858,78.88086,168.9294,-0.0114
Ethereum,ETH,D,D,21,PC-DAG,CausalImpact,Causal,115.495831,79.212569,166.3448,-0.0142
Ethereum,ETH,D,D,21,PC-DAG,DML,Causal,118.497681,82.89298,154.7268,-0.0676
Ethereum,ETH,D,D,21,PC-DAG,VAR+Granger,Causal,114.406478,78.325543,184.5288,-0.0015
Ethereum,ETH,D,D,21,PC-DAG,IV-2SLS,Causal,114.674379,78.932046,172.2728,0.0002
WTI Oil,WTI_oil,A,D,1,Baseline (no Z),ARIMA,Baseline,1.917074,1.280733,165.6444,-0.035
WTI Oil,WTI_oil,A,D,1,Baseline (no Z),Prophet,Baseline,10.965423,8.905863,,-0.4146
WTI Oil,WTI_oil,A,D,1,Baseline (no Z),RandomForest,Baseline,1.902724,1.288935,182.3321,-0.0168
WTI Oil,WTI_oil,A,D,1,Baseline (no Z),LSTM,Baseline,5.106084,4.076209,5.6038,0.6933
WTI Oil,WTI_oil,A,D,5,Baseline (no Z),ARIMA,Baseline,1.917689,1.280685,165.6477,-0.0351
WTI Oil,WTI_oil,A,D,5,Baseline (no Z),Prophet,Baseline,10.991987,8.94454,,-0.4185
WTI Oil,WTI_oil,A,D,5,Baseline (no Z),RandomForest,Baseline,1.880781,1.266786,179.3721,0.0066
WTI Oil,WTI_oil,A,D,5,Baseline (no Z),LSTM,Baseline,5.92327,4.750075,6.5842,0.5881
WTI Oil,WTI_oil,A,D,21,Baseline (no Z),ARIMA,Baseline,1.921834,1.284012,165.8366,-0.0353
WTI Oil,WTI_oil,A,D,21,Baseline (no Z),Prophet,Baseline,11.082909,9.048578,,-0.4253
WTI Oil,WTI_oil,A,D,21,Baseline (no Z),RandomForest,Baseline,1.895452,1.255188,175.3939,-0.0055
WTI Oil,WTI_oil,A,D,21,Baseline (no Z),LSTM,Baseline,13.165178,10.606772,14.0758,-1.0112
Nat.Gas,NatGas,A,D,1,Baseline (no Z),ARIMA,Baseline,0.41237,0.284123,9.3001,0.6964
Nat.Gas,NatGas,A,D,1,Baseline (no Z),Prophet,Baseline,6.829486,6.744382,,-82.2801
Nat.Gas,NatGas,A,D,1,Baseline (no Z),RandomForest,Baseline,0.320291,0.194156,6.2884,0.8172
Nat.Gas,NatGas,A,D,1,Baseline (no Z),LSTM,Baseline,0.363959,0.293577,10.0252,0.7635
Nat.Gas,NatGas,A,D,5,Baseline (no Z),ARIMA,Baseline,0.409769,0.282779,9.2703,0.7004
Nat.Gas,NatGas,A,D,5,Baseline (no Z),Prophet,Baseline,6.839484,6.756328,,-82.2873
Nat.Gas,NatGas,A,D,5,Baseline (no Z),RandomForest,Baseline,0.456484,0.295602,9.5758,0.6286
Nat.Gas,NatGas,A,D,5,Baseline (no Z),LSTM,Baseline,0.680695,0.523422,16.0379,0.175
Nat.Gas,NatGas,A,D,21,Baseline (no Z),ARIMA,Baseline,0.403764,0.278883,9.1794,0.7101
Nat.Gas,NatGas,A,D,21,Baseline (no Z),Prophet,Baseline,6.873568,6.795324,,-81.8994
Nat.Gas,NatGas,A,D,21,Baseline (no Z),RandomForest,Baseline,0.707112,0.519069,16.7258,0.1122
Nat.Gas,NatGas,A,D,21,Baseline (no Z),LSTM,Baseline,2.542253,2.3764,57.3605,-10.3403
Gold,Gold,A,D,1,Baseline (no Z),ARIMA,Baseline,48.663975,27.114381,157.4137,-0.0649
Gold,Gold,A,D,1,Baseline (no Z),Prophet,Baseline,1262.874384,952.838931,,-0.8491
Gold,Gold,A,D,1,Baseline (no Z),RandomForest,Baseline,47.479136,26.893012,178.7166,-0.0103
Gold,Gold,A,D,1,Baseline (no Z),LSTM,Baseline,917.433499,747.487593,27.5665,0.0241
Gold,Gold,A,D,5,Baseline (no Z),ARIMA,Baseline,48.689203,27.124497,157.4355,-0.0649
Gold,Gold,A,D,5,Baseline (no Z),Prophet,Baseline,1265.8859,956.606994,,-0.8572
Gold,Gold,A,D,5,Baseline (no Z),RandomForest,Baseline,47.540716,26.945165,180.4725,-0.0129
Gold,Gold,A,D,5,Baseline (no Z),LSTM,Baseline,917.893637,750.091359,27.6719,0.0235
Gold,Gold,A,D,21,Baseline (no Z),ARIMA,Baseline,48.801912,27.207895,157.5379,-0.0649
Gold,Gold,A,D,21,Baseline (no Z),Prophet,Baseline,1278.261943,972.849261,,-0.8923
Gold,Gold,A,D,21,Baseline (no Z),RandomForest,Baseline,47.615476,27.009833,178.9891,-0.0113
Gold,Gold,A,D,21,Baseline (no Z),LSTM,Baseline,1038.885864,857.942361,32.3823,-0.2499
EUR/USD,EURUSD,B,D,1,Baseline (no Z),ARIMA,Baseline,0.004929,0.003673,198.8038,-0.0003
EUR/USD,EURUSD,B,D,1,Baseline (no Z),Prophet,Baseline,0.112945,0.090234,,-6.159
EUR/USD,EURUSD,B,D,1,Baseline (no Z),RandomForest,Baseline,0.003393,0.002296,81.4577,0.5269
EUR/USD,EURUSD,B,D,1,Baseline (no Z),LSTM,Baseline,0.015891,0.014266,1.2915,0.8583
EUR/USD,EURUSD,B,D,5,Baseline (no Z),ARIMA,Baseline,0.004931,0.003673,198.8024,-0.0003
EUR/USD,EURUSD,B,D,5,Baseline (no Z),Prophet,Baseline,0.113209,0.090616,,-6.1903
EUR/USD,EURUSD,B,D,5,Baseline (no Z),RandomForest,Baseline,0.004929,0.003665,182.4991,0.0024
EUR/USD,EURUSD,B,D,5,Baseline (no Z),LSTM,Baseline,0.029337,0.026128,2.3742,0.5171
EUR/USD,EURUSD,B,D,21,Baseline (no Z),ARIMA,Baseline,0.00494,0.003681,198.7966,-0.0002
EUR/USD,EURUSD,B,D,21,Baseline (no Z),Prophet,Baseline,0.114227,0.091827,,-6.2337
EUR/USD,EURUSD,B,D,21,Baseline (no Z),RandomForest,Baseline,0.004946,0.003692,182.0032,-0.0016
EUR/USD,EURUSD,B,D,21,Baseline (no Z),LSTM,Baseline,0.036269,0.029477,2.6678,0.2707
GBP/USD,GBPUSD,B,D,1,Baseline (no Z),ARIMA,Baseline,0.005851,0.004516,199.2823,-0.0004
GBP/USD,GBPUSD,B,D,1,Baseline (no Z),Prophet,Baseline,0.059114,0.047468,,-0.7178
GBP/USD,GBPUSD,B,D,1,Baseline (no Z),RandomForest,Baseline,0.004471,0.003377,108.0659,0.4154
GBP/USD,GBPUSD,B,D,1,Baseline (no Z),LSTM,Baseline,0.022083,0.018675,1.4622,0.7603
GBP/USD,GBPUSD,B,D,5,Baseline (no Z),ARIMA,Baseline,0.005848,0.004512,199.2814,-0.0003
GBP/USD,GBPUSD,B,D,5,Baseline (no Z),Prophet,Baseline,0.059185,0.047529,,-0.74
GBP/USD,GBPUSD,B,D,5,Baseline (no Z),RandomForest,Baseline,0.005873,0.004519,181.1242,-0.0085
GBP/USD,GBPUSD,B,D,5,Baseline (no Z),LSTM,Baseline,0.060322,0.055087,4.3431,-0.8076
GBP/USD,GBPUSD,B,D,21,Baseline (no Z),ARIMA,Baseline,0.005855,0.004516,199.278,-0.0003
GBP/USD,GBPUSD,B,D,21,Baseline (no Z),Prophet,Baseline,0.059472,0.047906,,-0.7885
GBP/USD,GBPUSD,B,D,21,Baseline (no Z),RandomForest,Baseline,0.0059,0.004546,174.1869,-0.0155
GBP/USD,GBPUSD,B,D,21,Baseline (no Z),LSTM,Baseline,0.047141,0.039686,3.1135,-0.1237
USD/JPY,USDJPY,B,D,1,Baseline (no Z),ARIMA,Baseline,0.904634,0.674925,198.8038,-0.0017
USD/JPY,USDJPY,B,D,1,Baseline (no Z),Prophet,Baseline,7.590895,6.515603,,-0.0188
USD/JPY,USDJPY,B,D,1,Baseline (no Z),RandomForest,Baseline,0.830464,0.616112,140.5215,0.1578
USD/JPY,USDJPY,B,D,1,Baseline (no Z),LSTM,Baseline,31.59263,28.804979,17.1974,-16.6471
USD/JPY,USDJPY,B,D,5,Baseline (no Z),ARIMA,Baseline,0.905174,0.675685,198.8024,-0.0017
USD/JPY,USDJPY,B,D,5,Baseline (no Z),Prophet,Baseline,7.600455,6.522143,,-0.0408
USD/JPY,USDJPY,B,D,5,Baseline (no Z),RandomForest,Baseline,0.915053,0.687174,178.8614,-0.0214
USD/JPY,USDJPY,B,D,5,Baseline (no Z),LSTM,Baseline,30.896396,27.694926,16.5309,-16.1989
USD/JPY,USDJPY,B,D,21,Baseline (no Z),ARIMA,Baseline,0.905619,0.675744,198.7966,-0.0015
USD/JPY,USDJPY,B,D,21,Baseline (no Z),Prophet,Baseline,7.619964,6.524664,,-0.1575
USD/JPY,USDJPY,B,D,21,Baseline (no Z),RandomForest,Baseline,0.914377,0.681563,173.0293,-0.02
USD/JPY,USDJPY,B,D,21,Baseline (no Z),LSTM,Baseline,19.054252,16.017093,9.9135,-6.2379
CPI,CPI,C,ME,1,Baseline (no Z),ARIMA,Baseline,0.404415,0.337135,59.5175,0.0102
CPI,CPI,C,ME,1,Baseline (no Z),Prophet,Baseline,29.057489,25.657784,,-11.457
CPI,CPI,C,ME,1,Baseline (no Z),RandomForest,Baseline,0.482944,0.408282,75.3493,-0.3691
CPI,CPI,C,ME,1,Baseline (no Z),LSTM,Baseline,6.023252,5.814887,1.8524,0.3623
CPI,CPI,C,ME,3,Baseline (no Z),ARIMA,Baseline,0.409516,0.34279,60.6984,-0.006
CPI,CPI,C,ME,3,Baseline (no Z),Prophet,Baseline,29.806272,26.878547,,-13.6739
CPI,CPI,C,ME,3,Baseline (no Z),RandomForest,Baseline,0.468374,0.385612,73.1839,-0.251
CPI,CPI,C,ME,3,Baseline (no Z),LSTM,Baseline,6.547772,6.247743,1.9858,0.1438
CPI,CPI,C,ME,6,Baseline (no Z),ARIMA,Baseline,0.409712,0.34302,60.7878,-0.007
CPI,CPI,C,ME,6,Baseline (no Z),Prophet,Baseline,31.010466,28.689698,,-18.2048
CPI,CPI,C,ME,6,Baseline (no Z),RandomForest,Baseline,0.401339,0.326673,60.8176,0.0815
CPI,CPI,C,ME,6,Baseline (no Z),LSTM,Baseline,6.65503,6.607424,2.1014,-0.098
IndProd,IndProd,C,ME,1,Baseline (no Z),ARIMA,Baseline,0.627251,0.511515,0.5084,0.4538
IndProd,IndProd,C,ME,1,Baseline (no Z),Prophet,Baseline,1.78213,1.343158,,-3.7247
IndProd,IndProd,C,ME,1,Baseline (no Z),RandomForest,Baseline,0.763764,0.631258,0.626,0.2303
IndProd,IndProd,C,ME,1,Baseline (no Z),LSTM,Baseline,1.130316,0.954508,0.9475,-0.7737
IndProd,IndProd,C,ME,3,Baseline (no Z),ARIMA,Baseline,0.633436,0.521005,0.5178,0.4555
IndProd,IndProd,C,ME,3,Baseline (no Z),Prophet,Baseline,1.818708,1.375696,,-3.7139
IndProd,IndProd,C,ME,3,Baseline (no Z),RandomForest,Baseline,1.195002,0.944308,0.9385,-0.8741
IndProd,IndProd,C,ME,3,Baseline (no Z),LSTM,Baseline,1.087431,0.851212,0.8442,-0.5602
IndProd,IndProd,C,ME,6,Baseline (no Z),ARIMA,Baseline,0.630983,0.522528,0.5192,0.4597
IndProd,IndProd,C,ME,6,Baseline (no Z),Prophet,Baseline,1.879102,1.435099,,-3.6588
IndProd,IndProd,C,ME,6,Baseline (no Z),RandomForest,Baseline,1.011627,0.74778,0.7428,-0.3431
IndProd,IndProd,C,ME,6,Baseline (no Z),LSTM,Baseline,1.198894,0.938604,0.9311,-0.7758
UMCSENT,UMCSENT,C,ME,1,Baseline (no Z),ARIMA,Baseline,4.182202,3.232432,183.7838,-0.0012
UMCSENT,UMCSENT,C,ME,1,Baseline (no Z),Prophet,Baseline,17.207066,15.465263,,-3.8921
UMCSENT,UMCSENT,C,ME,1,Baseline (no Z),RandomForest,Baseline,4.112621,3.062103,153.1122,0.0483
UMCSENT,UMCSENT,C,ME,1,Baseline (no Z),LSTM,Baseline,6.868099,5.524312,8.5991,0.2753
UMCSENT,UMCSENT,C,ME,3,Baseline (no Z),ARIMA,Baseline,4.230412,3.275,183.3333,-0.0022
UMCSENT,UMCSENT,C,ME,3,Baseline (no Z),Prophet,Baseline,17.562638,15.888522,,-3.8564
UMCSENT,UMCSENT,C,ME,3,Baseline (no Z),RandomForest,Baseline,3.988866,2.970945,150.7262,0.0884
UMCSENT,UMCSENT,C,ME,3,Baseline (no Z),LSTM,Baseline,7.657299,6.390648,9.95,0.1375
UMCSENT,UMCSENT,C,ME,6,Baseline (no Z),ARIMA,Baseline,4.230412,3.275,183.3333,-0.0022
UMCSENT,UMCSENT,C,ME,6,Baseline (no Z),Prophet,Baseline,18.290839,17.095697,,-3.9212
UMCSENT,UMCSENT,C,ME,6,Baseline (no Z),RandomForest,Baseline,4.114924,3.123511,165.9128,0.0299
UMCSENT,UMCSENT,C,ME,6,Baseline (no Z),LSTM,Baseline,7.902537,6.734107,10.5604,0.1313
Bitcoin,BTC,D,D,1,Baseline (no Z),ARIMA,Baseline,2135.585438,1535.133643,177.8988,-0.003
Bitcoin,BTC,D,D,1,Baseline (no Z),Prophet,Baseline,13633.305652,10272.952158,,0.6144
Bitcoin,BTC,D,D,1,Baseline (no Z),RandomForest,Baseline,2152.670873,1547.830265,172.3683,-0.0149
Bitcoin,BTC,D,D,1,Baseline (no Z),LSTM,Baseline,12495.191701,10050.393309,10.5315,0.3734
Bitcoin,BTC,D,D,5,Baseline (no Z),ARIMA,Baseline,2138.069942,1538.348278,178.0905,-0.0031
Bitcoin,BTC,D,D,5,Baseline (no Z),Prophet,Baseline,13661.337873,10298.032001,,0.6087
Bitcoin,BTC,D,D,5,Baseline (no Z),RandomForest,Baseline,2149.681907,1548.355983,170.69,-0.0121
Bitcoin,BTC,D,D,5,Baseline (no Z),LSTM,Baseline,16060.577693,13296.415795,13.6125,-0.0283
Bitcoin,BTC,D,D,21,Baseline (no Z),ARIMA,Baseline,2142.495915,1541.737086,178.2104,-0.0027
Bitcoin,BTC,D,D,21,Baseline (no Z),Prophet,Baseline,13787.564424,10449.957828,,0.5828
Bitcoin,BTC,D,D,21,Baseline (no Z),RandomForest,Baseline,2145.116149,1550.41824,167.4581,-0.0008
Bitcoin,BTC,D,D,21,Baseline (no Z),LSTM,Baseline,37884.555613,32089.933219,29.3174,-4.5271
Ethereum,ETH,D,D,1,Baseline (no Z),ARIMA,Baseline,114.605548,78.359525,179.679,-0.005
Ethereum,ETH,D,D,1,Baseline (no Z),Prophet,Baseline,1522.538053,1449.835323,,-2.8335
Ethereum,ETH,D,D,1,Baseline (no Z),RandomForest,Baseline,115.926074,79.027459,164.7028,-0.0254
Ethereum,ETH,D,D,1,Baseline (no Z),LSTM,Baseline,596.287453,518.321958,19.0755,0.5246
Ethereum,ETH,D,D,5,Baseline (no Z),ARIMA,Baseline,114.656546,78.33351,179.6782,-0.0053
Ethereum,ETH,D,D,5,Baseline (no Z),Prophet,Baseline,1527.131498,1456.54773,,-2.8348
Ethereum,ETH,D,D,5,Baseline (no Z),RandomForest,Baseline,115.921742,79.203493,166.2625,-0.0253
Ethereum,ETH,D,D,5,Baseline (no Z),LSTM,Baseline,794.599841,730.785456,25.1203,0.1619
Ethereum,ETH,D,D,21,Baseline (no Z),ARIMA,Baseline,114.983091,78.628971,179.8439,-0.0052
Ethereum,ETH,D,D,21,Baseline (no Z),Prophet,Baseline,1542.676603,1475.874506,,-2.8293
Ethereum,ETH,D,D,21,Baseline (no Z),RandomForest,Baseline,114.499638,78.542815,164.1787,0.0056
Ethereum,ETH,D,D,21,Baseline (no Z),LSTM,Baseline,900.260165,785.020816,27.1751,-0.0392
